timeStamp,elapsed,label,responseCode,responseMessage,threadName,dataType,success,failureMessage,bytes,grpThreads,allThreads,Latency
1784745173710,321,GET /api/boats,200,OK,500 Utilisateurs simultanees 1-3,text,true,,17251,21,21,310
1784745173769,262,GET /api/boats,200,OK,500 Utilisateurs simultanees 1-6,text,true,,17251,21,21,252
1784745173709,321,GET /api/boats,200,OK,500 Utilisateurs simultanees 1-7,text,true,,17251,21,21,310
1784745174026,27,GET /api/boats,200,OK,500 Utilisateurs simultanees 1-5,text,true,,17251,21,21,27
1784745174029,30,GET /api/boats,200,OK,500 Utilisateurs simultanees 1-12,text,true,,17251,21,21,30
1784745173839,237,GET /api/boats,200,OK,500 Utilisateurs simultanees 1-9,text,true,,17251,21,21,237
1784745174099,24,GET /api/boats,200,OK,500 Utilisateurs simultanees 1-1,text,true,,17251,22,22,24
1784745174186,41,GET /api/boats,200,OK,500 Utilisateurs simultanees 1-4,text,true,,17251,23,23,40
1784745174621,38,GET /api/boats,200,OK,500 Utilisateurs simultanees 1-2,text,true,,17251,26,26,38
1784745174959,33,GET /api/boats,200,OK,500 Utilisateurs simultanees 1-8,text,true,,17251,29,29,33
1784745175003,21,GET /api/boats,200,OK,500 Utilisateurs simultanees 1-13,text,true,,17251,29,29,21
1784745175019,24,GET /api/boats,200,OK,500 Utilisateurs simultanees 1-11,text,true,,17251,29,29,24
1784745175122,17,GET /api/boats,200,OK,500 Utilisateurs simultanees 1-16,text,true,,17251,30,30,16
1784745175198,22,GET /api/boats/1,200,OK,500 Utilisateurs simultanees 1-6,text,true,,1788,31,31,22
1784745175294,23,GET /api/boats/1,200,OK,500 Utilisateurs simultanees 1-12,text,true,,1788,32,32,23
1784745175440,36,GET /api/boats,200,OK,500 Utilisateurs simultanees 1-14,text,true,,17251,33,33,36
1784745175448,31,GET /api/boats,200,OK,500 Utilisateurs simultanees 1-10,text,true,,17251,33,33,31
1784745175455,30,GET /api/boats,200,OK,500 Utilisateurs simultanees 1-18,text,true,,17251,33,33,30
1784745175524,6,GET /api/boats/1,200,OK,500 Utilisateurs simultanees 1-3,text,true,,1788,33,33,6
1784745175576,17,GET /api/boats,200,OK,500 Utilisateurs simultanees 1-15,text,true,,17251,34,34,16
1784745175634,20,GET /api/boats/1,200,OK,500 Utilisateurs simultanees 1-9,text,true,,1788,34,34,20
1784745175747,20,GET /api/boats/1,200,OK,500 Utilisateurs simultanees 1-5,text,true,,1788,35,35,20
1784745175908,19,GET /api/boats/1,200,OK,500 Utilisateurs simultanees 1-7,text,true,,1788,37,37,18
1784745175931,40,GET /api/boats,200,OK,500 Utilisateurs simultanees 1-17,text,true,,17251,37,37,40
1784745176022,41,GET /api/boats,200,OK,500 Utilisateurs simultanees 1-19,text,true,,17251,38,38,41
1784745176056,51,GET /api/boats,200,OK,500 Utilisateurs simultanees 1-22,text,true,,17251,38,38,50
1784745176263,19,GET /api/boats/1,200,OK,500 Utilisateurs simultanees 1-16,text,true,,1788,40,40,19
1784745176444,18,GET /api/boats/1,200,OK,500 Utilisateurs simultanees 1-8,text,true,,1788,41,41,18
1784745176456,53,GET /api/boats,200,OK,500 Utilisateurs simultanees 1-20,text,true,,17251,42,42,53
1784745176465,55,GET /api/boats,200,OK,500 Utilisateurs simultanees 1-30,text,true,,17251,42,42,54
1784745176631,40,GET /api/boats,200,OK,500 Utilisateurs simultanees 1-23,text,true,,17251,43,43,40
1784745176694,20,GET /api/boats/1,200,OK,500 Utilisateurs simultanees 1-1,text,true,,1788,43,43,20
1784745176753,40,GET /api/boats,200,OK,500 Utilisateurs simultanees 1-21,text,true,,17251,44,44,39
1784745176772,41,GET /api/boats,200,OK,500 Utilisateurs simultanees 1-35,text,true,,17251,44,44,40
1784745176887,17,GET /api/boats/1,200,OK,500 Utilisateurs simultanees 1-2,text,true,,1788,45,45,17
1784745176962,25,GET /api/articles,200,OK,500 Utilisateurs simultanees 1-6,text,true,,9312,46,46,25
1784745176986,50,GET /api/boats,200,OK,500 Utilisateurs simultanees 1-24,text,true,,17251,46,46,50
1784745177061,12,GET /api/articles,200,OK,500 Utilisateurs simultanees 1-12,text,true,,9312,46,46,11
1784745177069,44,GET /api/boats,200,OK,500 Utilisateurs simultanees 1-26,text,true,,17251,47,47,43
1784745177202,14,GET /api/articles,200,OK,500 Utilisateurs simultanees 1-9,text,true,,9312,47,47,14
1784745177203,48,GET /api/boats,200,OK,500 Utilisateurs simultanees 1-27,text,true,,17251,48,48,47
1784745177221,41,GET /api/boats/1,200,OK,500 Utilisateurs simultanees 1-4,text,true,,1788,48,48,41
1784745177242,29,GET /api/boats/1,200,OK,500 Utilisateurs simultanees 1-13,text,true,,1788,48,48,29
1784745177264,53,GET /api/boats,200,OK,500 Utilisateurs simultanees 1-25,text,true,,17251,48,48,52
1784745177296,47,GET /api/boats,200,OK,500 Utilisateurs simultanees 1-33,text,true,,17251,49,49,47
1784745177312,41,GET /api/boats,200,OK,500 Utilisateurs simultanees 1-28,text,true,,17251,49,49,41
1784745177336,23,GET /api/boats/1,200,OK,500 Utilisateurs simultanees 1-11,text,true,,1788,49,49,23
1784745177479,17,GET /api/boats/1,200,OK,500 Utilisateurs simultanees 1-14,text,true,,1788,50,50,17
1784745177598,17,GET /api/boats/1,200,OK,500 Utilisateurs simultanees 1-18,text,true,,1788,51,51,17
1784745177649,14,GET /api/boats/1,200,OK,500 Utilisateurs simultanees 1-15,text,true,,1788,51,51,14
1784745177648,51,GET /api/boats,200,OK,500 Utilisateurs simultanees 1-36,text,true,,17251,51,51,50
1784745177656,48,GET /api/boats,200,OK,500 Utilisateurs simultanees 1-39,text,true,,17251,52,52,48
1784745177676,33,GET /api/articles,200,OK,500 Utilisateurs simultanees 1-5,text,true,,9312,52,52,33
1784745177749,15,GET /api/articles,200,OK,500 Utilisateurs simultanees 1-7,text,true,,9312,52,52,15
1784745177748,39,GET /api/boats,200,OK,500 Utilisateurs simultanees 1-41,text,true,,17251,52,52,39
1784745177758,39,GET /api/boats,200,OK,500 Utilisateurs simultanees 1-29,text,true,,17251,52,52,39
1784745177781,18,GET /api/articles,200,OK,500 Utilisateurs simultanees 1-8,text,true,,9312,52,52,18
1784745177765,37,GET /api/boats,200,OK,500 Utilisateurs simultanees 1-34,text,true,,17251,52,52,37
1784745177881,15,GET /api/boats,200,OK,500 Utilisateurs simultanees 1-32,text,true,,17251,53,53,15
1784745177957,24,GET /api/boats,200,OK,500 Utilisateurs simultanees 1-31,text,true,,17251,54,54,24
1784745178063,11,GET /api/boats,200,OK,500 Utilisateurs simultanees 1-6,text,true,,17251,55,55,11
1784745178080,7,GET /api/articles,200,OK,500 Utilisateurs simultanees 1-3,text,true,,9312,55,55,7
1784745178086,10,GET /api/boats/1,200,OK,500 Utilisateurs simultanees 1-22,text,true,,1788,55,55,10
1784745178094,20,GET /api/boats,200,OK,500 Utilisateurs simultanees 1-38,text,true,,17251,55,55,20
1784745178153,19,GET /api/boats,200,OK,500 Utilisateurs simultanees 1-40,text,true,,17251,55,55,19
1784745178235,22,GET /api/boats/1,200,OK,500 Utilisateurs simultanees 1-26,text,true,,1788,56,56,21
1784745178236,28,GET /api/boats/1,200,OK,500 Utilisateurs simultanees 1-17,text,true,,1788,56,56,28
1784745178343,20,GET /api/boats/1,200,OK,500 Utilisateurs simultanees 1-10,text,true,,1788,57,57,20
1784745178400,45,GET /api/boats,200,OK,500 Utilisateurs simultanees 1-37,text,true,,17251,58,58,45
1784745178420,49,GET /api/boats,200,OK,500 Utilisateurs simultanees 1-43,text,true,,17251,58,58,49
1784745178480,24,GET /api/boats/1,200,OK,500 Utilisateurs simultanees 1-19,text,true,,1788,58,58,23
1784745178522,50,GET /api/boats,200,OK,500 Utilisateurs simultanees 1-49,text,true,,17251,59,59,49
1784745178584,15,GET /api/boats/1,200,OK,500 Utilisateurs simultanees 1-35,text,true,,1788,59,59,15
1784745178589,16,GET /api/boats/1,200,OK,500 Utilisateurs simultanees 1-21,text,true,,1788,59,59,16
1784745178637,9,GET /api/boats/1,200,OK,500 Utilisateurs simultanees 1-20,text,true,,1788,59,59,9
1784745178667,19,GET /api/boats,200,OK,500 Utilisateurs simultanees 1-47,text,true,,17251,60,60,19
1784745178696,13,GET /api/boats/1,200,OK,500 Utilisateurs simultanees 1-25,text,true,,1788,60,60,13
1784745178702,11,GET /api/boats/1,200,OK,500 Utilisateurs simultanees 1-33,text,true,,1788,60,60,11
1784745178733,11,GET /api/boats/1,200,OK,500 Utilisateurs simultanees 1-36,text,true,,1788,60,60,11
1784745178899,32,GET /api/boats,200,OK,500 Utilisateurs simultanees 1-5,text,true,,17251,62,62,31
1784745179123,70,GET /api/boats,200,OK,500 Utilisateurs simultanees 1-51,text,true,,17251,64,64,70
1784745179148,51,GET /api/articles,200,OK,500 Utilisateurs simultanees 1-16,text,true,,9312,64,64,50
1784745179153,54,GET /api/boats/1,200,OK,500 Utilisateurs simultanees 1-29,text,true,,1788,64,64,54
1784745179211,26,GET /api/boats,200,OK,500 Utilisateurs simultanees 1-50,text,true,,17251,64,64,26
1784745179226,19,GET /api/boats,200,OK,500 Utilisateurs simultanees 1-52,text,true,,17251,64,64,19
1784745179236,19,GET /api/boats,200,OK,500 Utilisateurs simultanees 1-42,text,true,,17251,64,64,19
1784745179269,4,GET /api/articles,200,OK,500 Utilisateurs simultanees 1-4,text,true,,9312,65,65,4
1784745179282,5,GET /api/articles,200,OK,500 Utilisateurs simultanees 1-2,text,true,,9312,65,65,5
1784745179290,14,GET /api/boats,200,OK,500 Utilisateurs simultanees 1-54,text,true,,17251,65,65,14
1784745179322,11,GET /api/boats/1,200,OK,500 Utilisateurs simultanees 1-31,text,true,,1788,65,65,10
1784745179333,6,GET /api/articles,200,OK,500 Utilisateurs simultanees 1-18,text,true,,9312,65,65,5
1784745179343,11,GET /api/boats/1,200,OK,500 Utilisateurs simultanees 1-27,text,true,,1788,65,65,11
1784745179377,24,GET /api/boats,200,OK,500 Utilisateurs simultanees 1-45,text,true,,17251,66,66,24
1784745179387,23,GET /api/boats,200,OK,500 Utilisateurs simultanees 1-9,text,true,,17251,66,66,23
1784745179408,13,GET /api/boats/1,200,OK,500 Utilisateurs simultanees 1-30,text,true,,1788,66,66,13
1784745179438,15,GET /api/boats,200,OK,500 Utilisateurs simultanees 1-57,text,true,,17251,66,66,15
1784745179451,15,GET /api/boats,200,OK,500 Utilisateurs simultanees 1-7,text,true,,17251,66,66,15
1784745179492,9,GET /api/boats/1,200,OK,500 Utilisateurs simultanees 1-24,text,true,,1788,67,67,9
1784745179501,5,GET /api/articles,200,OK,500 Utilisateurs simultanees 1-1,text,true,,9312,67,67,5
1784745179510,15,GET /api/boats,200,OK,500 Utilisateurs simultanees 1-48,text,true,,17251,67,67,15
1784745179524,9,GET /api/boats/1,200,OK,500 Utilisateurs simultanees 1-23,text,true,,1788,67,67,9
1784745179554,8,GET /api/boats/1,200,OK,500 Utilisateurs simultanees 1-6,text,true,,1788,67,67,8
1784745179567,22,GET /api/boats,200,OK,500 Utilisateurs simultanees 1-58,text,true,,17251,67,67,22
1784745179574,19,GET /api/boats,200,OK,500 Utilisateurs simultanees 1-8,text,true,,17251,67,67,19
1784745179615,6,GET /api/articles,200,OK,500 Utilisateurs simultanees 1-26,text,true,,9312,68,68,6
1784745179629,10,GET /api/boats/1,200,OK,500 Utilisateurs simultanees 1-32,text,true,,1788,68,68,10
1784745179651,8,GET /api/boats/1,200,OK,500 Utilisateurs simultanees 1-37,text,true,,1788,68,68,8
1784745179661,8,GET /api/articles,200,OK,500 Utilisateurs simultanees 1-15,text,true,,9312,68,68,8
1784745179657,21,GET /api/boats,200,OK,500 Utilisateurs simultanees 1-44,text,true,,17251,68,68,21
1784745179677,19,GET /api/boats,200,OK,500 Utilisateurs simultanees 1-3,text,true,,17251,68,68,19
1784745179678,23,GET /api/boats,200,OK,500 Utilisateurs simultanees 1-12,text,true,,17251,68,68,23
1784745179783,11,GET /api/articles,200,OK,500 Utilisateurs simultanees 1-11,text,true,,9312,69,69,10
1784745179832,10,GET /api/articles,200,OK,500 Utilisateurs simultanees 1-25,text,true,,9312,69,69,10
1784745179880,10,GET /api/articles,200,OK,500 Utilisateurs simultanees 1-14,text,true,,9312,70,70,10
1784745179923,40,GET /api/boats,200,OK,500 Utilisateurs simultanees 1-56,text,true,,17251,70,70,39
1784745179938,30,GET /api/boats/1,200,OK,500 Utilisateurs simultanees 1-39,text,true,,1788,70,70,30
1784745179939,47,GET /api/boats,200,OK,500 Utilisateurs simultanees 1-46,text,true,,17251,71,71,47
1784745179997,26,GET /api/boats/1,200,OK,500 Utilisateurs simultanees 1-40,text,true,,1788,71,71,26
1784745180063,13,GET /api/articles,200,OK,500 Utilisateurs simultanees 1-22,text,true,,9312,71,71,13
1784745180064,15,GET /api/articles,200,OK,500 Utilisateurs simultanees 1-10,text,true,,9312,71,71,15
1784745180115,9,GET /api/boats/1,200,OK,500 Utilisateurs simultanees 1-34,text,true,,1788,72,72,9
1784745180138,10,GET /api/boats/1,200,OK,500 Utilisateurs simultanees 1-41,text,true,,1788,72,72,10
1784745180147,9,GET /api/articles,200,OK,500 Utilisateurs simultanees 1-33,text,true,,9312,72,72,9
1784745180179,16,GET /api/articles,200,OK,500 Utilisateurs simultanees 1-20,text,true,,9312,72,72,16
1784745180178,20,GET /api/boats/1,200,OK,500 Utilisateurs simultanees 1-28,text,true,,1788,72,72,20
1784745180238,12,GET /api/boats/1,200,OK,500 Utilisateurs simultanees 1-5,text,true,,1788,73,73,12
1784745180237,16,GET /api/boats,200,OK,500 Utilisateurs simultanees 1-59,text,true,,17251,73,73,16
1784745180268,4,GET /api/articles,200,OK,500 Utilisateurs simultanees 1-13,text,true,,9312,73,73,4
1784745180296,10,GET /api/boats/1,200,OK,500 Utilisateurs simultanees 1-42,text,true,,1788,73,73,10
1784745180363,25,GET /api/boats/1,200,OK,500 Utilisateurs simultanees 1-47,text,true,,1788,74,74,25
1784745180350,45,GET /api/boats,200,OK,500 Utilisateurs simultanees 1-63,text,true,,17251,74,74,44
1784745180411,40,GET /api/boats,200,OK,500 Utilisateurs simultanees 1-53,text,true,,17251,74,74,40
1784745180447,14,GET /api/articles,200,OK,500 Utilisateurs simultanees 1-17,text,true,,9312,75,75,13
1784745180572,14,GET /api/articles,200,OK,500 Utilisateurs simultanees 1-29,text,true,,9312,76,76,14
1784745180592,37,GET /api/boats/1,200,OK,500 Utilisateurs simultanees 1-38,text,true,,1788,76,76,37
1784745180627,18,GET /api/boats,200,OK,500 Utilisateurs simultanees 1-64,text,true,,17251,76,76,18
1784745180674,14,GET /api/articles,200,OK,500 Utilisateurs simultanees 1-21,text,true,,9312,76,76,14
1784745180688,17,GET /api/boats/1,200,OK,500 Utilisateurs simultanees 1-50,text,true,,1788,77,77,17
1784745180693,18,GET /api/boats,200,OK,500 Utilisateurs simultanees 1-2,text,true,,17251,77,77,18
1784745180708,17,GET /api/boats,200,OK,500 Utilisateurs simultanees 1-67,text,true,,17251,77,77,17
1784745180715,13,GET /api/boats,200,OK,500 Utilisateurs simultanees 1-18,text,true,,17251,77,77,13
1784745180729,11,GET /api/boats,200,OK,500 Utilisateurs simultanees 1-16,text,true,,17251,77,77,11
1784745180783,5,GET /api/boats/1,200,OK,500 Utilisateurs simultanees 1-48,text,true,,1788,77,77,5
1784745180802,18,GET /api/boats/1,200,OK,500 Utilisateurs simultanees 1-3,text,true,,1788,77,77,18
1784745180818,10,GET /api/articles,200,OK,500 Utilisateurs simultanees 1-23,text,true,,9312,78,78,10
1784745180845,11,GET /api/articles,200,OK,500 Utilisateurs simultanees 1-30,text,true,,9312,78,78,11
1784745180856,27,GET /api/boats/1,200,OK,500 Utilisateurs simultanees 1-8,text,true,,1788,78,78,27
1784745180866,61,GET /api/boats,200,OK,500 Utilisateurs simultanees 1-61,text,true,,17251,78,78,60
1784745180893,36,GET /api/articles,200,OK,500 Utilisateurs simultanees 1-36,text,true,,9312,78,78,36
1784745180870,67,GET /api/boats,200,OK,500 Utilisateurs simultanees 1-55,text,true,,17251,78,78,66
1784745180933,20,GET /api/boats,200,OK,500 Utilisateurs simultanees 1-65,text,true,,17251,79,79,20
1784745180955,4,GET /api/articles,200,OK,500 Utilisateurs simultanees 1-32,text,true,,9312,79,79,4
1784745180973,17,GET /api/boats,200,OK,500 Utilisateurs simultanees 1-66,text,true,,17251,79,79,17
1784745180995,8,GET /api/boats/1,200,OK,500 Utilisateurs simultanees 1-56,text,true,,1788,79,79,8
1784745181059,14,GET /api/boats,200,OK,500 Utilisateurs simultanees 1-69,text,true,,17251,80,80,14
1784745181097,20,GET /api/boats,200,OK,500 Utilisateurs simultanees 1-60,text,true,,17251,80,80,20
1784745181107,18,GET /api/boats,200,OK,500 Utilisateurs simultanees 1-26,text,true,,17251,80,80,18
1784745181162,14,GET /api/boats,200,OK,500 Utilisateurs simultanees 1-68,text,true,,17251,80,80,14
1784745181187,5,GET /api/articles,200,OK,500 Utilisateurs simultanees 1-34,text,true,,9312,81,81,5
1784745181183,18,GET /api/boats,200,OK,500 Utilisateurs simultanees 1-62,text,true,,17251,81,81,17
1784745181213,9,GET /api/boats/1,200,OK,500 Utilisateurs simultanees 1-57,text,true,,1788,81,81,9
1784745181215,9,GET /api/boats/1,200,OK,500 Utilisateurs simultanees 1-9,text,true,,1788,81,81,9
1784745181272,16,GET /api/articles,200,OK,500 Utilisateurs simultanees 1-37,text,true,,9312,81,81,16
1784745181268,24,GET /api/boats/1,200,OK,500 Utilisateurs simultanees 1-45,text,true,,1788,81,81,24
1784745181314,19,GET /api/articles,200,OK,500 Utilisateurs simultanees 1-5,text,true,,9312,82,82,19
1784745181318,27,GET /api/boats/1,200,OK,500 Utilisateurs simultanees 1-43,text,true,,1788,82,82,26
1784745181328,32,GET /api/boats/1,200,OK,500 Utilisateurs simultanees 1-52,text,true,,1788,82,82,32
1784745181337,58,GET /api/boats/1,200,OK,500 Utilisateurs simultanees 1-49,text,true,,1788,82,82,58
1784745181354,57,GET /api/articles,200,OK,500 Utilisateurs simultanees 1-6,text,true,,9312,82,82,57
1784745181356,65,GET /api/boats/1,200,OK,500 Utilisateurs simultanees 1-54,text,true,,1788,83,83,65
1784745181430,9,GET /api/articles,200,OK,500 Utilisateurs simultanees 1-19,text,true,,9312,83,83,8
1784745181452,22,GET /api/boats,200,OK,500 Utilisateurs simultanees 1-14,text,true,,17251,83,83,22
1784745181535,11,GET /api/articles,200,OK,500 Utilisateurs simultanees 1-35,text,true,,9312,84,84,11
1784745181534,36,GET /api/boats,200,OK,500 Utilisateurs simultanees 1-75,text,true,,17251,84,84,36
1784745181542,35,GET /api/boats,200,OK,500 Utilisateurs simultanees 1-73,text,true,,17251,84,84,35
1784745181684,45,GET /api/boats,200,OK,500 Utilisateurs simultanees 1-11,text,true,,17251,85,85,44
1784745181689,60,GET /api/boats,200,OK,500 Utilisateurs simultanees 1-70,text,true,,17251,85,85,59
1784745181710,51,GET /api/articles,200,OK,500 Utilisateurs simultanees 1-24,text,true,,9312,85,85,50
1784745181705,67,GET /api/boats,200,OK,500 Utilisateurs simultanees 1-15,text,true,,17251,85,85,66
1784745181733,54,GET /api/articles,200,OK,500 Utilisateurs simultanees 1-31,text,true,,9312,86,86,54
1784745181748,62,GET /api/boats,200,OK,500 Utilisateurs simultanees 1-20,text,true,,17251,86,86,62
1784745181827,21,GET /api/articles,200,OK,500 Utilisateurs simultanees 1-41,text,true,,9312,86,86,21
1784745181830,43,GET /api/boats,200,OK,500 Utilisateurs simultanees 1-4,text,true,,17251,86,86,42
1784745181855,20,GET /api/boats/1,200,OK,500 Utilisateurs simultanees 1-7,text,true,,1788,86,86,20
1784745181843,34,GET /api/boats,200,OK,500 Utilisateurs simultanees 1-76,text,true,,17251,86,86,34
1784745181887,15,GET /api/boats,200,OK,500 Utilisateurs simultanees 1-72,text,true,,17251,87,87,15
1784745181961,53,GET /api/boats,200,OK,500 Utilisateurs simultanees 1-23,text,true,,17251,87,87,53
1784745181977,42,GET /api/articles,200,OK,500 Utilisateurs simultanees 1-39,text,true,,9312,87,87,42
1784745181982,51,GET /api/articles,200,OK,500 Utilisateurs simultanees 1-8,text,true,,9312,88,88,51
1784745181970,73,GET /api/boats,200,OK,500 Utilisateurs simultanees 1-13,text,true,,17251,88,88,73
1784745182018,72,GET /api/articles,200,OK,500 Utilisateurs simultanees 1-27,text,true,,9312,88,88,72
1784745182034,64,GET /api/boats/1,200,OK,500 Utilisateurs simultanees 1-53,text,true,,1788,88,88,64
1784745182034,71,GET /api/boats/1,200,OK,500 Utilisateurs simultanees 1-12,text,true,,1788,88,88,70
1784745182001,116,GET /api/boats,200,OK,500 Utilisateurs simultanees 1-25,text,true,,17251,88,88,115
1784745182041,97,GET /api/boats,200,OK,500 Utilisateurs simultanees 1-71,text,true,,17251,89,89,97
1784745182140,11,GET /api/boats/1,200,OK,500 Utilisateurs simultanees 1-51,text,true,,1788,89,89,11
1784745182141,15,GET /api/boats/1,200,OK,500 Utilisateurs simultanees 1-46,text,true,,1788,89,89,15
1784745182188,7,GET /api/boats/1,200,OK,500 Utilisateurs simultanees 1-44,text,true,,1788,89,89,7
1784745182189,15,GET /api/boats,200,OK,500 Utilisateurs simultanees 1-32,text,true,,17251,89,89,15
1784745182219,9,GET /api/boats/1,200,OK,500 Utilisateurs simultanees 1-18,text,true,,1788,89,89,9
1784745182241,16,GET /api/boats,200,OK,500 Utilisateurs simultanees 1-22,text,true,,17251,89,89,16
1784745182256,7,GET /api/articles,200,OK,500 Utilisateurs simultanees 1-48,text,true,,9312,90,90,7
1784745182284,8,GET /api/boats/1,200,OK,500 Utilisateurs simultanees 1-64,text,true,,1788,90,90,8
1784745182385,33,GET /api/boats,200,OK,500 Utilisateurs simultanees 1-74,text,true,,17251,91,91,33
1784745182415,54,GET /api/boats,200,OK,500 Utilisateurs simultanees 1-34,text,true,,17251,91,91,54
1784745182439,41,GET /api/articles,200,OK,500 Utilisateurs simultanees 1-9,text,true,,9312,91,91,40
1784745182443,62,GET /api/boats/1,200,OK,500 Utilisateurs simultanees 1-63,text,true,,1788,91,91,62
1784745182438,102,GET /api/boats,200,OK,500 Utilisateurs simultanees 1-77,text,true,,17251,92,92,102
1784745182498,44,GET /api/articles,200,OK,500 Utilisateurs simultanees 1-42,text,true,,9312,92,92,44
1784745182506,41,GET /api/boats/1,200,OK,500 Utilisateurs simultanees 1-14,text,true,,1788,92,92,40
1784745182463,90,GET /api/boats,200,OK,500 Utilisateurs simultanees 1-1,text,true,,17251,92,92,90
1784745182517,38,GET /api/boats/1,200,OK,500 Utilisateurs simultanees 1-16,text,true,,1788,92,92,38
1784745182531,36,GET /api/boats,200,OK,500 Utilisateurs simultanees 1-30,text,true,,17251,92,92,36
1784745182551,23,GET /api/boats/1,200,OK,500 Utilisateurs simultanees 1-66,text,true,,1788,92,92,23
1784745182523,54,GET /api/boats,200,OK,500 Utilisateurs simultanees 1-81,text,true,,17251,92,92,54
1784745182562,17,GET /api/articles,200,OK,500 Utilisateurs simultanees 1-54,text,true,,9312,92,92,16
1784745182558,23,GET /api/boats/1,200,OK,500 Utilisateurs simultanees 1-58,text,true,,1788,92,92,22
1784745182618,5,GET /api/boats/1,200,OK,500 Utilisateurs simultanees 1-69,text,true,,1788,92,92,5
1784745182631,6,GET /api/boats/1,200,OK,500 Utilisateurs simultanees 1-62,text,true,,1788,93,93,6
1784745182652,10,GET /api/boats,200,OK,500 Utilisateurs simultanees 1-35,text,true,,17251,93,93,10
1784745182659,14,GET /api/boats,200,OK,500 Utilisateurs simultanees 1-80,text,true,,17251,93,93,14
1784745182417,303,GET /api/boats,200,OK,500 Utilisateurs simultanees 1-29,text,true,,17251,93,93,303
1784745182704,31,GET /api/boats,200,OK,500 Utilisateurs simultanees 1-83,text,true,,17251,93,93,30
1784745182738,16,GET /api/boats/1,200,OK,500 Utilisateurs simultanees 1-2,text,true,,1788,94,94,16
1784745182772,29,GET /api/boats,200,OK,500 Utilisateurs simultanees 1-78,text,true,,17251,94,94,29
1784745182809,8,GET /api/articles,200,OK,500 Utilisateurs simultanees 1-40,text,true,,9312,94,94,7
1784745182847,14,GET /api/boats/1,200,OK,500 Utilisateurs simultanees 1-59,text,true,,1788,94,94,14
1784745182862,15,GET /api/boats/1,200,OK,500 Utilisateurs simultanees 1-75,text,true,,1788,95,95,14
1784745182907,37,GET /api/boats,200,OK,500 Utilisateurs simultanees 1-85,text,true,,17251,95,95,37
1784745182913,45,GET /api/boats,200,OK,500 Utilisateurs simultanees 1-10,text,true,,17251,95,95,45
1784745182924,44,GET /api/boats,200,OK,500 Utilisateurs simultanees 1-5,text,true,,17251,95,95,44
1784745182963,54,GET /api/boats,200,OK,500 Utilisateurs simultanees 1-21,text,true,,17251,96,96,54
1784745182985,46,GET /api/articles,200,OK,500 Utilisateurs simultanees 1-47,text,true,,9312,96,96,46
1784745182976,63,GET /api/boats,200,OK,500 Utilisateurs simultanees 1-33,text,true,,17251,96,96,62
1784745182992,51,GET /api/boats/1,200,OK,500 Utilisateurs simultanees 1-15,text,true,,1788,96,96,51
1784745183045,10,GET /api/articles,200,OK,500 Utilisateurs simultanees 1-3,text,true,,9312,96,96,10
1784745183069,19,GET /api/boats,200,OK,500 Utilisateurs simultanees 1-86,text,true,,17251,96,96,19
1784745183086,5,GET /api/articles,200,OK,500 Utilisateurs simultanees 1-28,text,true,,9312,96,96,5
1784745183142,5,GET /api/boats/1,200,OK,500 Utilisateurs simultanees 1-11,text,true,,1788,97,97,5
1784745183170,9,GET /api/boats/1,200,OK,500 Utilisateurs simultanees 1-70,text,true,,1788,97,97,9
1784745183222,5,GET /api/articles,200,OK,500 Utilisateurs simultanees 1-50,text,true,,9312,97,97,5
1784745183235,5,GET /api/articles,200,OK,500 Utilisateurs simultanees 1-52,text,true,,9312,98,98,5
1784745183263,5,GET /api/articles,200,OK,500 Utilisateurs simultanees 1-45,text,true,,9312,98,98,5
1784745183286,17,GET /api/boats,200,OK,500 Utilisateurs simultanees 1-31,text,true,,17251,98,98,17
1784745183311,11,GET /api/boats/1,200,OK,500 Utilisateurs simultanees 1-26,text,true,,1788,98,98,11
1784745183330,10,GET /api/boats/1,200,OK,500 Utilisateurs simultanees 1-67,text,true,,1788,98,98,10
1784745183340,19,GET /api/boats,200,OK,500 Utilisateurs simultanees 1-37,text,true,,17251,99,99,19
1784745183378,10,GET /api/boats/1,200,OK,500 Utilisateurs simultanees 1-61,text,true,,1788,99,99,10
1784745183431,3,GET /api/articles,200,OK,500 Utilisateurs simultanees 1-12,text,true,,9312,99,99,3
1784745183442,10,GET /api/boats/1,200,OK,500 Utilisateurs simultanees 1-65,text,true,,1788,99,99,10
1784745183447,14,GET /api/boats,200,OK,500 Utilisateurs simultanees 1-17,text,true,,17251,99,99,13
1784745183466,8,GET /api/boats/1,200,OK,500 Utilisateurs simultanees 1-68,text,true,,1788,99,99,8
1784745183472,15,GET /api/boats,200,OK,500 Utilisateurs simultanees 1-19,text,true,,17251,100,100,15
1784745183485,10,GET /api/boats/1,200,OK,500 Utilisateurs simultanees 1-76,text,true,,1788,100,100,10
1784745183488,16,GET /api/boats,200,OK,500 Utilisateurs simultanees 1-48,text,true,,17251,100,100,16
1784745183515,6,GET /api/articles,200,OK,500 Utilisateurs simultanees 1-38,text,true,,9312,100,100,6
1784745183554,14,GET /api/boats,200,OK,500 Utilisateurs simultanees 1-8,text,true,,17251,100,100,14
1784745183635,14,GET /api/articles,200,OK,500 Utilisateurs simultanees 1-7,text,true,,9312,101,101,14
1784745183663,46,GET /api/boats/1,200,OK,500 Utilisateurs simultanees 1-25,text,true,,1788,102,102,46
1784745183642,75,GET /api/boats,200,OK,500 Utilisateurs simultanees 1-82,text,true,,17251,102,102,75
1784745183671,51,GET /api/articles,200,OK,500 Utilisateurs simultanees 1-56,text,true,,9312,102,102,51
1784745183650,96,GET /api/boats,200,OK,500 Utilisateurs simultanees 1-79,text,true,,17251,102,102,95
1784745183666,101,GET /api/boats,200,OK,500 Utilisateurs simultanees 1-54,text,true,,17251,102,102,100
1784745183677,111,GET /api/boats,200,OK,500 Utilisateurs simultanees 1-6,text,true,,17251,102,102,110
1784745183738,60,GET /api/boats/1,200,OK,500 Utilisateurs simultanees 1-60,text,true,,1788,102,102,60
1784745183775,34,GET /api/boats/1,200,OK,500 Utilisateurs simultanees 1-71,text,true,,1788,102,102,33
1784745183800,42,GET /api/boats,200,OK,500 Utilisateurs simultanees 1-88,text,true,,17251,103,103,42
1784745183830,13,GET /api/boats/1,200,OK,500 Utilisateurs simultanees 1-81,text,true,,1788,103,103,13
1784745183832,14,GET /api/articles,200,OK,500 Utilisateurs simultanees 1-64,text,true,,9312,103,103,13
1784745183848,12,GET /api/boats,200,OK,500 Utilisateurs simultanees 1-36,text,true,,17251,103,103,12
1784745183872,13,GET /api/boats,200,OK,500 Utilisateurs simultanees 1-41,text,true,,17251,103,103,13
1784745183893,15,GET /api/boats,200,OK,500 Utilisateurs simultanees 1-91,text,true,,17251,103,103,15
1784745183906,10,GET /api/boats/1,200,OK,500 Utilisateurs simultanees 1-55,text,true,,1788,103,103,10
1784745183937,9,GET /api/boats/1,200,OK,500 Utilisateurs simultanees 1-80,text,true,,1788,103,103,9
1784745183944,6,GET /api/articles,200,OK,500 Utilisateurs simultanees 1-57,text,true,,9312,103,103,6
1784745183971,5,GET /api/articles,200,OK,500 Utilisateurs simultanees 1-49,text,true,,9312,104,104,5
1784745183969,19,GET /api/boats,200,OK,500 Utilisateurs simultanees 1-90,text,true,,17251,104,104,19
1784745183989,8,GET /api/articles,200,OK,500 Utilisateurs simultanees 1-43,text,true,,9312,104,104,7
1784745183996,9,GET /api/articles,200,OK,500 Utilisateurs simultanees 1-46,text,true,,9312,104,104,8
1784745184018,16,GET /api/boats/1,200,OK,500 Utilisateurs simultanees 1-13,text,true,,1788,104,104,16
1784745184020,20,GET /api/boats/1,200,OK,500 Utilisateurs simultanees 1-4,text,true,,1788,104,104,19
1784745184056,26,GET /api/boats,200,OK,500 Utilisateurs simultanees 1-42,text,true,,17251,104,104,26
1784745184069,21,GET /api/articles,200,OK,500 Utilisateurs simultanees 1-75,text,true,,9312,105,105,21
1784745184075,19,GET /api/articles,200,OK,500 Utilisateurs simultanees 1-15,text,true,,9312,105,105,18
1784745184074,24,GET /api/boats/1,200,OK,500 Utilisateurs simultanees 1-20,text,true,,1788,105,105,24
1784745184103,14,GET /api/articles,200,OK,500 Utilisateurs simultanees 1-51,text,true,,9312,105,105,14
1784745184105,34,GET /api/boats,200,OK,500 Utilisateurs simultanees 1-87,text,true,,17251,105,105,33
1784745184120,22,GET /api/boats/1,200,OK,500 Utilisateurs simultanees 1-33,text,true,,1788,105,105,22
1784745184143,9,GET /api/articles,200,OK,500 Utilisateurs simultanees 1-18,text,true,,9312,105,105,9
1784745184187,15,GET /api/boats/1,200,OK,500 Utilisateurs simultanees 1-34,text,true,,1788,106,106,15
1784745184226,18,GET /api/boats/1,200,OK,500 Utilisateurs simultanees 1-72,text,true,,1788,106,106,18
1784745184242,22,GET /api/articles,200,OK,500 Utilisateurs simultanees 1-53,text,true,,9312,106,106,22
1784745184225,47,GET /api/boats,200,OK,500 Utilisateurs simultanees 1-84,text,true,,17251,106,106,46
1784745184231,47,GET /api/boats,200,OK,500 Utilisateurs simultanees 1-9,text,true,,17251,106,106,47
1784745184282,15,GET /api/boats/1,200,OK,500 Utilisateurs simultanees 1-85,text,true,,1788,106,106,15
1784745184294,19,GET /api/boats/1,200,OK,500 Utilisateurs simultanees 1-5,text,true,,1788,107,107,19
1784745184304,17,GET /api/boats/1,200,OK,500 Utilisateurs simultanees 1-30,text,true,,1788,107,107,17
1784745184336,14,GET /api/boats/1,200,OK,500 Utilisateurs simultanees 1-32,text,true,,1788,107,107,14
1784745184352,14,GET /api/boats/1,200,OK,500 Utilisateurs simultanees 1-35,text,true,,1788,107,107,14
1784745184429,8,GET /api/articles,200,OK,500 Utilisateurs simultanees 1-66,text,true,,9312,107,107,8
1784745184473,13,GET /api/boats,200,OK,500 Utilisateurs simultanees 1-24,text,true,,17251,108,108,13
1784745184498,4,GET /api/articles,200,OK,500 Utilisateurs simultanees 1-26,text,true,,9312,108,108,4
1784745184514,8,GET /api/boats/1,200,OK,500 Utilisateurs simultanees 1-23,text,true,,1788,108,108,8
1784745184553,10,GET /api/boats/1,200,OK,500 Utilisateurs simultanees 1-73,text,true,,1788,109,109,10
1784745184558,14,GET /api/boats,200,OK,500 Utilisateurs simultanees 1-47,text,true,,17251,109,109,14
1784745184577,34,GET /api/boats,200,OK,500 Utilisateurs simultanees 1-89,text,true,,17251,109,109,33
1784745184610,6,GET /api/articles,200,OK,500 Utilisateurs simultanees 1-69,text,true,,9312,109,109,6
1784745184625,15,GET /api/boats,200,OK,500 Utilisateurs simultanees 1-40,text,true,,17251,109,109,15
1784745184633,8,GET /api/articles,200,OK,500 Utilisateurs simultanees 1-63,text,true,,9312,109,109,8
1784745184670,6,GET /api/articles,200,OK,500 Utilisateurs simultanees 1-58,text,true,,9312,110,110,6
1784745184674,22,GET /api/boats,200,OK,500 Utilisateurs simultanees 1-27,text,true,,17251,110,110,22
1784745184699,6,GET /api/articles,200,OK,500 Utilisateurs simultanees 1-76,text,true,,9312,110,110,6
1784745184736,21,GET /api/boats,200,OK,500 Utilisateurs simultanees 1-45,text,true,,17251,110,110,21
1784745184737,27,GET /api/boats,200,OK,500 Utilisateurs simultanees 1-52,text,true,,17251,110,110,27
1784745184750,25,GET /api/boats,200,OK,500 Utilisateurs simultanees 1-96,text,true,,17251,110,110,25
1784745184771,14,GET /api/boats/1,200,OK,500 Utilisateurs simultanees 1-22,text,true,,1788,111,111,14
1784745184820,10,GET /api/boats/1,200,OK,500 Utilisateurs simultanees 1-31,text,true,,1788,111,111,10
1784745184841,7,GET /api/articles,200,OK,500 Utilisateurs simultanees 1-67,text,true,,9312,111,111,7
1784745184864,17,GET /api/boats,200,OK,500 Utilisateurs simultanees 1-39,text,true,,17251,111,111,17
1784745184883,9,GET /api/boats/1,200,OK,500 Utilisateurs simultanees 1-77,text,true,,1788,111,111,9
1784745184902,6,GET /api/articles,200,OK,500 Utilisateurs simultanees 1-44,text,true,,9312,111,111,6
1784745184898,20,GET /api/boats,200,OK,500 Utilisateurs simultanees 1-92,text,true,,17251,111,111,20
1784745184991,36,GET /api/boats,200,OK,500 Utilisateurs simultanees 1-102,text,true,,17251,112,112,36
1784745185012,19,GET /api/articles,200,OK,500 Utilisateurs simultanees 1-70,text,true,,9312,112,112,19
1784745185022,23,GET /api/articles,200,OK,500 Utilisateurs simultanees 1-2,text,true,,9312,113,113,23
1784745185024,26,GET /api/articles,200,OK,500 Utilisateurs simultanees 1-14,text,true,,9312,113,113,26
1784745185057,25,GET /api/boats/1,200,OK,500 Utilisateurs simultanees 1-83,text,true,,1788,113,113,25
1784745185080,25,GET /api/boats/1,200,OK,500 Utilisateurs simultanees 1-78,text,true,,1788,113,113,25
1784745185099,55,GET /api/boats,200,OK,500 Utilisateurs simultanees 1-98,text,true,,17251,113,113,55
1784745185127,43,GET /api/boats/1,200,OK,500 Utilisateurs simultanees 1-74,text,true,,1788,114,114,42
1784745185149,35,GET /api/boats/1,200,OK,500 Utilisateurs simultanees 1-21,text,true,,1788,114,114,35
1784745185161,34,GET /api/boats/1,200,OK,500 Utilisateurs simultanees 1-29,text,true,,1788,114,114,34
1784745185212,29,GET /api/boats,200,OK,500 Utilisateurs simultanees 1-15,text,true,,17251,114,114,29
1784745185199,51,GET /api/boats,200,OK,500 Utilisateurs simultanees 1-38,text,true,,17251,114,114,51
1784745185220,43,GET /api/articles,200,OK,500 Utilisateurs simultanees 1-81,text,true,,9312,114,114,43
1784745185230,54,GET /api/articles,200,OK,500 Utilisateurs simultanees 1-62,text,true,,9312,115,115,53
1784745185227,63,GET /api/boats,200,OK,500 Utilisateurs simultanees 1-51,text,true,,17251,115,115,63
1784745185268,35,GET /api/boats/1,200,OK,500 Utilisateurs simultanees 1-79,text,true,,1788,115,115,35
1784745185279,42,GET /api/boats,200,OK,500 Utilisateurs simultanees 1-50,text,true,,17251,115,115,42
1784745185315,23,GET /api/articles,200,OK,500 Utilisateurs simultanees 1-33,text,true,,9312,115,115,23
1784745185318,57,GET /api/boats,200,OK,500 Utilisateurs simultanees 1-12,text,true,,17251,115,115,57
1784745185346,40,GET /api/articles,200,OK,500 Utilisateurs simultanees 1-11,text,true,,9312,115,115,39
1784745185350,37,GET /api/articles,200,OK,500 Utilisateurs simultanees 1-16,text,true,,9312,115,115,37
1784745185329,63,GET /api/boats,200,OK,500 Utilisateurs simultanees 1-95,text,true,,17251,115,115,63
1784745185384,18,GET /api/boats,200,OK,500 Utilisateurs simultanees 1-57,text,true,,17251,116,116,18
1784745185393,26,GET /api/boats,200,OK,500 Utilisateurs simultanees 1-94,text,true,,17251,116,116,26
1784745185400,32,GET /api/boats,200,OK,500 Utilisateurs simultanees 1-99,text,true,,17251,116,116,32
1784745185436,8,GET /api/articles,200,OK,500 Utilisateurs simultanees 1-32,text,true,,9312,116,116,7
1784745185436,21,GET /api/boats,200,OK,500 Utilisateurs simultanees 1-49,text,true,,17251,116,116,21
1784745185442,21,GET /api/boats,200,OK,500 Utilisateurs simultanees 1-28,text,true,,17251,116,116,20
1784745185450,23,GET /api/boats,200,OK,500 Utilisateurs simultanees 1-101,text,true,,17251,116,116,23
1784745185466,9,GET /api/articles,200,OK,500 Utilisateurs simultanees 1-68,text,true,,9312,116,116,9
1784745185479,11,GET /api/boats,200,OK,500 Utilisateurs simultanees 1-43,text,true,,17251,116,116,11
1784745185489,10,GET /api/boats/1,200,OK,500 Utilisateurs simultanees 1-17,text,true,,1788,116,116,10
1784745185502,4,GET /api/articles,200,OK,500 Utilisateurs simultanees 1-59,text,true,,9312,116,116,4
1784745185507,11,GET /api/boats/1,200,OK,500 Utilisateurs simultanees 1-10,text,true,,1788,117,117,11
1784745185532,15,GET /api/boats/1,200,OK,500 Utilisateurs simultanees 1-90,text,true,,1788,117,117,15
1784745185529,31,GET /api/boats,200,OK,500 Utilisateurs simultanees 1-93,text,true,,17251,117,117,31
1784745185544,19,GET /api/boats/1,200,OK,500 Utilisateurs simultanees 1-1,text,true,,1788,117,117,19
1784745185533,33,GET /api/boats,200,OK,500 Utilisateurs simultanees 1-7,text,true,,17251,117,117,33
1784745185545,29,GET /api/boats,200,OK,500 Utilisateurs simultanees 1-3,text,true,,17251,117,117,29
1784745185569,7,GET /api/articles,200,OK,500 Utilisateurs simultanees 1-23,text,true,,9312,117,117,7
1784745185586,6,GET /api/boats/1,200,OK,500 Utilisateurs simultanees 1-82,text,true,,1788,117,117,6
1784745185636,5,GET /api/boats/1,200,OK,500 Utilisateurs simultanees 1-6,text,true,,1788,118,118,5
1784745185645,3,GET /api/articles,200,OK,500 Utilisateurs simultanees 1-60,text,true,,9312,118,118,3
1784745185649,16,GET /api/boats,200,OK,500 Utilisateurs simultanees 1-100,text,true,,17251,118,118,16
1784745185651,17,GET /api/boats,200,OK,500 Utilisateurs simultanees 1-75,text,true,,17251,118,118,17
1784745185660,11,GET /api/boats/1,200,OK,500 Utilisateurs simultanees 1-48,text,true,,1788,118,118,11
1784745185668,7,GET /api/articles,200,OK,500 Utilisateurs simultanees 1-85,text,true,,9312,118,118,7
1784745185668,15,GET /api/boats,200,OK,500 Utilisateurs simultanees 1-97,text,true,,17251,118,118,15
1784745185703,3,GET /api/articles,200,OK,500 Utilisateurs simultanees 1-13,text,true,,9312,118,118,3
1784745185769,41,GET /api/boats/1,200,OK,500 Utilisateurs simultanees 1-37,text,true,,1788,119,119,41
1784745185800,18,GET /api/articles,200,OK,500 Utilisateurs simultanees 1-34,text,true,,9312,119,119,18
1784745185786,38,GET /api/boats/1,200,OK,500 Utilisateurs simultanees 1-86,text,true,,1788,119,119,38
1784745185831,15,GET /api/articles,200,OK,500 Utilisateurs simultanees 1-5,text,true,,9312,119,119,14
1784745185867,7,GET /api/articles,200,OK,500 Utilisateurs simultanees 1-30,text,true,,9312,118,118,7
1784745185864,17,GET /api/boats/1,200,OK,500 Utilisateurs simultanees 1-42,text,true,,1788,119,119,17
1784745185873,28,GET /api/boats,200,OK,500 Utilisateurs simultanees 1-63,text,true,,17251,119,119,28
1784745185897,9,GET /api/boats/1,200,OK,500 Utilisateurs simultanees 1-47,text,true,,1788,119,119,9
1784745185982,36,GET /api/boats/1,200,OK,500 Utilisateurs simultanees 1-41,text,true,,1788,120,120,35
1784745185986,36,GET /api/boats/1,200,OK,500 Utilisateurs simultanees 1-8,text,true,,1788,120,120,36
1784745185973,56,GET /api/boats,200,OK,500 Utilisateurs simultanees 1-56,text,true,,17251,120,120,56
1784745185982,55,GET /api/boats,200,OK,500 Utilisateurs simultanees 1-18,text,true,,17251,120,120,54
1784745186027,16,GET /api/articles,200,OK,500 Utilisateurs simultanees 1-65,text,true,,9312,120,120,16
1784745186088,5,GET /api/articles,200,OK,500 Utilisateurs simultanees 1-72,text,true,,9312,120,120,5
1784745186126,7,GET /api/boats/1,200,OK,500 Utilisateurs simultanees 1-36,text,true,,1788,121,121,7
1784745186182,17,GET /api/boats/1,200,OK,500 Utilisateurs simultanees 1-54,text,true,,1788,121,121,17
1784745186217,17,GET /api/articles,200,OK,500 Utilisateurs simultanees 1-4,text,true,,9312,121,121,16
1784745186220,24,GET /api/boats/1,200,OK,500 Utilisateurs simultanees 1-19,text,true,,1788,122,122,24
1784745186249,48,GET /api/boats,200,OK,500 Utilisateurs simultanees 1-14,text,true,,17251,122,122,48
1784745186245,64,GET /api/boats,200,OK,500 Utilisateurs simultanees 1-110,text,true,,17251,122,122,64
1784745186284,33,GET /api/articles,200,OK,500 Utilisateurs simultanees 1-25,text,true,,9312,122,122,33
1784745186295,36,GET /api/articles,200,OK,500 Utilisateurs simultanees 1-61,text,true,,9312,122,122,36
1784745186302,45,GET /api/boats/1,200,OK,500 Utilisateurs simultanees 1-38,text,true,,1788,122,122,45
1784745186322,44,GET /api/boats/1,200,OK,500 Utilisateurs simultanees 1-84,text,true,,1788,123,123,44
1784745186348,33,GET /api/boats/1,200,OK,500 Utilisateurs simultanees 1-24,text,true,,1788,123,123,33
1784745186349,45,GET /api/boats/1,200,OK,500 Utilisateurs simultanees 1-87,text,true,,1788,123,123,45
1784745186365,40,GET /api/articles,200,OK,500 Utilisateurs simultanees 1-74,text,true,,9312,123,123,40
1784745186347,65,GET /api/boats,200,OK,500 Utilisateurs simultanees 1-108,text,true,,17251,123,123,65
1784745186394,21,GET /api/articles,200,OK,500 Utilisateurs simultanees 1-31,text,true,,9312,123,123,21
1784745186400,22,GET /api/boats,200,OK,500 Utilisateurs simultanees 1-70,text,true,,17251,123,123,21
1784745186420,10,GET /api/boats/1,200,OK,500 Utilisateurs simultanees 1-88,text,true,,1788,123,123,10
1784745186499,7,GET /api/articles,200,OK,500 Utilisateurs simultanees 1-55,text,true,,9312,124,124,6
1784745186511,37,GET /api/boats,200,OK,500 Utilisateurs simultanees 1-46,text,true,,17251,124,124,37
1784745186548,10,GET /api/articles,200,OK,500 Utilisateurs simultanees 1-20,text,true,,9312,124,124,9
1784745186571,20,GET /api/articles,200,OK,500 Utilisateurs simultanees 1-77,text,true,,9312,124,124,20
1784745186575,22,GET /api/boats/1,200,OK,500 Utilisateurs simultanees 1-15,text,true,,1788,125,125,22
1784745186576,63,GET /api/boats,200,OK,500 Utilisateurs simultanees 1-16,text,true,,17251,125,125,63
1784745186604,38,GET /api/boats/1,200,OK,500 Utilisateurs simultanees 1-92,text,true,,1788,125,125,38
1784745186593,59,GET /api/boats,200,OK,500 Utilisateurs simultanees 1-66,text,true,,17251,125,125,59
1784745186633,38,GET /api/articles,200,OK,500 Utilisateurs simultanees 1-73,text,true,,9312,125,125,38
1784745186647,55,GET /api/boats/1,200,OK,500 Utilisateurs simultanees 1-96,text,true,,1788,125,125,55
1784745186662,45,GET /api/boats/1,200,OK,500 Utilisateurs simultanees 1-94,text,true,,1788,125,125,45
1784745186673,60,GET /api/boats/1,200,OK,500 Utilisateurs simultanees 1-91,text,true,,1788,126,126,60
1784745186686,58,GET /api/articles,200,OK,500 Utilisateurs simultanees 1-78,text,true,,9312,126,126,58
1784745186686,68,GET /api/boats/1,200,OK,500 Utilisateurs simultanees 1-89,text,true,,1788,126,126,68
1784745186666,96,GET /api/boats,200,OK,500 Utilisateurs simultanees 1-2,text,true,,17251,126,126,96
1784745186715,74,GET /api/articles,200,OK,500 Utilisateurs simultanees 1-71,text,true,,9312,126,126,74
1784745186707,99,GET /api/boats,200,OK,500 Utilisateurs simultanees 1-64,text,true,,17251,126,126,98
1784745186764,49,GET /api/boats/1,200,OK,500 Utilisateurs simultanees 1-93,text,true,,1788,126,126,49
1784745186749,68,GET /api/boats,200,OK,500 Utilisateurs simultanees 1-26,text,true,,17251,126,126,68
1784745186789,34,GET /api/articles,200,OK,500 Utilisateurs simultanees 1-80,text,true,,9312,126,126,34
1784745186805,26,GET /api/boats/1,200,OK,500 Utilisateurs simultanees 1-12,text,true,,1788,126,126,26
1784745186758,79,GET /api/boats,200,OK,500 Utilisateurs simultanees 1-104,text,true,,17251,127,127,79
1784745186796,44,GET /api/boats,200,OK,500 Utilisateurs simultanees 1-103,text,true,,17251,127,127,44
1784745186880,12,GET /api/boats,200,OK,500 Utilisateurs simultanees 1-33,text,true,,17251,127,127,12
1784745186910,15,GET /api/boats,200,OK,500 Utilisateurs simultanees 1-109,text,true,,17251,127,127,15
1784745186949,19,GET /api/boats,200,OK,500 Utilisateurs simultanees 1-106,text,true,,17251,128,128,19
1784745186954,16,GET /api/boats,200,OK,500 Utilisateurs simultanees 1-69,text,true,,17251,128,128,16
1784745186971,5,GET /api/articles,200,OK,500 Utilisateurs simultanees 1-42,text,true,,9312,128,128,5
1784745186985,4,GET /api/articles,200,OK,500 Utilisateurs simultanees 1-22,text,true,,9312,128,128,4
1784745186994,27,GET /api/boats,200,OK,500 Utilisateurs simultanees 1-105,text,true,,17251,128,128,27
1784745187048,14,GET /api/boats/1,200,OK,500 Utilisateurs simultanees 1-99,text,true,,1788,128,128,14
1784745187076,14,GET /api/boats/1,200,OK,500 Utilisateurs simultanees 1-57,text,true,,1788,129,129,14
1784745187097,24,GET /api/boats,200,OK,500 Utilisateurs simultanees 1-44,text,true,,17251,129,129,24
1784745187100,64,GET /api/boats,200,OK,500 Utilisateurs simultanees 1-112,text,true,,17251,129,129,64
1784745187107,77,GET /api/boats,200,OK,500 Utilisateurs simultanees 1-76,text,true,,17251,129,129,77
1784745187108,83,GET /api/boats,200,OK,500 Utilisateurs simultanees 1-85,text,true,,17251,129,129,82
1784745187112,87,GET /api/boats,200,OK,500 Utilisateurs simultanees 1-107,text,true,,17251,130,130,87
1784745187117,90,GET /api/boats,200,OK,500 Utilisateurs simultanees 1-119,text,true,,17251,130,130,90
1784745187173,53,GET /api/boats/1,200,OK,500 Utilisateurs simultanees 1-101,text,true,,1788,130,130,53
1784745187196,36,GET /api/articles,200,OK,500 Utilisateurs simultanees 1-35,text,true,,9312,130,130,36
1784745187200,40,GET /api/boats/1,200,OK,500 Utilisateurs simultanees 1-40,text,true,,1788,130,130,40
1784745187220,33,GET /api/boats/1,200,OK,500 Utilisateurs simultanees 1-39,text,true,,1788,130,130,33
1784745187224,33,GET /api/boats/1,200,OK,500 Utilisateurs simultanees 1-9,text,true,,1788,130,130,33
1784745187202,59,GET /api/boats,200,OK,500 Utilisateurs simultanees 1-53,text,true,,17251,130,130,59
1784745187235,30,GET /api/articles,200,OK,500 Utilisateurs simultanees 1-54,text,true,,9312,130,130,30
1784745187262,11,GET /api/boats/1,200,OK,500 Utilisateurs simultanees 1-98,text,true,,1788,130,130,11
1784745187282,6,GET /api/boats/1,200,OK,500 Utilisateurs simultanees 1-27,text,true,,1788,130,130,6
1784745187290,12,GET /api/boats,200,OK,500 Utilisateurs simultanees 1-32,text,true,,17251,130,130,12
1784745187310,6,GET /api/articles,200,OK,500 Utilisateurs simultanees 1-10,text,true,,9312,131,131,6
1784745187310,12,GET /api/boats,200,OK,500 Utilisateurs simultanees 1-30,text,true,,17251,131,131,12
1784745187328,4,GET /api/articles,200,OK,500 Utilisateurs simultanees 1-47,text,true,,9312,131,131,4
1784745187343,9,GET /api/boats/1,200,OK,500 Utilisateurs simultanees 1-28,text,true,,1788,131,131,9
1784745187381,13,GET /api/boats,200,OK,500 Utilisateurs simultanees 1-124,text,true,,17251,131,131,13
1784745187390,9,GET /api/articles,200,OK,500 Utilisateurs simultanees 1-21,text,true,,9312,131,131,9
1784745187391,14,GET /api/boats,200,OK,500 Utilisateurs simultanees 1-122,text,true,,17251,131,131,14
1784745187408,8,GET /api/boats/1,200,OK,500 Utilisateurs simultanees 1-45,text,true,,1788,131,131,8
1784745187409,9,GET /api/boats/1,200,OK,500 Utilisateurs simultanees 1-52,text,true,,1788,131,131,9
1784745187425,12,GET /api/boats,200,OK,500 Utilisateurs simultanees 1-59,text,true,,17251,132,132,12
1784745187439,4,GET /api/articles,200,OK,500 Utilisateurs simultanees 1-79,text,true,,9312,132,132,4
1784745187463,11,GET /api/boats,200,OK,500 Utilisateurs simultanees 1-67,text,true,,17251,132,132,11
1784745187477,8,GET /api/boats/1,200,OK,500 Utilisateurs simultanees 1-95,text,true,,1788,132,132,8
1784745187492,15,GET /api/boats,200,OK,500 Utilisateurs simultanees 1-62,text,true,,17251,132,132,15
1784745187521,15,GET /api/boats,200,OK,500 Utilisateurs simultanees 1-58,text,true,,17251,132,132,15
1784745187544,11,GET /api/boats/1,200,OK,500 Utilisateurs simultanees 1-49,text,true,,1788,133,133,11
1784745187548,9,GET /api/boats/1,200,OK,500 Utilisateurs simultanees 1-100,text,true,,1788,133,133,9
1784745187550,18,GET /api/boats,200,OK,500 Utilisateurs simultanees 1-60,text,true,,17251,133,133,18
1784745187558,12,GET /api/boats/1,200,OK,500 Utilisateurs simultanees 1-110,text,true,,1788,133,133,12
1784745187581,5,GET /api/articles,200,OK,500 Utilisateurs simultanees 1-17,text,true,,9312,133,133,5
1784745187585,5,GET /api/articles,200,OK,500 Utilisateurs simultanees 1-84,text,true,,9312,133,133,5
1784745187585,7,GET /api/articles,200,OK,500 Utilisateurs simultanees 1-87,text,true,,9312,133,133,7
1784745187654,29,GET /api/boats,200,OK,500 Utilisateurs simultanees 1-68,text,true,,17251,134,134,29
1784745187694,46,GET /api/boats,200,OK,500 Utilisateurs simultanees 1-111,text,true,,17251,134,134,46
1784745187711,33,GET /api/boats/1,200,OK,500 Utilisateurs simultanees 1-102,text,true,,1788,134,134,33
1784745187717,51,GET /api/boats,200,OK,500 Utilisateurs simultanees 1-61,text,true,,17251,134,134,51
1784745187754,20,GET /api/articles,200,OK,500 Utilisateurs simultanees 1-1,text,true,,9312,134,134,20
1784745187772,21,GET /api/boats/1,200,OK,500 Utilisateurs simultanees 1-51,text,true,,1788,135,135,21
1784745187841,14,GET /api/articles,200,OK,500 Utilisateurs simultanees 1-38,text,true,,9312,135,135,14
1784745187843,24,GET /api/articles,200,OK,500 Utilisateurs simultanees 1-8,text,true,,9312,135,135,24
1784745187848,28,GET /api/boats/1,200,OK,500 Utilisateurs simultanees 1-50,text,true,,1788,134,134,28
1784745187872,29,GET /api/boats/1,200,OK,500 Utilisateurs simultanees 1-70,text,true,,1788,134,134,29
1784745187885,36,GET /api/boats,200,OK,500 Utilisateurs simultanees 1-116,text,true,,17251,135,135,36
1784745187906,26,GET /api/boats,200,OK,500 Utilisateurs simultanees 1-73,text,true,,17251,135,135,26
1784745187937,17,GET /api/boats,200,OK,500 Utilisateurs simultanees 1-113,text,true,,17251,135,135,17
1784745187945,11,GET /api/boats/1,200,OK,500 Utilisateurs simultanees 1-43,text,true,,1788,135,135,11
1784745187945,15,GET /api/boats/1,200,OK,500 Utilisateurs simultanees 1-7,text,true,,1788,135,135,15
1784745187955,23,GET /api/boats,200,OK,500 Utilisateurs simultanees 1-115,text,true,,17251,135,135,23
1784745187969,11,GET /api/articles,200,OK,500 Utilisateurs simultanees 1-83,text,true,,9312,135,135,11
1784745187973,21,GET /api/boats,200,OK,500 Utilisateurs simultanees 1-121,text,true,,17251,135,135,20
1784745187987,15,GET /api/boats,200,OK,500 Utilisateurs simultanees 1-81,text,true,,17251,135,135,15
1784745188002,9,GET /api/boats/1,200,OK,500 Utilisateurs simultanees 1-3,text,true,,1788,135,135,9
1784745188025,24,GET /api/boats/1,200,OK,500 Utilisateurs simultanees 1-97,text,true,,1788,136,136,24
1784745188022,46,GET /api/boats,200,OK,500 Utilisateurs simultanees 1-118,text,true,,17251,136,136,46
1784745188047,56,GET /api/articles,200,OK,500 Utilisateurs simultanees 1-89,text,true,,9312,136,136,56
1784745188076,37,GET /api/articles,200,OK,500 Utilisateurs simultanees 1-24,text,true,,9312,136,136,37
1784745188039,77,GET /api/boats,200,OK,500 Utilisateurs simultanees 1-23,text,true,,17251,136,136,77
1784745188045,74,GET /api/boats,200,OK,500 Utilisateurs simultanees 1-71,text,true,,17251,136,136,74
1784745188085,37,GET /api/articles,200,OK,500 Utilisateurs simultanees 1-36,text,true,,9312,136,136,36
1784745188112,24,GET /api/articles,200,OK,500 Utilisateurs simultanees 1-96,text,true,,9312,136,136,24
1784745188132,64,GET /api/articles,200,OK,500 Utilisateurs simultanees 1-29,text,true,,9312,137,137,64
1784745188101,113,GET /api/boats,200,OK,500 Utilisateurs simultanees 1-114,text,true,,17251,137,137,113
1784745188141,108,GET /api/articles,200,OK,500 Utilisateurs simultanees 1-6,text,true,,9312,137,137,108
1784745188151,114,GET /api/articles,200,OK,500 Utilisateurs simultanees 1-48,text,true,,9312,136,136,113
1784745188165,127,GET /api/boats,200,OK,500 Utilisateurs simultanees 1-25,text,true,,17251,137,137,127
1784745188179,173,GET /api/boats,200,OK,500 Utilisateurs simultanees 1-117,text,true,,17251,137,137,173
1784745188188,166,GET /api/boats,200,OK,500 Utilisateurs simultanees 1-55,text,true,,17251,137,137,166
1784745188192,166,GET /api/boats,200,OK,500 Utilisateurs simultanees 1-77,text,true,,17251,137,137,166
1784745188267,93,GET /api/articles,200,OK,500 Utilisateurs simultanees 1-90,text,true,,9312,137,137,93
1784745188276,86,GET /api/articles,200,OK,500 Utilisateurs simultanees 1-86,text,true,,9312,137,137,86
1784745188222,144,GET /api/articles,200,OK,500 Utilisateurs simultanees 1-37,text,true,,9312,137,137,144
1784745188245,157,GET /api/boats/1,200,OK,500 Utilisateurs simultanees 1-112,text,true,,1788,138,138,157
1784745188325,79,GET /api/articles,200,OK,500 Utilisateurs simultanees 1-82,text,true,,9312,138,138,79
1784745188330,75,GET /api/articles,200,OK,500 Utilisateurs simultanees 1-99,text,true,,9312,138,138,75
1784745188301,106,GET /api/articles,200,OK,500 Utilisateurs simultanees 1-57,text,true,,9312,138,138,106
1784745188226,192,GET /api/boats,200,OK,500 Utilisateurs simultanees 1-65,text,true,,17251,138,138,192
1784745188382,42,GET /api/articles,200,OK,500 Utilisateurs simultanees 1-28,text,true,,9312,138,138,42
1784745188314,114,GET /api/boats,200,OK,500 Utilisateurs simultanees 1-11,text,true,,17251,138,138,113
1784745188314,116,GET /api/boats,200,OK,500 Utilisateurs simultanees 1-72,text,true,,17251,138,138,116
1784745188339,96,GET /api/boats,200,OK,500 Utilisateurs simultanees 1-128,text,true,,17251,138,138,96
1784745188392,48,GET /api/boats,200,OK,500 Utilisateurs simultanees 1-125,text,true,,17251,138,138,48
1784745188425,31,GET /api/boats,200,OK,500 Utilisateurs simultanees 1-34,text,true,,17251,138,138,31
1784745188438,21,GET /api/boats,200,OK,500 Utilisateurs simultanees 1-133,text,true,,17251,138,138,21
1784745188443,27,GET /api/boats,200,OK,500 Utilisateurs simultanees 1-132,text,true,,17251,138,138,27
1784745188460,13,GET /api/boats/1,200,OK,500 Utilisateurs simultanees 1-18,text,true,,1788,138,138,12
1784745188478,9,GET /api/boats/1,200,OK,500 Utilisateurs simultanees 1-63,text,true,,1788,138,138,9
1784745188489,9,GET /api/boats/1,200,OK,500 Utilisateurs simultanees 1-67,text,true,,1788,138,138,9
1784745188496,9,GET /api/articles,200,OK,500 Utilisateurs simultanees 1-88,text,true,,9312,138,138,9
1784745188488,20,GET /api/boats,200,OK,500 Utilisateurs simultanees 1-127,text,true,,17251,139,139,20
1784745188540,17,GET /api/boats,200,OK,500 Utilisateurs simultanees 1-129,text,true,,17251,139,139,17
1784745188558,5,GET /api/articles,200,OK,500 Utilisateurs simultanees 1-91,text,true,,9312,139,139,5
1784745188552,12,GET /api/boats/1,200,OK,500 Utilisateurs simultanees 1-64,text,true,,1788,139,139,12
1784745188586,19,GET /api/boats,200,OK,500 Utilisateurs simultanees 1-74,text,true,,17251,139,139,18
1784745188596,12,GET /api/boats/1,200,OK,500 Utilisateurs simultanees 1-56,text,true,,1788,139,139,12
1784745188611,9,GET /api/boats/1,200,OK,500 Utilisateurs simultanees 1-75,text,true,,1788,139,139,9
1784745188624,8,GET /api/articles,200,OK,500 Utilisateurs simultanees 1-41,text,true,,9312,140,140,8
1784745188622,18,GET /api/boats,200,OK,500 Utilisateurs simultanees 1-13,text,true,,17251,140,140,17
1784745188689,17,GET /api/boats/1,200,OK,500 Utilisateurs simultanees 1-46,text,true,,1788,140,140,17
1784745188690,55,GET /api/boats,200,OK,500 Utilisateurs simultanees 1-4,text,true,,17251,140,140,55
1784745188708,44,GET /api/boats/1,200,OK,500 Utilisateurs simultanees 1-69,text,true,,1788,141,141,44
1784745188727,39,GET /api/articles,200,OK,500 Utilisateurs simultanees 1-12,text,true,,9312,141,141,39
1784745188704,79,GET /api/boats,200,OK,500 Utilisateurs simultanees 1-120,text,true,,17251,140,140,79
1784745188776,35,GET /api/boats/1,200,OK,500 Utilisateurs simultanees 1-2,text,true,,1788,140,140,35
1784745188754,67,GET /api/boats,200,OK,500 Utilisateurs simultanees 1-87,text,true,,17251,140,140,67
1784745188836,9,GET /api/articles,200,OK,500 Utilisateurs simultanees 1-15,text,true,,9312,140,140,9
1784745188831,39,GET /api/boats,200,OK,500 Utilisateurs simultanees 1-47,text,true,,17251,140,140,39
1784745188880,25,GET /api/boats/1,200,OK,500 Utilisateurs simultanees 1-62,text,true,,1788,140,140,25
1784745188872,41,GET /api/boats,200,OK,500 Utilisateurs simultanees 1-123,text,true,,17251,140,140,41
1784745188904,29,GET /api/boats/1,200,OK,500 Utilisateurs simultanees 1-44,text,true,,1788,140,140,29
1784745188917,22,GET /api/boats/1,200,OK,500 Utilisateurs simultanees 1-16,text,true,,1788,140,140,21
1784745188938,17,GET /api/articles,200,OK,500 Utilisateurs simultanees 1-98,text,true,,9312,140,140,17
1784745188934,26,GET /api/boats/1,200,OK,500 Utilisateurs simultanees 1-104,text,true,,1788,140,140,26
1784745188962,12,GET /api/articles,200,OK,500 Utilisateurs simultanees 1-52,text,true,,9312,140,140,12
1784745188968,22,GET /api/boats/1,200,OK,500 Utilisateurs simultanees 1-106,text,true,,1788,141,141,22
1784745188992,13,GET /api/boats/1,200,OK,500 Utilisateurs simultanees 1-59,text,true,,1788,141,141,13
1784745188991,18,GET /api/boats,200,OK,500 Utilisateurs simultanees 1-84,text,true,,17251,141,141,18
1784745189007,9,GET /api/boats/1,200,OK,500 Utilisateurs simultanees 1-105,text,true,,1788,141,141,9
1784745189020,4,GET /api/articles,200,OK,500 Utilisateurs simultanees 1-102,text,true,,9312,141,141,4
1784745189058,8,GET /api/boats/1,200,OK,500 Utilisateurs simultanees 1-124,text,true,,1788,141,141,8
1784745189101,21,GET /api/boats/1,200,OK,500 Utilisateurs simultanees 1-103,text,true,,1788,142,142,21
1784745189101,27,GET /api/boats/1,200,OK,500 Utilisateurs simultanees 1-14,text,true,,1788,142,142,27
1784745189108,51,GET /api/boats,200,OK,500 Utilisateurs simultanees 1-80,text,true,,17251,142,142,51
1784745189174,10,GET /api/articles,200,OK,500 Utilisateurs simultanees 1-19,text,true,,9312,142,142,10
1784745189180,14,GET /api/articles,200,OK,500 Utilisateurs simultanees 1-93,text,true,,9312,142,142,14
1784745189198,16,GET /api/articles,200,OK,500 Utilisateurs simultanees 1-39,text,true,,9312,142,142,16
1784745189201,37,GET /api/boats/1,200,OK,500 Utilisateurs simultanees 1-119,text,true,,1788,143,143,37
1784745189211,36,GET /api/boats/1,200,OK,500 Utilisateurs simultanees 1-107,text,true,,1788,143,143,36
1784745189229,28,GET /api/articles,200,OK,500 Utilisateurs simultanees 1-92,text,true,,9312,143,143,28
1784745189213,50,GET /api/boats,200,OK,500 Utilisateurs simultanees 1-24,text,true,,17251,143,143,50
1784745189216,52,GET /api/boats,200,OK,500 Utilisateurs simultanees 1-31,text,true,,17251,143,143,52
1784745189245,25,GET /api/articles,200,OK,500 Utilisateurs simultanees 1-97,text,true,,9312,143,143,25
1784745189239,37,GET /api/boats,200,OK,500 Utilisateurs simultanees 1-22,text,true,,17251,143,143,37
1784745189259,21,GET /api/boats/1,200,OK,500 Utilisateurs simultanees 1-76,text,true,,1788,143,143,21
1784745189298,7,GET /api/boats/1,200,OK,500 Utilisateurs simultanees 1-33,text,true,,1788,143,143,7
1784745189291,17,GET /api/boats,200,OK,500 Utilisateurs simultanees 1-130,text,true,,17251,143,143,17
1784745189349,8,GET /api/boats/1,200,OK,500 Utilisateurs simultanees 1-108,text,true,,1788,144,144,8
1784745189356,9,GET /api/boats/1,200,OK,500 Utilisateurs simultanees 1-66,text,true,,1788,144,144,9
1784745189391,17,GET /api/boats,200,OK,500 Utilisateurs simultanees 1-78,text,true,,17251,144,144,17
1784745189395,17,GET /api/boats,200,OK,500 Utilisateurs simultanees 1-90,text,true,,17251,144,144,17
1784745189411,16,GET /api/boats,200,OK,500 Utilisateurs simultanees 1-79,text,true,,17251,144,144,16
1784745189427,4,GET /api/articles,200,OK,500 Utilisateurs simultanees 1-40,text,true,,9312,144,144,4
1784745189430,17,GET /api/boats,200,OK,500 Utilisateurs simultanees 1-54,text,true,,17251,144,144,17
1784745189444,10,GET /api/boats/1,200,OK,500 Utilisateurs simultanees 1-111,text,true,,1788,144,144,10
1784745189461,23,GET /api/boats,200,OK,500 Utilisateurs simultanees 1-126,text,true,,17251,145,145,23
1784745189466,23,GET /api/boats,200,OK,500 Utilisateurs simultanees 1-21,text,true,,17251,145,145,22
1784745189472,26,GET /api/boats,200,OK,500 Utilisateurs simultanees 1-35,text,true,,17251,145,145,26
1784745189494,8,GET /api/boats/1,200,OK,500 Utilisateurs simultanees 1-68,text,true,,1788,145,145,8
1784745189499,8,GET /api/articles,200,OK,500 Utilisateurs simultanees 1-18,text,true,,9312,145,145,8
1784745189500,14,GET /api/articles,200,OK,500 Utilisateurs simultanees 1-110,text,true,,9312,144,144,14
1784745189494,25,GET /api/boats,200,OK,500 Utilisateurs simultanees 1-38,text,true,,17251,144,144,25
1784745189525,23,GET /api/boats,200,OK,500 Utilisateurs simultanees 1-10,text,true,,17251,144,144,23
1784745189528,24,GET /api/boats,200,OK,500 Utilisateurs simultanees 1-89,text,true,,17251,144,144,23
1784745189536,19,GET /api/articles,200,OK,500 Utilisateurs simultanees 1-27,text,true,,9312,144,144,19
1784745189545,21,GET /api/boats,200,OK,500 Utilisateurs simultanees 1-20,text,true,,17251,144,144,21
1784745189579,4,GET /api/articles,200,OK,500 Utilisateurs simultanees 1-45,text,true,,9312,145,145,4
1784745189582,19,GET /api/boats,200,OK,500 Utilisateurs simultanees 1-83,text,true,,17251,145,145,19
1784745189592,18,GET /api/boats,200,OK,500 Utilisateurs simultanees 1-17,text,true,,17251,145,145,18
1784745189617,10,GET /api/boats/1,200,OK,500 Utilisateurs simultanees 1-72,text,true,,1788,145,145,10
1784745189614,16,GET /api/boats,200,OK,500 Utilisateurs simultanees 1-86,text,true,,17251,145,145,16
1784745189646,3,GET /api/articles,200,OK,500 Utilisateurs simultanees 1-94,text,true,,9312,145,145,3
1784745189642,9,GET /api/boats/1,200,OK,500 Utilisateurs simultanees 1-122,text,true,,1788,145,145,9
1784745189659,8,GET /api/boats/1,200,OK,500 Utilisateurs simultanees 1-26,text,true,,1788,145,145,8
1784745189697,10,GET /api/boats/1,200,OK,500 Utilisateurs simultanees 1-116,text,true,,1788,146,146,10
1784745189749,34,GET /api/boats/1,200,OK,500 Utilisateurs simultanees 1-25,text,true,,1788,146,146,34
1784745189757,30,GET /api/articles,200,OK,500 Utilisateurs simultanees 1-101,text,true,,9312,146,146,30
1784745189757,41,GET /api/articles,200,OK,500 Utilisateurs simultanees 1-70,text,true,,9312,146,146,41
1784745189744,73,GET /api/boats,200,OK,500 Utilisateurs simultanees 1-131,text,true,,17251,146,146,73
1784745189768,67,GET /api/boats/1,200,OK,500 Utilisateurs simultanees 1-58,text,true,,1788,147,147,67
1784745189749,94,GET /api/boats,200,OK,500 Utilisateurs simultanees 1-88,text,true,,17251,147,147,94
1784745189789,66,GET /api/articles,200,OK,500 Utilisateurs simultanees 1-51,text,true,,9312,147,147,65
1784745189788,74,GET /api/boats/1,200,OK,500 Utilisateurs simultanees 1-53,text,true,,1788,147,147,74
1784745189823,63,GET /api/boats,200,OK,500 Utilisateurs simultanees 1-42,text,true,,17251,147,147,63
1784745189878,28,GET /api/articles,200,OK,500 Utilisateurs simultanees 1-95,text,true,,9312,147,147,28
1784745189897,35,GET /api/boats/1,200,OK,500 Utilisateurs simultanees 1-32,text,true,,1788,147,147,35
1784745189897,38,GET /api/boats/1,200,OK,500 Utilisateurs simultanees 1-109,text,true,,1788,147,147,38
1784745189903,34,GET /api/articles,200,OK,500 Utilisateurs simultanees 1-7,text,true,,9312,147,147,34
1784745189878,62,GET /api/boats,200,OK,500 Utilisateurs simultanees 1-140,text,true,,17251,147,147,62
1784745189880,67,GET /api/boats,200,OK,500 Utilisateurs simultanees 1-136,text,true,,17251,147,147,66
1784745189908,40,GET /api/articles,200,OK,500 Utilisateurs simultanees 1-67,text,true,,9312,147,147,40
1784745189871,80,GET /api/boats,200,OK,500 Utilisateurs simultanees 1-134,text,true,,17251,147,147,80
1784745189905,47,GET /api/boats/1,200,OK,500 Utilisateurs simultanees 1-30,text,true,,1788,147,147,47
1784745189914,47,GET /api/boats,200,OK,500 Utilisateurs simultanees 1-138,text,true,,17251,147,147,47
1784745189981,4,GET /api/articles,200,OK,500 Utilisateurs simultanees 1-9,text,true,,9312,147,147,4
1784745189993,12,GET /api/boats/1,200,OK,500 Utilisateurs simultanees 1-132,text,true,,1788,146,146,12
1784745189990,19,GET /api/boats,200,OK,500 Utilisateurs simultanees 1-143,text,true,,17251,146,146,19
1784745190013,4,GET /api/articles,200,OK,500 Utilisateurs simultanees 1-44,text,true,,9312,146,146,4
1784745190019,12,GET /api/boats/1,200,OK,500 Utilisateurs simultanees 1-74,text,true,,1788,146,146,12
1784745190027,19,GET /api/boats/1,200,OK,500 Utilisateurs simultanees 1-123,text,true,,1788,146,146,19
1784745190020,29,GET /api/boats,200,OK,500 Utilisateurs simultanees 1-28,text,true,,17251,146,146,29
1784745190020,34,GET /api/boats,200,OK,500 Utilisateurs simultanees 1-137,text,true,,17251,146,146,34
1784745190052,18,GET /api/boats,200,OK,500 Utilisateurs simultanees 1-91,text,true,,17251,147,147,18
1784745190063,11,GET /api/boats/1,200,OK,500 Utilisateurs simultanees 1-118,text,true,,1788,147,147,11
1784745190067,14,GET /api/boats/1,200,OK,500 Utilisateurs simultanees 1-85,text,true,,1788,147,147,14
1784745190075,9,GET /api/boats/1,200,OK,500 Utilisateurs simultanees 1-71,text,true,,1788,147,147,9
1784745190120,6,GET /api/articles,200,OK,500 Utilisateurs simultanees 1-69,text,true,,9312,147,147,5
1784745190130,29,GET /api/boats,200,OK,500 Utilisateurs simultanees 1-99,text,true,,17251,147,147,28
1784745190132,35,GET /api/boats,200,OK,500 Utilisateurs simultanees 1-1,text,true,,17251,147,147,35
1784745190139,30,GET /api/boats/1,200,OK,500 Utilisateurs simultanees 1-77,text,true,,1788,147,147,30
1784745190136,37,GET /api/boats,200,OK,500 Utilisateurs simultanees 1-41,text,true,,17251,147,147,36
1784745190176,11,GET /api/boats/1,200,OK,500 Utilisateurs simultanees 1-127,text,true,,1788,148,148,11
1784745190178,13,GET /api/boats/1,200,OK,500 Utilisateurs simultanees 1-115,text,true,,1788,148,148,13
1784745190197,19,GET /api/boats,200,OK,500 Utilisateurs simultanees 1-139,text,true,,17251,148,148,19
1784745190225,5,GET /api/articles,200,OK,500 Utilisateurs simultanees 1-49,text,true,,9312,148,148,5
1784745190220,18,GET /api/boats,200,OK,500 Utilisateurs simultanees 1-48,text,true,,17251,148,148,18
1784745190230,19,GET /api/boats,200,OK,500 Utilisateurs simultanees 1-57,text,true,,17251,148,148,19
1784745190247,12,GET /api/boats/1,200,OK,500 Utilisateurs simultanees 1-4,text,true,,1788,148,148,12
1784745190250,12,GET /api/boats/1,200,OK,500 Utilisateurs simultanees 1-125,text,true,,1788,148,148,12
1784745190263,8,GET /api/boats/1,200,OK,500 Utilisateurs simultanees 1-73,text,true,,1788,148,148,8
1784745190273,9,GET /api/boats/1,200,OK,500 Utilisateurs simultanees 1-114,text,true,,1788,148,148,9
1784745190282,5,GET /api/articles,200,OK,500 Utilisateurs simultanees 1-62,text,true,,9312,148,148,4
1784745190283,15,GET /api/boats,200,OK,500 Utilisateurs simultanees 1-82,text,true,,17251,148,148,15
1784745190295,7,GET /api/articles,200,OK,500 Utilisateurs simultanees 1-100,text,true,,9312,149,149,7
1784745190301,16,GET /api/boats,200,OK,500 Utilisateurs simultanees 1-145,text,true,,17251,149,149,16
1784745190326,4,GET /api/articles,200,OK,500 Utilisateurs simultanees 1-106,text,true,,9312,149,149,4
1784745190371,9,GET /api/boats/1,200,OK,500 Utilisateurs simultanees 1-34,text,true,,1788,149,149,9
1784745190390,5,GET /api/boats/1,200,OK,500 Utilisateurs simultanees 1-87,text,true,,1788,149,149,5
1784745190397,11,GET /api/boats,200,OK,500 Utilisateurs simultanees 1-37,text,true,,17251,149,149,11
1784745190415,8,GET /api/boats/1,200,OK,500 Utilisateurs simultanees 1-81,text,true,,1788,150,150,8
1784745190428,5,GET /api/articles,200,OK,500 Utilisateurs simultanees 1-50,text,true,,9312,150,150,4
1784745190440,8,GET /api/boats/1,200,OK,500 Utilisateurs simultanees 1-11,text,true,,1788,150,150,8
1784745190465,7,GET /api/boats/1,200,OK,500 Utilisateurs simultanees 1-60,text,true,,1788,150,150,7
1784745190468,15,GET /api/boats,200,OK,500 Utilisateurs simultanees 1-96,text,true,,17251,150,150,15
1784745190476,9,GET /api/boats/1,200,OK,500 Utilisateurs simultanees 1-117,text,true,,1788,150,150,9
1784745190483,16,GET /api/boats,200,OK,500 Utilisateurs simultanees 1-29,text,true,,17251,150,150,16
1784745190501,3,GET /api/articles,200,OK,500 Utilisateurs simultanees 1-56,text,true,,9312,150,150,3
1784745190507,12,GET /api/boats,200,OK,500 Utilisateurs simultanees 1-36,text,true,,17251,150,150,12
1784745190549,14,GET /api/boats,200,OK,500 Utilisateurs simultanees 1-135,text,true,,17251,151,151,14
1784745190561,9,GET /api/boats/1,200,OK,500 Utilisateurs simultanees 1-61,text,true,,1788,151,151,9
1784745190580,6,GET /api/articles,200,OK,500 Utilisateurs simultanees 1-112,text,true,,9312,151,151,6
1784745190580,8,GET /api/boats/1,200,OK,500 Utilisateurs simultanees 1-128,text,true,,1788,151,151,8
1784745190580,11,GET /api/boats/1,200,OK,500 Utilisateurs simultanees 1-13,text,true,,1788,151,151,11
1784745190615,6,GET /api/articles,200,OK,500 Utilisateurs simultanees 1-43,text,true,,9312,151,151,6
1784745190626,6,GET /api/articles,200,OK,500 Utilisateurs simultanees 1-2,text,true,,9312,151,151,6
1784745190629,25,GET /api/boats,200,OK,500 Utilisateurs simultanees 1-98,text,true,,17251,150,150,25
1784745190657,13,GET /api/boats/1,200,OK,500 Utilisateurs simultanees 1-113,text,true,,1788,151,151,13
1784745190684,8,GET /api/articles,200,OK,500 Utilisateurs simultanees 1-26,text,true,,9312,151,151,8
1784745190726,9,GET /api/articles,200,OK,500 Utilisateurs simultanees 1-68,text,true,,9312,150,150,9
1784745190752,44,GET /api/boats,200,OK,500 Utilisateurs simultanees 1-152,text,true,,17251,151,151,44
1784745190795,34,GET /api/articles,200,OK,500 Utilisateurs simultanees 1-104,text,true,,9312,151,151,34
1784745190794,39,GET /api/boats,200,OK,500 Utilisateurs simultanees 1-45,text,true,,17251,151,151,39
1784745190799,66,GET /api/boats,200,OK,500 Utilisateurs simultanees 1-27,text,true,,17251,151,151,66
1784745190822,47,GET /api/boats/1,200,OK,500 Utilisateurs simultanees 1-21,text,true,,1788,151,151,47
1784745190830,44,GET /api/boats/1,200,OK,500 Utilisateurs simultanees 1-47,text,true,,1788,151,151,44
1784745190832,48,GET /api/articles,200,OK,500 Utilisateurs simultanees 1-72,text,true,,9312,151,151,48
1784745190886,10,GET /api/boats/1,200,OK,500 Utilisateurs simultanees 1-121,text,true,,1788,151,151,10
1784745190900,8,GET /api/boats/1,200,OK,500 Utilisateurs simultanees 1-79,text,true,,1788,152,152,8
1784745190911,6,GET /api/articles,200,OK,500 Utilisateurs simultanees 1-3,text,true,,9312,152,152,6
1784745190918,16,GET /api/boats/1,200,OK,500 Utilisateurs simultanees 1-23,text,true,,1788,151,151,16
1784745190933,8,GET /api/boats/1,200,OK,500 Utilisateurs simultanees 1-126,text,true,,1788,151,151,8
1784745190942,5,GET /api/articles,200,OK,500 Utilisateurs simultanees 1-58,text,true,,9312,151,151,5
1784745190957,23,GET /api/articles,200,OK,500 Utilisateurs simultanees 1-64,text,true,,9312,151,151,23
1784745190956,30,GET /api/boats/1,200,OK,500 Utilisateurs simultanees 1-24,text,true,,1788,151,151,30
1784745190953,39,GET /api/boats,200,OK,500 Utilisateurs simultanees 1-150,text,true,,17251,151,151,39
1784745191016,13,GET /api/boats,200,OK,500 Utilisateurs simultanees 1-151,text,true,,17251,152,152,13
1784745191048,12,GET /api/boats,200,OK,500 Utilisateurs simultanees 1-147,text,true,,17251,152,152,12
1784745191074,8,GET /api/boats/1,200,OK,500 Utilisateurs simultanees 1-55,text,true,,1788,152,152,8
1784745191072,11,GET /api/boats,200,OK,500 Utilisateurs simultanees 1-155,text,true,,17251,152,152,11
1784745191100,9,GET /api/articles,200,OK,500 Utilisateurs simultanees 1-63,text,true,,9312,152,152,9
1784745191113,15,GET /api/boats/1,200,OK,500 Utilisateurs simultanees 1-84,text,true,,1788,152,152,15
1784745191144,19,GET /api/boats/1,200,OK,500 Utilisateurs simultanees 1-140,text,true,,1788,153,153,19
1784745191156,28,GET /api/boats/1,200,OK,500 Utilisateurs simultanees 1-133,text,true,,1788,153,153,28
1784745191163,24,GET /api/boats/1,200,OK,500 Utilisateurs simultanees 1-17,text,true,,1788,153,153,24
1784745191153,44,GET /api/boats,200,OK,500 Utilisateurs simultanees 1-52,text,true,,17251,153,153,44
1784745191208,28,GET /api/boats/1,200,OK,500 Utilisateurs simultanees 1-65,text,true,,1788,153,153,28
1784745191204,43,GET /api/boats,200,OK,500 Utilisateurs simultanees 1-19,text,true,,17251,153,153,43
1784745191224,29,GET /api/articles,200,OK,500 Utilisateurs simultanees 1-115,text,true,,9312,153,153,29
1784745191245,22,GET /api/articles,200,OK,500 Utilisateurs simultanees 1-119,text,true,,9312,154,154,22
1784745191252,19,GET /api/articles,200,OK,500 Utilisateurs simultanees 1-111,text,true,,9312,154,154,19
1784745191233,45,GET /api/boats,200,OK,500 Utilisateurs simultanees 1-142,text,true,,17251,154,154,45
1784745191240,42,GET /api/boats,200,OK,500 Utilisateurs simultanees 1-49,text,true,,17251,154,154,42
1784745191262,21,GET /api/boats/1,200,OK,500 Utilisateurs simultanees 1-131,text,true,,1788,154,154,21
1784745191289,16,GET /api/boats,200,OK,500 Utilisateurs simultanees 1-141,text,true,,17251,154,154,15
1784745191299,8,GET /api/articles,200,OK,500 Utilisateurs simultanees 1-122,text,true,,9312,154,154,8
1784745191312,3,GET /api/articles,200,OK,500 Utilisateurs simultanees 1-76,text,true,,9312,154,154,3
1784745191322,6,GET /api/articles,200,OK,500 Utilisateurs simultanees 1-75,text,true,,9312,154,154,6
1784745191322,9,GET /api/boats/1,200,OK,500 Utilisateurs simultanees 1-38,text,true,,1788,154,154,9
1784745191345,6,GET /api/articles,200,OK,500 Utilisateurs simultanees 1-4,text,true,,9312,154,154,6
1784745191342,19,GET /api/boats,200,OK,500 Utilisateurs simultanees 1-146,text,true,,17251,153,153,19
1784745191375,6,GET /api/articles,200,OK,500 Utilisateurs simultanees 1-53,text,true,,9312,154,154,6
1784745191378,6,GET /api/articles,200,OK,500 Utilisateurs simultanees 1-116,text,true,,9312,154,154,6
1784745191375,10,GET /api/boats/1,200,OK,500 Utilisateurs simultanees 1-120,text,true,,1788,154,154,10
1784745191394,13,GET /api/boats,200,OK,500 Utilisateurs simultanees 1-144,text,true,,17251,154,154,13
1784745191408,12,GET /api/boats,200,OK,500 Utilisateurs simultanees 1-44,text,true,,17251,154,154,12
1784745191422,9,GET /api/boats/1,200,OK,500 Utilisateurs simultanees 1-136,text,true,,1788,154,154,9
1784745191428,5,GET /api/articles,200,OK,500 Utilisateurs simultanees 1-33,text,true,,9312,154,154,5
1784745191431,9,GET /api/boats/1,200,OK,500 Utilisateurs simultanees 1-10,text,true,,1788,153,153,9
1784745191460,11,GET /api/boats/1,200,OK,500 Utilisateurs simultanees 1-99,text,true,,1788,153,153,11
1784745191455,20,GET /api/boats,200,OK,500 Utilisateurs simultanees 1-62,text,true,,17251,153,153,20
1784745191465,14,GET /api/articles,200,OK,500 Utilisateurs simultanees 1-114,text,true,,9312,153,153,14
1784745191470,17,GET /api/articles,200,OK,500 Utilisateurs simultanees 1-66,text,true,,9312,153,153,17
1784745191463,33,GET /api/boats,200,OK,500 Utilisateurs simultanees 1-102,text,true,,17251,153,153,33
1784745191474,24,GET /api/articles,200,OK,500 Utilisateurs simultanees 1-46,text,true,,9312,153,153,23
1784745191467,36,GET /api/boats,200,OK,500 Utilisateurs simultanees 1-97,text,true,,17251,154,154,36
1784745191483,23,GET /api/articles,200,OK,500 Utilisateurs simultanees 1-16,text,true,,9312,154,154,23
1784745191473,38,GET /api/boats,200,OK,500 Utilisateurs simultanees 1-39,text,true,,17251,153,153,37
1784745191533,11,GET /api/boats/1,200,OK,500 Utilisateurs simultanees 1-129,text,true,,1788,153,153,11
1784745191532,15,GET /api/boats,200,OK,500 Utilisateurs simultanees 1-40,text,true,,17251,153,153,15
1784745191545,7,GET /api/articles,200,OK,500 Utilisateurs simultanees 1-14,text,true,,9312,153,153,7
1784745191547,12,GET /api/boats/1,200,OK,500 Utilisateurs simultanees 1-130,text,true,,1788,152,152,12
1784745191546,17,GET /api/boats,200,OK,500 Utilisateurs simultanees 1-92,text,true,,17251,152,152,17
1784745191595,15,GET /api/boats,200,OK,500 Utilisateurs simultanees 1-94,text,true,,17251,152,152,15
1784745191636,6,GET /api/articles,200,OK,500 Utilisateurs simultanees 1-125,text,true,,9312,153,153,6
1784745191639,6,GET /api/articles,200,OK,500 Utilisateurs simultanees 1-124,text,true,,9312,153,153,6
1784745191660,4,GET /api/articles,200,OK,500 Utilisateurs simultanees 1-105,text,true,,9312,153,153,4
1784745191660,6,GET /api/articles,200,OK,500 Utilisateurs simultanees 1-107,text,true,,9312,153,153,6
1784745191676,7,GET /api/boats/1,200,OK,500 Utilisateurs simultanees 1-88,text,true,,1788,153,153,7
1784745191704,9,GET /api/boats/1,200,OK,500 Utilisateurs simultanees 1-35,text,true,,1788,153,153,9
1784745191721,5,GET /api/articles,200,OK,500 Utilisateurs simultanees 1-108,text,true,,9312,153,153,5
1784745191743,7,GET /api/articles,200,OK,500 Utilisateurs simultanees 1-32,text,true,,9312,154,154,7
1784745191747,27,GET /api/boats,200,OK,500 Utilisateurs simultanees 1-106,text,true,,17251,153,153,27
1784745191796,8,GET /api/articles,200,OK,500 Utilisateurs simultanees 1-73,text,true,,9312,153,153,8
1784745191797,11,GET /api/articles,200,OK,500 Utilisateurs simultanees 1-118,text,true,,9312,153,153,11
1784745191813,6,GET /api/articles,200,OK,500 Utilisateurs simultanees 1-11,text,true,,9312,153,153,6
1784745191808,15,GET /api/boats/1,200,OK,500 Utilisateurs simultanees 1-78,text,true,,1788,152,152,15
1784745191839,27,GET /api/boats,200,OK,500 Utilisateurs simultanees 1-93,text,true,,17251,153,153,27
1784745191865,15,GET /api/articles,200,OK,500 Utilisateurs simultanees 1-59,text,true,,9312,153,153,15
1784745191868,15,GET /api/articles,200,OK,500 Utilisateurs simultanees 1-103,text,true,,9312,153,153,15
1784745191851,43,GET /api/boats,200,OK,500 Utilisateurs simultanees 1-51,text,true,,17251,153,153,43
1784745191872,25,GET /api/articles,200,OK,500 Utilisateurs simultanees 1-128,text,true,,9312,153,153,25
1784745191891,20,GET /api/boats/1,200,OK,500 Utilisateurs simultanees 1-98,text,true,,1788,153,153,20
1784745191895,20,GET /api/boats/1,200,OK,500 Utilisateurs simultanees 1-89,text,true,,1788,153,153,19
1784745191921,16,GET /api/boats/1,200,OK,500 Utilisateurs simultanees 1-37,text,true,,1788,153,153,16
1784745191948,12,GET /api/articles,200,OK,500 Utilisateurs simultanees 1-34,text,true,,9312,153,153,12
1784745191946,23,GET /api/boats/1,200,OK,500 Utilisateurs simultanees 1-137,text,true,,1788,152,152,23
1784745191940,41,GET /api/boats,200,OK,500 Utilisateurs simultanees 1-154,text,true,,17251,153,153,41
1784745191979,22,GET /api/articles,200,OK,500 Utilisateurs simultanees 1-25,text,true,,9312,153,153,22
1784745191982,34,GET /api/boats/1,200,OK,500 Utilisateurs simultanees 1-20,text,true,,1788,152,152,34
1784745191959,63,GET /api/boats,200,OK,500 Utilisateurs simultanees 1-153,text,true,,17251,152,152,63
1784745191992,39,GET /api/boats/1,200,OK,500 Utilisateurs simultanees 1-22,text,true,,1788,152,152,39
1784745192010,26,GET /api/boats/1,200,OK,500 Utilisateurs simultanees 1-91,text,true,,1788,152,152,26
1784745191981,58,GET /api/boats,200,OK,500 Utilisateurs simultanees 1-156,text,true,,17251,152,152,58
1784745192027,15,GET /api/articles,200,OK,500 Utilisateurs simultanees 1-71,text,true,,9312,152,152,15
1784745192015,33,GET /api/boats,200,OK,500 Utilisateurs simultanees 1-157,text,true,,17251,152,152,33
1784745192046,10,GET /api/boats/1,200,OK,500 Utilisateurs simultanees 1-80,text,true,,1788,152,152,10
1784745192049,15,GET /api/boats/1,200,OK,500 Utilisateurs simultanees 1-152,text,true,,1788,152,152,15
1784745192047,20,GET /api/boats,200,OK,500 Utilisateurs simultanees 1-67,text,true,,17251,152,152,20
1784745192058,14,GET /api/boats/1,200,OK,500 Utilisateurs simultanees 1-42,text,true,,1788,152,152,14
1784745192063,12,GET /api/boats/1,200,OK,500 Utilisateurs simultanees 1-54,text,true,,1788,152,152,12
1784745192064,15,GET /api/boats,200,OK,500 Utilisateurs simultanees 1-95,text,true,,17251,152,152,15
1784745192087,13,GET /api/boats,200,OK,500 Utilisateurs simultanees 1-56,text,true,,17251,153,153,13
1784745192101,17,GET /api/boats,200,OK,500 Utilisateurs simultanees 1-110,text,true,,17251,153,153,17
1784745192103,23,GET /api/boats,200,OK,500 Utilisateurs simultanees 1-148,text,true,,17251,153,153,23
1784745192113,15,GET /api/boats/1,200,OK,500 Utilisateurs simultanees 1-31,text,true,,1788,153,153,15
1784745192113,17,GET /api/boats/1,200,OK,500 Utilisateurs simultanees 1-90,text,true,,1788,153,153,17
1784745192128,6,GET /api/articles,200,OK,500 Utilisateurs simultanees 1-30,text,true,,9312,153,153,6
1784745192129,6,GET /api/articles,200,OK,500 Utilisateurs simultanees 1-79,text,true,,9312,152,152,6
1784745192168,13,GET /api/boats,200,OK,500 Utilisateurs simultanees 1-101,text,true,,17251,152,152,13
1784745192188,5,GET /api/articles,200,OK,500 Utilisateurs simultanees 1-121,text,true,,9312,152,152,5
1784745192206,7,GET /api/articles,200,OK,500 Utilisateurs simultanees 1-85,text,true,,9312,152,152,7
1784745192204,11,GET /api/boats/1,200,OK,500 Utilisateurs simultanees 1-29,text,true,,1788,152,152,11
1784745192213,10,GET /api/boats/1,200,OK,500 Utilisateurs simultanees 1-83,text,true,,1788,153,153,10
1784745192206,20,GET /api/boats,200,OK,500 Utilisateurs simultanees 1-149,text,true,,17251,153,153,20
1784745192221,13,GET /api/boats/1,200,OK,500 Utilisateurs simultanees 1-134,text,true,,1788,153,153,13
1784745192232,11,GET /api/boats/1,200,OK,500 Utilisateurs simultanees 1-82,text,true,,1788,153,153,11
1784745192264,11,GET /api/articles,200,OK,500 Utilisateurs simultanees 1-55,text,true,,9312,153,153,11
1784745192257,21,GET /api/boats,200,OK,500 Utilisateurs simultanees 1-159,text,true,,17251,153,153,21
1784745192259,22,GET /api/boats,200,OK,500 Utilisateurs simultanees 1-58,text,true,,17251,153,153,22
1784745192292,10,GET /api/boats/1,200,OK,500 Utilisateurs simultanees 1-145,text,true,,1788,153,153,10
1784745192291,15,GET /api/boats,200,OK,500 Utilisateurs simultanees 1-70,text,true,,17251,153,153,14
1784745192346,14,GET /api/boats,200,OK,500 Utilisateurs simultanees 1-158,text,true,,17251,154,154,14
1784745192362,4,GET /api/articles,200,OK,500 Utilisateurs simultanees 1-23,text,true,,9312,154,154,4
1784745192359,16,GET /api/boats,200,OK,500 Utilisateurs simultanees 1-50,text,true,,17251,153,153,16
1784745192365,12,GET /api/articles,200,OK,500 Utilisateurs simultanees 1-123,text,true,,9312,153,153,12
1784745192408,7,GET /api/boats/1,200,OK,500 Utilisateurs simultanees 1-57,text,true,,1788,153,153,7
1784745192414,5,GET /api/articles,200,OK,500 Utilisateurs simultanees 1-131,text,true,,9312,153,153,5
1784745192420,8,GET /api/articles,200,OK,500 Utilisateurs simultanees 1-17,text,true,,9312,153,153,8
1784745192421,10,GET /api/boats/1,200,OK,500 Utilisateurs simultanees 1-155,text,true,,1788,152,152,10
1784745192434,11,GET /api/boats/1,200,OK,500 Utilisateurs simultanees 1-96,text,true,,1788,152,152,11
1784745192437,11,GET /api/boats/1,200,OK,500 Utilisateurs simultanees 1-36,text,true,,1788,152,152,11
1784745192455,5,GET /api/articles,200,OK,500 Utilisateurs simultanees 1-21,text,true,,9312,152,152,5
1784745192503,6,GET /api/articles,200,OK,500 Utilisateurs simultanees 1-77,text,true,,9312,152,152,6
1784745192514,4,GET /api/articles,200,OK,500 Utilisateurs simultanees 1-109,text,true,,9312,152,152,4
1784745192519,16,GET /api/boats/1,200,OK,500 Utilisateurs simultanees 1-102,text,true,,1788,152,152,16
1784745192517,22,GET /api/boats,200,OK,500 Utilisateurs simultanees 1-69,text,true,,17251,152,152,22
1784745192567,4,GET /api/articles,200,OK,500 Utilisateurs simultanees 1-81,text,true,,9312,152,152,4
1784745192563,11,GET /api/boats/1,200,OK,500 Utilisateurs simultanees 1-86,text,true,,1788,152,152,11
1784745192564,20,GET /api/boats,200,OK,500 Utilisateurs simultanees 1-63,text,true,,17251,153,153,20
1784745192587,9,GET /api/boats/1,200,OK,500 Utilisateurs simultanees 1-146,text,true,,1788,153,153,9
1784745192604,11,GET /api/boats/1,200,OK,500 Utilisateurs simultanees 1-139,text,true,,1788,153,153,11
1784745192609,19,GET /api/boats,200,OK,500 Utilisateurs simultanees 1-166,text,true,,17251,153,153,19
1784745192621,9,GET /api/articles,200,OK,500 Utilisateurs simultanees 1-117,text,true,,9312,153,153,9
1784745192636,9,GET /api/boats/1,200,OK,500 Utilisateurs simultanees 1-92,text,true,,1788,153,153,9
1784745192654,10,GET /api/boats/1,200,OK,500 Utilisateurs simultanees 1-97,text,true,,1788,153,153,10
1784745192654,21,GET /api/boats,200,OK,500 Utilisateurs simultanees 1-161,text,true,,17251,153,153,20
1784745192676,17,GET /api/boats,200,OK,500 Utilisateurs simultanees 1-122,text,true,,17251,153,153,17
1784745192676,20,GET /api/boats,200,OK,500 Utilisateurs simultanees 1-64,text,true,,17251,153,153,20
1784745192699,8,GET /api/boats/1,200,OK,500 Utilisateurs simultanees 1-62,text,true,,1788,154,154,8
1784745192701,8,GET /api/boats/1,200,OK,500 Utilisateurs simultanees 1-28,text,true,,1788,154,154,8
1784745192729,8,GET /api/boats/1,200,OK,500 Utilisateurs simultanees 1-49,text,true,,1788,154,154,8
1784745192734,5,GET /api/articles,200,OK,500 Utilisateurs simultanees 1-126,text,true,,9312,154,154,5
1784745192738,8,GET /api/boats/1,200,OK,500 Utilisateurs simultanees 1-138,text,true,,1788,154,154,8
1784745192746,12,GET /api/boats/1,200,OK,500 Utilisateurs simultanees 1-1,text,true,,1788,154,154,12
1784745192746,15,GET /api/boats,200,OK,500 Utilisateurs simultanees 1-46,text,true,,17251,154,154,15
1784745192763,13,GET /api/boats,200,OK,500 Utilisateurs simultanees 1-107,text,true,,17251,154,154,13
1784745192815,7,GET /api/articles,200,OK,500 Utilisateurs simultanees 1-74,text,true,,9312,155,155,7
1784745192828,19,GET /api/boats/1,200,OK,500 Utilisateurs simultanees 1-41,text,true,,1788,155,155,19
1784745192834,23,GET /api/boats/1,200,OK,500 Utilisateurs simultanees 1-44,text,true,,1788,155,155,23
1784745192856,37,GET /api/boats/1,200,OK,500 Utilisateurs simultanees 1-39,text,true,,1788,155,155,37
1784745192872,46,GET /api/boats/1,200,OK,500 Utilisateurs simultanees 1-150,text,true,,1788,155,155,46
1784745192878,64,GET /api/boats/1,200,OK,500 Utilisateurs simultanees 1-45,text,true,,1788,156,156,64
1784745192871,82,GET /api/boats,200,OK,500 Utilisateurs simultanees 1-125,text,true,,17251,156,156,81
1784745192908,52,GET /api/articles,200,OK,500 Utilisateurs simultanees 1-10,text,true,,9312,156,156,52
1784745192903,60,GET /api/boats/1,200,OK,500 Utilisateurs simultanees 1-48,text,true,,1788,155,155,60
1784745192965,5,GET /api/articles,200,OK,500 Utilisateurs simultanees 1-129,text,true,,9312,155,155,5
1784745192960,22,GET /api/boats,200,OK,500 Utilisateurs simultanees 1-111,text,true,,17251,155,155,22
1784745192990,8,GET /api/articles,200,OK,500 Utilisateurs simultanees 1-84,text,true,,9312,155,155,8
1784745192990,9,GET /api/articles,200,OK,500 Utilisateurs simultanees 1-132,text,true,,9312,155,155,9
1784745192989,13,GET /api/boats/1,200,OK,500 Utilisateurs simultanees 1-143,text,true,,1788,155,155,13
1784745192992,14,GET /api/boats/1,200,OK,500 Utilisateurs simultanees 1-141,text,true,,1788,155,155,14
1784745192998,11,GET /api/articles,200,OK,500 Utilisateurs simultanees 1-87,text,true,,9312,155,155,11
1784745193025,11,GET /api/boats/1,200,OK,500 Utilisateurs simultanees 1-154,text,true,,1788,155,155,11
1784745193021,19,GET /api/boats,200,OK,500 Utilisateurs simultanees 1-163,text,true,,17251,155,155,19
1784745193029,12,GET /api/articles,200,OK,500 Utilisateurs simultanees 1-35,text,true,,9312,155,155,12
1784745193045,4,GET /api/articles,200,OK,500 Utilisateurs simultanees 1-127,text,true,,9312,154,154,4
1784745193049,15,GET /api/boats,200,OK,500 Utilisateurs simultanees 1-100,text,true,,17251,155,155,15
1784745193065,20,GET /api/boats,200,OK,500 Utilisateurs simultanees 1-112,text,true,,17251,155,155,20
1784745193069,21,GET /api/boats,200,OK,500 Utilisateurs simultanees 1-104,text,true,,17251,155,155,21
1784745193090,5,GET /api/articles,200,OK,500 Utilisateurs simultanees 1-61,text,true,,9312,155,155,5
1784745193094,18,GET /api/boats,200,OK,500 Utilisateurs simultanees 1-53,text,true,,17251,155,155,18
1784745193123,15,GET /api/boats,200,OK,500 Utilisateurs simultanees 1-68,text,true,,17251,155,155,15
1784745193132,9,GET /api/articles,200,OK,500 Utilisateurs simultanees 1-37,text,true,,9312,155,155,9
1784745193201,9,GET /api/boats/1,200,OK,500 Utilisateurs simultanees 1-51,text,true,,1788,155,155,9
1784745193205,16,GET /api/boats,200,OK,500 Utilisateurs simultanees 1-165,text,true,,17251,155,155,16
1784745193209,15,GET /api/boats,200,OK,500 Utilisateurs simultanees 1-116,text,true,,17251,155,155,15
1784745193221,15,GET /api/boats,200,OK,500 Utilisateurs simultanees 1-128,text,true,,17251,155,155,15
1784745193236,6,GET /api/articles,200,OK,500 Utilisateurs simultanees 1-80,text,true,,9312,155,155,5
1784745193260,3,GET /api/articles,200,OK,500 Utilisateurs simultanees 1-13,text,true,,9312,155,155,3
1784745193262,8,GET /api/boats/1,200,OK,500 Utilisateurs simultanees 1-151,text,true,,1788,154,154,8
1784745193273,4,GET /api/articles,200,OK,500 Utilisateurs simultanees 1-29,text,true,,9312,154,154,4
1784745193287,4,GET /api/articles,200,OK,500 Utilisateurs simultanees 1-134,text,true,,9312,153,153,4
1784745193310,22,GET /api/boats,200,OK,500 Utilisateurs simultanees 1-105,text,true,,17251,154,154,22
1784745193312,23,GET /api/boats,200,OK,500 Utilisateurs simultanees 1-76,text,true,,17251,154,154,23
1784745193320,22,GET /api/boats/1,200,OK,500 Utilisateurs simultanees 1-19,text,true,,1788,154,154,22
1784745193327,18,GET /api/articles,200,OK,500 Utilisateurs simultanees 1-140,text,true,,9312,154,154,18
1784745193331,19,GET /api/boats/1,200,OK,500 Utilisateurs simultanees 1-147,text,true,,1788,154,154,19
1784745193340,24,GET /api/boats,200,OK,500 Utilisateurs simultanees 1-160,text,true,,17251,154,154,24
1784745193354,12,GET /api/articles,200,OK,500 Utilisateurs simultanees 1-65,text,true,,9312,154,154,12
1784745193381,17,GET /api/articles,200,OK,500 Utilisateurs simultanees 1-99,text,true,,9312,154,154,17
1784745193403,73,GET /api/articles,200,OK,500 Utilisateurs simultanees 1-98,text,true,,9312,155,155,73
1784745193389,96,GET /api/boats,200,OK,500 Utilisateurs simultanees 1-71,text,true,,17251,155,155,96
1784745193418,75,GET /api/articles,200,OK,500 Utilisateurs simultanees 1-60,text,true,,9312,155,155,75
1784745193390,120,GET /api/boats/1,200,OK,500 Utilisateurs simultanees 1-67,text,true,,1788,155,155,120
1784745193381,133,GET /api/boats,200,OK,500 Utilisateurs simultanees 1-43,text,true,,17251,155,155,133
1784745193386,138,GET /api/boats,200,OK,500 Utilisateurs simultanees 1-72,text,true,,17251,155,155,138
1784745193403,125,GET /api/articles,200,OK,500 Utilisateurs simultanees 1-24,text,true,,9312,155,155,125
1784745193412,140,GET /api/boats,200,OK,500 Utilisateurs simultanees 1-172,text,true,,17251,155,155,140
1784745193477,82,GET /api/articles,200,OK,500 Utilisateurs simultanees 1-82,text,true,,9312,155,155,82
1784745193488,75,GET /api/articles,200,OK,500 Utilisateurs simultanees 1-137,text,true,,9312,155,155,75
1784745193496,73,GET /api/articles,200,OK,500 Utilisateurs simultanees 1-130,text,true,,9312,155,155,73
1784745193443,140,GET /api/articles,200,OK,500 Utilisateurs simultanees 1-47,text,true,,9312,155,155,140
1784745193464,122,GET /api/boats/1,200,OK,500 Utilisateurs simultanees 1-135,text,true,,1788,154,154,122
1784745193466,123,GET /api/articles,200,OK,500 Utilisateurs simultanees 1-22,text,true,,9312,154,154,123
1784745193412,183,GET /api/boats,200,OK,500 Utilisateurs simultanees 1-164,text,true,,17251,153,153,183
1784745193540,57,GET /api/articles,200,OK,500 Utilisateurs simultanees 1-113,text,true,,9312,153,153,57
1784745193542,57,GET /api/articles,200,OK,500 Utilisateurs simultanees 1-20,text,true,,9312,153,153,57
1784745193572,29,GET /api/articles,200,OK,500 Utilisateurs simultanees 1-145,text,true,,9312,152,152,29
1784745193591,42,GET /api/boats/1,200,OK,500 Utilisateurs simultanees 1-157,text,true,,1788,152,152,42
1784745193560,81,GET /api/boats,200,OK,500 Utilisateurs simultanees 1-168,text,true,,17251,152,152,81
1784745193632,16,GET /api/boats/1,200,OK,500 Utilisateurs simultanees 1-52,text,true,,1788,152,152,16
1784745193632,19,GET /api/boats/1,200,OK,500 Utilisateurs simultanees 1-156,text,true,,1788,152,152,19
1784745193646,11,GET /api/articles,200,OK,500 Utilisateurs simultanees 1-96,text,true,,9312,152,152,11
1784745193625,35,GET /api/boats,200,OK,500 Utilisateurs simultanees 1-170,text,true,,17251,153,153,35
1784745193671,6,GET /api/articles,200,OK,500 Utilisateurs simultanees 1-102,text,true,,9312,153,153,6
1784745193671,9,GET /api/boats/1,200,OK,500 Utilisateurs simultanees 1-159,text,true,,1788,153,153,9
1784745193685,15,GET /api/boats/1,200,OK,500 Utilisateurs simultanees 1-95,text,true,,1788,153,153,15
1784745193702,11,GET /api/articles,200,OK,500 Utilisateurs simultanees 1-31,text,true,,9312,153,153,11
1784745193712,13,GET /api/articles,200,OK,500 Utilisateurs simultanees 1-38,text,true,,9312,152,152,13
1784745193712,15,GET /api/articles,200,OK,500 Utilisateurs simultanees 1-155,text,true,,9312,151,151,15
1784745193699,33,GET /api/boats,200,OK,500 Utilisateurs simultanees 1-121,text,true,,17251,151,151,33
1784745193718,17,GET /api/articles,200,OK,500 Utilisateurs simultanees 1-86,text,true,,9312,151,151,17
1784745193733,22,GET /api/boats,200,OK,500 Utilisateurs simultanees 1-75,text,true,,17251,151,151,22
1784745193744,14,GET /api/articles,200,OK,500 Utilisateurs simultanees 1-54,text,true,,9312,151,151,14
1784745193754,10,GET /api/articles,200,OK,500 Utilisateurs simultanees 1-120,text,true,,9312,150,150,10
1784745193749,29,GET /api/boats,200,OK,500 Utilisateurs simultanees 1-162,text,true,,17251,150,150,29
1784745193795,10,GET /api/boats/1,200,OK,500 Utilisateurs simultanees 1-46,text,true,,1788,151,151,10
1784745193817,10,GET /api/boats/1,200,OK,500 Utilisateurs simultanees 1-27,text,true,,1788,151,151,10
1784745193827,9,GET /api/articles,200,OK,500 Utilisateurs simultanees 1-42,text,true,,9312,151,151,9
1784745193825,33,GET /api/boats,200,OK,500 Utilisateurs simultanees 1-59,text,true,,17251,150,150,33
1784745193829,35,GET /api/boats,200,OK,500 Utilisateurs simultanees 1-119,text,true,,17251,150,150,35
1784745193830,39,GET /api/boats,200,OK,500 Utilisateurs simultanees 1-114,text,true,,17251,150,150,39
1784745193846,26,GET /api/boats/1,200,OK,500 Utilisateurs simultanees 1-153,text,true,,1788,150,150,26
1784745193885,13,GET /api/boats/1,200,OK,500 Utilisateurs simultanees 1-110,text,true,,1788,150,150,13
1784745193943,4,GET /api/articles,200,OK,500 Utilisateurs simultanees 1-41,text,true,,9312,151,151,4
1784745193951,9,GET /api/boats/1,200,OK,500 Utilisateurs simultanees 1-70,text,true,,1788,150,150,9
1784745193993,2,GET /api/articles,200,OK,500 Utilisateurs simultanees 1-36,text,true,,9312,150,150,2
1784745193995,6,GET /api/boats/1,200,OK,500 Utilisateurs simultanees 1-142,text,true,,1788,149,149,6
1784745194036,6,GET /api/articles,200,OK,500 Utilisateurs simultanees 1-150,text,true,,9312,150,150,6
1784745194037,13,GET /api/boats,200,OK,500 Utilisateurs simultanees 1-73,text,true,,17251,150,150,13
1784745194052,8,GET /api/boats/1,200,OK,500 Utilisateurs simultanees 1-56,text,true,,1788,150,150,8
1784745194066,5,GET /api/articles,200,OK,500 Utilisateurs simultanees 1-88,text,true,,9312,150,150,5
1784745194097,9,GET /api/articles,200,OK,500 Utilisateurs simultanees 1-143,text,true,,9312,150,150,9
1784745194130,46,GET /api/boats,200,OK,500 Utilisateurs simultanees 1-171,text,true,,17251,151,151,45
1784745194149,30,GET /api/boats/1,200,OK,500 Utilisateurs simultanees 1-166,text,true,,1788,151,151,30
1784745194150,33,GET /api/boats/1,200,OK,500 Utilisateurs simultanees 1-58,text,true,,1788,151,151,33
1784745194177,21,GET /api/articles,200,OK,500 Utilisateurs simultanees 1-133,text,true,,9312,151,151,21
1784745194178,35,GET /api/boats/1,200,OK,500 Utilisateurs simultanees 1-144,text,true,,1788,151,151,35
1784745194198,27,GET /api/boats/1,200,OK,500 Utilisateurs simultanees 1-158,text,true,,1788,151,151,27
1784745194203,31,GET /api/boats/1,200,OK,500 Utilisateurs simultanees 1-94,text,true,,1788,151,151,31
1784745194244,28,GET /api/articles,200,OK,500 Utilisateurs simultanees 1-146,text,true,,9312,152,152,28
1784745194244,31,GET /api/articles,200,OK,500 Utilisateurs simultanees 1-1,text,true,,9312,152,152,31
1784745194240,38,GET /api/boats/1,200,OK,500 Utilisateurs simultanees 1-107,text,true,,1788,151,151,38
1784745194236,45,GET /api/boats,200,OK,500 Utilisateurs simultanees 1-115,text,true,,17251,151,151,45
1784745194300,8,GET /api/boats/1,200,OK,500 Utilisateurs simultanees 1-163,text,true,,1788,151,151,8
1784745194307,6,GET /api/articles,200,OK,500 Utilisateurs simultanees 1-151,text,true,,9312,151,151,6
1784745194310,6,GET /api/boats/1,200,OK,500 Utilisateurs simultanees 1-40,text,true,,1788,151,151,6
1784745194327,15,GET /api/boats,200,OK,500 Utilisateurs simultanees 1-176,text,true,,17251,151,151,15
1784745194342,3,GET /api/articles,200,OK,500 Utilisateurs simultanees 1-51,text,true,,9312,151,151,3
1784745194356,3,GET /api/articles,200,OK,500 Utilisateurs simultanees 1-45,text,true,,9312,150,150,3
1784745194358,8,GET /api/boats/1,200,OK,500 Utilisateurs simultanees 1-149,text,true,,1788,149,149,8
1784745194367,15,GET /api/boats,200,OK,500 Utilisateurs simultanees 1-169,text,true,,17251,150,150,15
1784745194398,8,GET /api/articles,200,OK,500 Utilisateurs simultanees 1-48,text,true,,9312,150,150,8
1784745194395,26,GET /api/boats,200,OK,500 Utilisateurs simultanees 1-66,text,true,,17251,149,149,26
1784745194408,16,GET /api/articles,200,OK,500 Utilisateurs simultanees 1-152,text,true,,9312,149,149,16
1784745194400,28,GET /api/boats,200,OK,500 Utilisateurs simultanees 1-103,text,true,,17251,149,149,28
1784745194414,24,GET /api/boats/1,200,OK,500 Utilisateurs simultanees 1-122,text,true,,1788,149,149,24
1784745194421,21,GET /api/articles,200,OK,500 Utilisateurs simultanees 1-91,text,true,,9312,149,149,21
1784745194427,17,GET /api/articles,200,OK,500 Utilisateurs simultanees 1-136,text,true,,9312,149,149,17
1784745194428,22,GET /api/boats/1,200,OK,500 Utilisateurs simultanees 1-69,text,true,,1788,149,149,22
1784745194412,42,GET /api/boats,200,OK,500 Utilisateurs simultanees 1-177,text,true,,17251,149,149,42
1784745194439,20,GET /api/boats/1,200,OK,500 Utilisateurs simultanees 1-101,text,true,,1788,149,149,20
1784745194448,24,GET /api/boats,200,OK,500 Utilisateurs simultanees 1-167,text,true,,17251,149,149,24
1784745194466,11,GET /api/boats/1,200,OK,500 Utilisateurs simultanees 1-125,text,true,,1788,149,149,11
1784745194472,9,GET /api/boats/1,200,OK,500 Utilisateurs simultanees 1-112,text,true,,1788,149,149,9
1784745194473,11,GET /api/boats/1,200,OK,500 Utilisateurs simultanees 1-53,text,true,,1788,149,149,11
1784745194493,8,GET /api/boats/1,200,OK,500 Utilisateurs simultanees 1-111,text,true,,1788,150,150,8
1784745194502,9,GET /api/articles,200,OK,500 Utilisateurs simultanees 1-83,text,true,,9312,150,150,9
1784745194506,22,GET /api/boats,200,OK,500 Utilisateurs simultanees 1-131,text,true,,17251,150,150,22
1784745194514,18,GET /api/articles,200,OK,500 Utilisateurs simultanees 1-89,text,true,,9312,150,150,18
1784745194512,25,GET /api/boats,200,OK,500 Utilisateurs simultanees 1-117,text,true,,17251,150,150,25
1784745194529,18,GET /api/boats/1,200,OK,500 Utilisateurs simultanees 1-50,text,true,,1788,150,150,18
1784745194520,35,GET /api/boats,200,OK,500 Utilisateurs simultanees 1-124,text,true,,17251,150,150,35
1784745194524,35,GET /api/boats,200,OK,500 Utilisateurs simultanees 1-179,text,true,,17251,150,150,35
1784745194551,11,GET /api/articles,200,OK,500 Utilisateurs simultanees 1-97,text,true,,9312,150,150,11
1784745194564,8,GET /api/boats/1,200,OK,500 Utilisateurs simultanees 1-72,text,true,,1788,150,150,8
1784745194612,4,GET /api/articles,200,OK,500 Utilisateurs simultanees 1-154,text,true,,9312,150,150,4
1784745194631,8,GET /api/boats/1,200,OK,500 Utilisateurs simultanees 1-93,text,true,,1788,151,151,8
1784745194633,13,GET /api/boats,200,OK,500 Utilisateurs simultanees 1-108,text,true,,17251,151,151,13
1784745194640,8,GET /api/articles,200,OK,500 Utilisateurs simultanees 1-90,text,true,,9312,151,151,8
1784745194653,8,GET /api/boats/1,200,OK,500 Utilisateurs simultanees 1-63,text,true,,1788,151,151,8
1784745194679,19,GET /api/boats,200,OK,500 Utilisateurs simultanees 1-81,text,true,,17251,151,151,19
1784745194684,16,GET /api/boats/1,200,OK,500 Utilisateurs simultanees 1-106,text,true,,1788,151,151,16
1784745194695,11,GET /api/articles,200,OK,500 Utilisateurs simultanees 1-78,text,true,,9312,151,151,11
1784745194732,21,GET /api/boats,200,OK,500 Utilisateurs simultanees 1-118,text,true,,17251,152,152,20
1784745194753,35,GET /api/boats,200,OK,500 Utilisateurs simultanees 1-109,text,true,,17251,152,152,34
1784745194756,44,GET /api/boats,200,OK,500 Utilisateurs simultanees 1-55,text,true,,17251,152,152,44
1784745194768,39,GET /api/articles,200,OK,500 Utilisateurs simultanees 1-156,text,true,,9312,152,152,39
1784745194763,58,GET /api/boats,200,OK,500 Utilisateurs simultanees 1-84,text,true,,17251,152,152,58
1784745194795,50,GET /api/boats/1,200,OK,500 Utilisateurs simultanees 1-116,text,true,,1788,152,152,50
1784745194779,73,GET /api/boats,200,OK,500 Utilisateurs simultanees 1-123,text,true,,17251,152,152,73
1784745194812,45,GET /api/boats/1,200,OK,500 Utilisateurs simultanees 1-64,text,true,,1788,152,152,45
1784745194791,70,GET /api/boats,200,OK,500 Utilisateurs simultanees 1-85,text,true,,17251,153,153,70
1784745194783,82,GET /api/boats,200,OK,500 Utilisateurs simultanees 1-174,text,true,,17251,153,153,82
1784745194810,68,GET /api/boats,200,OK,500 Utilisateurs simultanees 1-173,text,true,,17251,153,153,68
1784745194840,40,GET /api/boats,200,OK,500 Utilisateurs simultanees 1-126,text,true,,17251,153,153,40
1784745194842,40,GET /api/boats,200,OK,500 Utilisateurs simultanees 1-79,text,true,,17251,153,153,40
1784745194844,40,GET /api/boats,200,OK,500 Utilisateurs simultanees 1-185,text,true,,17251,153,153,40
1784745194878,13,GET /api/boats/1,200,OK,500 Utilisateurs simultanees 1-100,text,true,,1788,153,153,13
1784745194881,15,GET /api/boats,200,OK,500 Utilisateurs simultanees 1-86,text,true,,17251,153,153,15
1784745194923,23,GET /api/boats,200,OK,500 Utilisateurs simultanees 1-137,text,true,,17251,153,153,15
1784745194924,22,GET /api/boats,200,OK,500 Utilisateurs simultanees 1-98,text,true,,17251,153,153,22
1784745194967,4,GET /api/articles,200,OK,500 Utilisateurs simultanees 1-44,text,true,,9312,153,153,4
1784745194987,4,GET /api/articles,200,OK,500 Utilisateurs simultanees 1-62,text,true,,9312,153,153,4
1784745195006,12,GET /api/boats,200,OK,500 Utilisateurs simultanees 1-87,text,true,,17251,152,152,12
1784745195043,7,GET /api/articles,200,OK,500 Utilisateurs simultanees 1-46,text,true,,9312,152,152,7
1784745195039,15,GET /api/boats/1,200,OK,500 Utilisateurs simultanees 1-148,text,true,,1788,151,151,15
1784745195045,13,GET /api/articles,200,OK,500 Utilisateurs simultanees 1-142,text,true,,9312,151,151,13
1784745195065,14,GET /api/boats/1,200,OK,500 Utilisateurs simultanees 1-170,text,true,,1788,151,151,14
1784745195082,8,GET /api/articles,200,OK,500 Utilisateurs simultanees 1-95,text,true,,9312,151,151,8
1784745195092,10,GET /api/articles,200,OK,500 Utilisateurs simultanees 1-147,text,true,,9312,152,152,10
1784745195086,42,GET /api/boats,200,OK,500 Utilisateurs simultanees 1-65,text,true,,17251,152,152,42
1784745195107,24,GET /api/boats/1,200,OK,500 Utilisateurs simultanees 1-161,text,true,,1788,152,152,24
1784745195106,40,GET /api/boats,200,OK,500 Utilisateurs simultanees 1-183,text,true,,17251,152,152,40
1784745195143,23,GET /api/boats/1,200,OK,500 Utilisateurs simultanees 1-76,text,true,,1788,152,152,23
1784745195153,16,GET /api/articles,200,OK,500 Utilisateurs simultanees 1-39,text,true,,9312,152,152,16
1784745195139,59,GET /api/boats,200,OK,500 Utilisateurs simultanees 1-175,text,true,,17251,151,151,59
1784745195163,38,GET /api/boats/1,200,OK,500 Utilisateurs simultanees 1-160,text,true,,1788,151,151,38
1784745195157,48,GET /api/boats,200,OK,500 Utilisateurs simultanees 1-145,text,true,,17251,151,151,48
1784745195199,10,GET /api/articles,200,OK,500 Utilisateurs simultanees 1-153,text,true,,9312,151,151,10
1784745195219,5,GET /api/articles,200,OK,500 Utilisateurs simultanees 1-139,text,true,,9312,152,152,4
1784745195230,13,GET /api/boats,200,OK,500 Utilisateurs simultanees 1-130,text,true,,17251,152,152,13
1784745195247,4,GET /api/articles,200,OK,500 Utilisateurs simultanees 1-57,text,true,,9312,152,152,4
1784745195254,12,GET /api/boats,200,OK,500 Utilisateurs simultanees 1-74,text,true,,17251,151,151,12
1784745195288,12,GET /api/boats,200,OK,500 Utilisateurs simultanees 1-127,text,true,,17251,151,151,12
1784745195307,4,GET /api/articles,200,OK,500 Utilisateurs simultanees 1-159,text,true,,9312,151,151,3
1784745195335,8,GET /api/boats/1,200,OK,500 Utilisateurs simultanees 1-128,text,true,,1788,152,152,8
1784745195348,6,GET /api/articles,200,OK,500 Utilisateurs simultanees 1-52,text,true,,9312,152,152,5
1784745195347,9,GET /api/boats/1,200,OK,500 Utilisateurs simultanees 1-43,text,true,,1788,151,151,9
1784745195354,7,GET /api/articles,200,OK,500 Utilisateurs simultanees 1-49,text,true,,9312,151,151,6
1784745195381,31,GET /api/boats,200,OK,500 Utilisateurs simultanees 1-80,text,true,,17251,150,150,30
1784745195393,21,GET /api/articles,200,OK,500 Utilisateurs simultanees 1-158,text,true,,9312,150,150,21
1784745195384,37,GET /api/boats,200,OK,500 Utilisateurs simultanees 1-77,text,true,,17251,150,150,37
1784745195392,41,GET /api/boats,200,OK,500 Utilisateurs simultanees 1-190,text,true,,17251,150,150,41
1784745195400,39,GET /api/boats,200,OK,500 Utilisateurs simultanees 1-82,text,true,,17251,150,150,38
1784745195440,28,GET /api/boats,200,OK,500 Utilisateurs simultanees 1-140,text,true,,17251,151,151,27
1784745195447,23,GET /api/boats/1,200,OK,500 Utilisateurs simultanees 1-165,text,true,,1788,151,151,23
1784745195441,38,GET /api/boats,200,OK,500 Utilisateurs simultanees 1-113,text,true,,17251,151,151,38
1784745195453,29,GET /api/articles,200,OK,500 Utilisateurs simultanees 1-56,text,true,,9312,151,151,29
1784745195447,39,GET /api/boats,200,OK,500 Utilisateurs simultanees 1-133,text,true,,17251,150,150,39
1784745195481,37,GET /api/boats,200,OK,500 Utilisateurs simultanees 1-191,text,true,,17251,150,150,37
1784745195493,38,GET /api/boats,200,OK,500 Utilisateurs simultanees 1-178,text,true,,17251,150,150,38
1784745195505,31,GET /api/articles,200,OK,500 Utilisateurs simultanees 1-19,text,true,,9312,150,150,31
1784745195495,47,GET /api/boats,200,OK,500 Utilisateurs simultanees 1-188,text,true,,17251,149,149,47
1784745195511,35,GET /api/boats/1,200,OK,500 Utilisateurs simultanees 1-73,text,true,,1788,149,149,35
1784745195526,27,GET /api/boats/1,200,OK,500 Utilisateurs simultanees 1-71,text,true,,1788,149,149,27
1784745195520,38,GET /api/boats,200,OK,500 Utilisateurs simultanees 1-134,text,true,,17251,149,149,38
1784745195579,4,GET /api/articles,200,OK,500 Utilisateurs simultanees 1-141,text,true,,9312,149,149,4
1784745195585,5,GET /api/articles,200,OK,500 Utilisateurs simultanees 1-92,text,true,,9312,150,150,5
1784745195587,21,GET /api/boats,200,OK,500 Utilisateurs simultanees 1-189,text,true,,17251,150,150,21
1784745195605,8,GET /api/articles,200,OK,500 Utilisateurs simultanees 1-28,text,true,,9312,150,150,8
1784745195610,5,GET /api/articles,200,OK,500 Utilisateurs simultanees 1-27,text,true,,9312,149,149,5
1784745195625,8,GET /api/boats/1,200,OK,500 Utilisateurs simultanees 1-68,text,true,,1788,148,148,8
1784745195640,4,GET /api/articles,200,OK,500 Utilisateurs simultanees 1-138,text,true,,9312,148,148,4
1784745195653,9,GET /api/boats/1,200,OK,500 Utilisateurs simultanees 1-172,text,true,,1788,148,148,9
1784745195678,17,GET /api/boats,200,OK,500 Utilisateurs simultanees 1-91,text,true,,17251,148,148,17
1784745195693,19,GET /api/boats,200,OK,500 Utilisateurs simultanees 1-61,text,true,,17251,149,149,19
1784745195709,18,GET /api/articles,200,OK,500 Utilisateurs simultanees 1-107,text,true,,9312,149,149,18
1784745195713,20,GET /api/boats/1,200,OK,500 Utilisateurs simultanees 1-59,text,true,,1788,149,149,20
1784745195704,34,GET /api/boats,200,OK,500 Utilisateurs simultanees 1-182,text,true,,17251,149,149,34
1784745195711,32,GET /api/boats,200,OK,500 Utilisateurs simultanees 1-151,text,true,,17251,149,149,32
1784745195740,18,GET /api/boats,200,OK,500 Utilisateurs simultanees 1-88,text,true,,17251,149,149,18
1784745195779,10,GET /api/boats/1,200,OK,500 Utilisateurs simultanees 1-104,text,true,,1788,149,149,10
1784745195782,9,GET /api/boats/1,200,OK,500 Utilisateurs simultanees 1-105,text,true,,1788,149,149,9
1784745195792,4,GET /api/articles,200,OK,500 Utilisateurs simultanees 1-125,text,true,,9312,149,149,4
1784745195811,18,GET /api/boats,200,OK,500 Utilisateurs simultanees 1-97,text,true,,17251,150,150,18
1784745195820,20,GET /api/boats,200,OK,500 Utilisateurs simultanees 1-99,text,true,,17251,150,150,19
1784745195843,10,GET /api/boats/1,200,OK,500 Utilisateurs simultanees 1-162,text,true,,1788,150,150,10
1784745195873,15,GET /api/boats,200,OK,500 Utilisateurs simultanees 1-132,text,true,,17251,150,150,15
1784745195895,9,GET /api/boats/1,200,OK,500 Utilisateurs simultanees 1-55,text,true,,1788,150,150,9
1784745195920,10,GET /api/boats/1,200,OK,500 Utilisateurs simultanees 1-177,text,true,,1788,150,150,10
1784745195914,19,GET /api/boats,200,OK,500 Utilisateurs simultanees 1-187,text,true,,17251,150,150,19
1784745195927,17,GET /api/boats,200,OK,500 Utilisateurs simultanees 1-129,text,true,,17251,151,151,17
1784745195937,10,GET /api/articles,200,OK,500 Utilisateurs simultanees 1-144,text,true,,9312,151,151,10
1784745195959,4,GET /api/articles,200,OK,500 Utilisateurs simultanees 1-70,text,true,,9312,151,151,4
1784745195962,17,GET /api/boats,200,OK,500 Utilisateurs simultanees 1-156,text,true,,17251,150,150,17
1784745195985,19,GET /api/boats,200,OK,500 Utilisateurs simultanees 1-192,text,true,,17251,150,150,19
1784745195998,26,GET /api/boats,200,OK,500 Utilisateurs simultanees 1-155,text,true,,17251,150,150,25
1784745195999,33,GET /api/boats,200,OK,500 Utilisateurs simultanees 1-195,text,true,,17251,150,150,33
1784745196018,26,GET /api/boats/1,200,OK,500 Utilisateurs simultanees 1-164,text,true,,1788,150,150,26
1784745196013,41,GET /api/boats,200,OK,500 Utilisateurs simultanees 1-180,text,true,,17251,150,150,41
1784745196034,23,GET /api/boats/1,200,OK,500 Utilisateurs simultanees 1-109,text,true,,1788,150,150,23
1784745196022,38,GET /api/boats,200,OK,500 Utilisateurs simultanees 1-181,text,true,,17251,150,150,38
1784745196065,22,GET /api/articles,200,OK,500 Utilisateurs simultanees 1-67,text,true,,9312,151,151,22
1784745196084,44,GET /api/articles,200,OK,500 Utilisateurs simultanees 1-40,text,true,,9312,150,150,43
1784745196091,48,GET /api/articles,200,OK,500 Utilisateurs simultanees 1-135,text,true,,9312,149,149,48
1784745196090,51,GET /api/boats/1,200,OK,500 Utilisateurs simultanees 1-123,text,true,,1788,149,149,51
1784745196101,42,GET /api/articles,200,OK,500 Utilisateurs simultanees 1-157,text,true,,9312,149,149,41
1784745196106,40,GET /api/articles,200,OK,500 Utilisateurs simultanees 1-94,text,true,,9312,149,149,39
1784745196083,77,GET /api/boats,200,OK,500 Utilisateurs simultanees 1-96,text,true,,17251,149,149,77
1784745196084,82,GET /api/boats,200,OK,500 Utilisateurs simultanees 1-196,text,true,,17251,149,149,82
1784745196095,74,GET /api/boats,200,OK,500 Utilisateurs simultanees 1-83,text,true,,17251,149,149,74
1784745196126,47,GET /api/boats/1,200,OK,500 Utilisateurs simultanees 1-167,text,true,,1788,149,149,47
1784745196145,29,GET /api/articles,200,OK,500 Utilisateurs simultanees 1-101,text,true,,9312,149,149,29
1784745196114,62,GET /api/boats,200,OK,500 Utilisateurs simultanees 1-102,text,true,,17251,149,149,62
1784745196190,7,GET /api/boats/1,200,OK,500 Utilisateurs simultanees 1-121,text,true,,1788,150,150,7
1784745196192,15,GET /api/boats,200,OK,500 Utilisateurs simultanees 1-186,text,true,,17251,150,150,15
1784745196208,3,GET /api/articles,200,OK,500 Utilisateurs simultanees 1-163,text,true,,9312,150,150,3
1784745196213,12,GET /api/boats,200,OK,500 Utilisateurs simultanees 1-154,text,true,,17251,150,150,12
1784745196233,6,GET /api/boats/1,200,OK,500 Utilisateurs simultanees 1-103,text,true,,1788,150,150,6
1784745196245,10,GET /api/boats,200,OK,500 Utilisateurs simultanees 1-120,text,true,,17251,150,150,10
1784745196293,14,GET /api/boats/1,200,OK,500 Utilisateurs simultanees 1-168,text,true,,1788,151,151,14
1784745196317,9,GET /api/articles,200,OK,500 Utilisateurs simultanees 1-69,text,true,,9312,151,151,9
1784745196335,26,GET /api/boats/1,200,OK,500 Utilisateurs simultanees 1-185,text,true,,1788,150,150,26
1784745196328,73,GET /api/boats,200,OK,500 Utilisateurs simultanees 1-60,text,true,,17251,150,150,73
1784745196343,89,GET /api/boats/1,200,OK,500 Utilisateurs simultanees 1-130,text,true,,1788,151,151,89
1784745196360,84,GET /api/articles,200,OK,500 Utilisateurs simultanees 1-50,text,true,,9312,151,151,84
1784745196360,89,GET /api/boats/1,200,OK,500 Utilisateurs simultanees 1-119,text,true,,1788,150,150,89
1784745196399,62,GET /api/articles,200,OK,500 Utilisateurs simultanees 1-58,text,true,,9312,150,150,62
1784745196385,80,GET /api/boats/1,200,OK,500 Utilisateurs simultanees 1-75,text,true,,1788,149,149,80
1784745196367,105,GET /api/boats,200,OK,500 Utilisateurs simultanees 1-152,text,true,,17251,149,149,105
1784745196434,42,GET /api/articles,200,OK,500 Utilisateurs simultanees 1-160,text,true,,9312,149,149,42
1784745196465,24,GET /api/boats/1,200,OK,500 Utilisateurs simultanees 1-115,text,true,,1788,149,149,24
1784745196474,25,GET /api/boats,200,OK,500 Utilisateurs simultanees 1-150,text,true,,17251,149,149,25
1784745196507,13,GET /api/boats/1,200,OK,500 Utilisateurs simultanees 1-82,text,true,,1788,149,149,13
1784745196504,22,GET /api/boats,200,OK,500 Utilisateurs simultanees 1-184,text,true,,17251,149,149,22
1784745196540,20,GET /api/boats,200,OK,500 Utilisateurs simultanees 1-78,text,true,,17251,150,150,20
1784745196561,10,GET /api/articles,200,OK,500 Utilisateurs simultanees 1-116,text,true,,9312,150,150,10
1784745196552,27,GET /api/boats,200,OK,500 Utilisateurs simultanees 1-136,text,true,,17251,150,150,27
1784745196569,13,GET /api/boats/1,200,OK,500 Utilisateurs simultanees 1-127,text,true,,1788,150,150,13
1784745196587,9,GET /api/boats/1,200,OK,500 Utilisateurs simultanees 1-131,text,true,,1788,150,150,9
1784745196600,18,GET /api/boats,200,OK,500 Utilisateurs simultanees 1-159,text,true,,17251,150,150,18
1784745196635,12,GET /api/boats,200,OK,500 Utilisateurs simultanees 1-201,text,true,,17251,150,150,12
1784745196651,8,GET /api/boats/1,200,OK,500 Utilisateurs simultanees 1-117,text,true,,1788,150,150,8
1784745196658,4,GET /api/articles,200,OK,500 Utilisateurs simultanees 1-110,text,true,,9312,151,151,4
1784745196659,5,GET /api/articles,200,OK,500 Utilisateurs simultanees 1-43,text,true,,9312,151,151,5
1784745196667,8,GET /api/boats/1,200,OK,500 Utilisateurs simultanees 1-87,text,true,,1788,150,150,8
1784745196678,3,GET /api/articles,200,OK,500 Utilisateurs simultanees 1-122,text,true,,9312,150,150,2
1784745196682,8,GET /api/boats/1,200,OK,500 Utilisateurs simultanees 1-66,text,true,,1788,150,150,8
1784745196713,9,GET /api/boats/1,200,OK,500 Utilisateurs simultanees 1-174,text,true,,1788,150,150,9
1784745196723,6,GET /api/boats/1,200,OK,500 Utilisateurs simultanees 1-74,text,true,,1788,150,150,6
1784745196723,8,GET /api/boats/1,200,OK,500 Utilisateurs simultanees 1-175,text,true,,1788,150,150,8
1784745196756,6,GET /api/articles,200,OK,500 Utilisateurs simultanees 1-166,text,true,,9312,150,150,5
1784745196775,33,GET /api/boats/1,200,OK,500 Utilisateurs simultanees 1-169,text,true,,1788,151,151,33
1784745196781,31,GET /api/boats/1,200,OK,500 Utilisateurs simultanees 1-108,text,true,,1788,151,151,31
1784745196788,28,GET /api/articles,200,OK,500 Utilisateurs simultanees 1-72,text,true,,9312,151,151,28
1784745196783,39,GET /api/boats/1,200,OK,500 Utilisateurs simultanees 1-140,text,true,,1788,150,150,39
1784745196789,38,GET /api/boats/1,200,OK,500 Utilisateurs simultanees 1-98,text,true,,1788,150,150,38
1784745196820,37,GET /api/boats/1,200,OK,500 Utilisateurs simultanees 1-79,text,true,,1788,150,150,37
1784745196829,32,GET /api/boats/1,200,OK,500 Utilisateurs simultanees 1-114,text,true,,1788,150,150,32
1784745196838,44,GET /api/boats/1,200,OK,500 Utilisateurs simultanees 1-113,text,true,,1788,150,150,44
1784745196855,40,GET /api/boats/1,200,OK,500 Utilisateurs simultanees 1-77,text,true,,1788,150,150,40
1784745196837,66,GET /api/boats,200,OK,500 Utilisateurs simultanees 1-139,text,true,,17251,151,151,66
1784745196865,44,GET /api/articles,200,OK,500 Utilisateurs simultanees 1-149,text,true,,9312,151,151,44
1784745196862,52,GET /api/boats/1,200,OK,500 Utilisateurs simultanees 1-176,text,true,,1788,151,151,52
1784745196917,34,GET /api/articles,200,OK,500 Utilisateurs simultanees 1-63,text,true,,9312,151,151,34
1784745196926,34,GET /api/articles,200,OK,500 Utilisateurs simultanees 1-93,text,true,,9312,150,150,34
1784745196925,45,GET /api/boats/1,200,OK,500 Utilisateurs simultanees 1-126,text,true,,1788,150,150,45
1784745196909,71,GET /api/boats,200,OK,500 Utilisateurs simultanees 1-141,text,true,,17251,150,150,71
1784745196903,81,GET /api/boats,200,OK,500 Utilisateurs simultanees 1-203,text,true,,17251,150,150,81
1784745196945,41,GET /api/boats/1,200,OK,500 Utilisateurs simultanees 1-179,text,true,,1788,150,150,41
1784745196928,64,GET /api/boats,200,OK,500 Utilisateurs simultanees 1-146,text,true,,17251,150,150,64
1784745196959,35,GET /api/boats/1,200,OK,500 Utilisateurs simultanees 1-81,text,true,,1788,150,150,35
1784745196973,23,GET /api/boats/1,200,OK,500 Utilisateurs simultanees 1-84,text,true,,1788,150,150,23
1784745196993,19,GET /api/boats,200,OK,500 Utilisateurs simultanees 1-143,text,true,,17251,150,150,19
1784745197004,10,GET /api/articles,200,OK,500 Utilisateurs simultanees 1-53,text,true,,9312,150,150,10
1784745197012,7,GET /api/articles,200,OK,500 Utilisateurs simultanees 1-148,text,true,,9312,149,149,7
1784745197026,11,GET /api/boats/1,200,OK,500 Utilisateurs simultanees 1-99,text,true,,1788,150,150,11
1784745197021,19,GET /api/boats,200,OK,500 Utilisateurs simultanees 1-142,text,true,,17251,150,150,19
1784745197054,17,GET /api/boats,200,OK,500 Utilisateurs simultanees 1-193,text,true,,17251,150,150,17
1784745197074,8,GET /api/boats/1,200,OK,500 Utilisateurs simultanees 1-118,text,true,,1788,150,150,8
1784745197076,16,GET /api/boats,200,OK,500 Utilisateurs simultanees 1-147,text,true,,17251,150,150,16
1784745197103,6,GET /api/articles,200,OK,500 Utilisateurs simultanees 1-111,text,true,,9312,150,150,6
1784745197101,11,GET /api/boats/1,200,OK,500 Utilisateurs simultanees 1-171,text,true,,1788,150,150,11
1784745197110,8,GET /api/articles,200,OK,500 Utilisateurs simultanees 1-106,text,true,,9312,150,150,7
1784745197106,22,GET /api/boats,200,OK,500 Utilisateurs simultanees 1-200,text,true,,17251,150,150,22
1784745197137,11,GET /api/boats/1,200,OK,500 Utilisateurs simultanees 1-155,text,true,,1788,151,151,11
1784745197132,20,GET /api/boats,200,OK,500 Utilisateurs simultanees 1-90,text,true,,17251,151,151,20
1784745197140,15,GET /api/boats/1,200,OK,500 Utilisateurs simultanees 1-124,text,true,,1788,151,151,15
1784745197150,17,GET /api/boats,200,OK,500 Utilisateurs simultanees 1-198,text,true,,17251,151,151,17
1784745197167,6,GET /api/articles,200,OK,500 Utilisateurs simultanees 1-112,text,true,,9312,151,151,6
1784745197173,8,GET /api/boats/1,200,OK,500 Utilisateurs simultanees 1-65,text,true,,1788,151,151,8
1784745197186,5,GET /api/articles,200,OK,500 Utilisateurs simultanees 1-71,text,true,,9312,151,151,5
1784745197188,17,GET /api/boats,200,OK,500 Utilisateurs simultanees 1-204,text,true,,17251,150,150,17
1784745197215,6,GET /api/articles,200,OK,500 Utilisateurs simultanees 1-64,text,true,,9312,150,150,5
1784745197228,4,GET /api/articles,200,OK,500 Utilisateurs simultanees 1-100,text,true,,9312,149,149,4
1784745197255,14,GET /api/boats,200,OK,500 Utilisateurs simultanees 1-205,text,true,,17251,150,150,14
1784745197270,4,GET /api/articles,200,OK,500 Utilisateurs simultanees 1-103,text,true,,9312,150,150,4
1784745197291,7,GET /api/boats/1,200,OK,500 Utilisateurs simultanees 1-186,text,true,,1788,150,150,7
1784745197308,4,GET /api/articles,200,OK,500 Utilisateurs simultanees 1-162,text,true,,9312,150,150,4
1784745197313,12,GET /api/boats,200,OK,500 Utilisateurs simultanees 1-153,text,true,,17251,150,150,12
1784745197337,12,GET /api/boats,200,OK,500 Utilisateurs simultanees 1-95,text,true,,17251,150,150,12
1784745197348,15,GET /api/boats,200,OK,500 Utilisateurs simultanees 1-101,text,true,,17251,150,150,15
1784745197358,8,GET /api/boats/1,200,OK,500 Utilisateurs simultanees 1-85,text,true,,1788,150,150,8
1784745197420,17,GET /api/boats/1,200,OK,500 Utilisateurs simultanees 1-96,text,true,,1788,151,151,17
1784745197425,18,GET /api/boats/1,200,OK,500 Utilisateurs simultanees 1-173,text,true,,1788,151,151,18
1784745197456,44,GET /api/boats,200,OK,500 Utilisateurs simultanees 1-89,text,true,,17251,151,151,44
1784745197481,32,GET /api/boats/1,200,OK,500 Utilisateurs simultanees 1-88,text,true,,1788,152,152,32
1784745197485,35,GET /api/articles,200,OK,500 Utilisateurs simultanees 1-172,text,true,,9312,152,152,35
1784745197512,46,GET /api/boats/1,200,OK,500 Utilisateurs simultanees 1-183,text,true,,1788,152,152,45
1784745197490,73,GET /api/boats,200,OK,500 Utilisateurs simultanees 1-94,text,true,,17251,152,152,73
1784745197527,41,GET /api/articles,200,OK,500 Utilisateurs simultanees 1-161,text,true,,9312,152,152,41
1784745197533,43,GET /api/articles,200,OK,500 Utilisateurs simultanees 1-76,text,true,,9312,152,152,43
1784745197529,56,GET /api/boats/1,200,OK,500 Utilisateurs simultanees 1-156,text,true,,1788,151,151,56
1784745197550,42,GET /api/articles,200,OK,500 Utilisateurs simultanees 1-68,text,true,,9312,151,151,42
1784745197564,33,GET /api/articles,200,OK,500 Utilisateurs simultanees 1-105,text,true,,9312,150,150,33
1784745197576,26,GET /api/boats/1,200,OK,500 Utilisateurs simultanees 1-91,text,true,,1788,150,150,26
1784745197610,4,GET /api/articles,200,OK,500 Utilisateurs simultanees 1-128,text,true,,9312,150,150,4
1784745197614,7,GET /api/articles,200,OK,500 Utilisateurs simultanees 1-167,text,true,,9312,151,151,7
1784745197623,9,GET /api/boats/1,200,OK,500 Utilisateurs simultanees 1-151,text,true,,1788,151,151,9
1784745197624,21,GET /api/boats,200,OK,500 Utilisateurs simultanees 1-194,text,true,,17251,151,151,21
1784745197650,11,GET /api/boats/1,200,OK,500 Utilisateurs simultanees 1-137,text,true,,1788,151,151,11
1784745197659,6,GET /api/articles,200,OK,500 Utilisateurs simultanees 1-104,text,true,,9312,151,151,6
1784745197682,10,GET /api/boats/1,200,OK,500 Utilisateurs simultanees 1-136,text,true,,1788,151,151,10
1784745197691,11,GET /api/boats/1,200,OK,500 Utilisateurs simultanees 1-80,text,true,,1788,151,151,11
1784745197717,8,GET /api/articles,200,OK,500 Utilisateurs simultanees 1-119,text,true,,9312,151,151,8
1784745197720,17,GET /api/boats,200,OK,500 Utilisateurs simultanees 1-138,text,true,,17251,151,151,17
1784745197742,11,GET /api/boats/1,200,OK,500 Utilisateurs simultanees 1-190,text,true,,1788,152,152,11
1784745197796,28,GET /api/boats/1,200,OK,500 Utilisateurs simultanees 1-191,text,true,,1788,152,152,28
1784745197794,38,GET /api/boats,200,OK,500 Utilisateurs simultanees 1-144,text,true,,17251,152,152,38
1784745197831,38,GET /api/boats/1,200,OK,500 Utilisateurs simultanees 1-132,text,true,,1788,153,153,38
1784745197852,41,GET /api/articles,200,OK,500 Utilisateurs simultanees 1-59,text,true,,9312,153,153,41
1784745197845,62,GET /api/boats/1,200,OK,500 Utilisateurs simultanees 1-182,text,true,,1788,152,152,62
1784745197837,84,GET /api/boats,200,OK,500 Utilisateurs simultanees 1-160,text,true,,17251,152,152,84
1784745197869,58,GET /api/articles,200,OK,500 Utilisateurs simultanees 1-98,text,true,,9312,152,152,57
1784745197870,62,GET /api/articles,200,OK,500 Utilisateurs simultanees 1-87,text,true,,9312,151,151,62
1784745197882,60,GET /api/boats/1,200,OK,500 Utilisateurs simultanees 1-150,text,true,,1788,150,150,60
1784745197887,60,GET /api/boats/1,200,OK,500 Utilisateurs simultanees 1-86,text,true,,1788,150,150,60
1784745197893,62,GET /api/articles,200,OK,500 Utilisateurs simultanees 1-164,text,true,,9312,150,150,62
1784745197896,61,GET /api/articles,200,OK,500 Utilisateurs simultanees 1-121,text,true,,9312,150,150,61
1784745197881,79,GET /api/boats,200,OK,500 Utilisateurs simultanees 1-122,text,true,,17251,150,150,79
1784745197886,78,GET /api/boats,200,OK,500 Utilisateurs simultanees 1-92,text,true,,17251,150,150,77
1784745197934,31,GET /api/boats/1,200,OK,500 Utilisateurs simultanees 1-178,text,true,,1788,150,150,31
1784745197892,76,GET /api/boats/1,200,OK,500 Utilisateurs simultanees 1-145,text,true,,1788,150,150,76
1784745197902,68,GET /api/boats/1,200,OK,500 Utilisateurs simultanees 1-189,text,true,,1788,150,150,68
1784745197914,58,GET /api/boats/1,200,OK,500 Utilisateurs simultanees 1-83,text,true,,1788,150,150,58
1784745197908,72,GET /api/boats,200,OK,500 Utilisateurs simultanees 1-206,text,true,,17251,151,151,72
1784745197964,23,GET /api/boats/1,200,OK,500 Utilisateurs simultanees 1-102,text,true,,1788,151,151,23
1784745197963,28,GET /api/boats,200,OK,500 Utilisateurs simultanees 1-135,text,true,,17251,151,151,28
1784745197933,61,GET /api/boats,200,OK,500 Utilisateurs simultanees 1-199,text,true,,17251,151,151,61
1784745197995,6,GET /api/boats/1,200,OK,500 Utilisateurs simultanees 1-188,text,true,,1788,151,151,6
1784745198000,6,GET /api/articles,200,OK,500 Utilisateurs simultanees 1-185,text,true,,9312,151,151,6
1784745198004,4,GET /api/articles,200,OK,500 Utilisateurs simultanees 1-170,text,true,,9312,151,151,4
1784745198013,9,GET /api/boats/1,200,OK,500 Utilisateurs simultanees 1-78,text,true,,1788,151,151,9
1784745198030,6,GET /api/articles,200,OK,500 Utilisateurs simultanees 1-113,text,true,,9312,151,151,6
1784745198038,18,GET /api/boats,200,OK,500 Utilisateurs simultanees 1-197,text,true,,17251,151,151,18
1784745198049,10,GET /api/articles,200,OK,500 Utilisateurs simultanees 1-109,text,true,,9312,151,151,10
1784745198074,16,GET /api/boats,200,OK,500 Utilisateurs simultanees 1-110,text,true,,17251,151,151,16
1784745198081,11,GET /api/boats/1,200,OK,500 Utilisateurs simultanees 1-181,text,true,,1788,151,151,11
1784745198166,21,GET /api/boats/1,200,OK,500 Utilisateurs simultanees 1-60,text,true,,1788,152,152,21
1784745198162,30,GET /api/boats,200,OK,500 Utilisateurs simultanees 1-214,text,true,,17251,152,152,30
1784745198189,11,GET /api/articles,200,OK,500 Utilisateurs simultanees 1-131,text,true,,9312,152,152,10
1784745198201,11,GET /api/articles,200,OK,500 Utilisateurs simultanees 1-165,text,true,,9312,152,152,11
1784745198199,22,GET /api/boats/1,200,OK,500 Utilisateurs simultanees 1-187,text,true,,1788,153,153,22
1784745198211,37,GET /api/boats,200,OK,500 Utilisateurs simultanees 1-158,text,true,,17251,153,153,37
1784745198222,34,GET /api/boats,200,OK,500 Utilisateurs simultanees 1-125,text,true,,17251,153,153,34
1784745198245,36,GET /api/boats/1,200,OK,500 Utilisateurs simultanees 1-129,text,true,,1788,153,153,36
1784745198246,45,GET /api/boats/1,200,OK,500 Utilisateurs simultanees 1-61,text,true,,1788,153,153,45
1784745198271,38,GET /api/articles,200,OK,500 Utilisateurs simultanees 1-115,text,true,,9312,153,153,38
1784745198274,39,GET /api/articles,200,OK,500 Utilisateurs simultanees 1-168,text,true,,9312,153,153,38
1784745198247,75,GET /api/boats,200,OK,500 Utilisateurs simultanees 1-212,text,true,,17251,153,153,75
1784745198269,65,GET /api/articles,200,OK,500 Utilisateurs simultanees 1-177,text,true,,9312,153,153,65
1784745198276,70,GET /api/boats/1,200,OK,500 Utilisateurs simultanees 1-97,text,true,,1788,154,154,70
1784745198252,101,GET /api/boats,200,OK,500 Utilisateurs simultanees 1-106,text,true,,17251,154,154,101
1784745198256,106,GET /api/boats,200,OK,500 Utilisateurs simultanees 1-148,text,true,,17251,154,154,106
1784745198360,21,GET /api/articles,200,OK,500 Utilisateurs simultanees 1-73,text,true,,9312,154,154,21
1784745198362,34,GET /api/articles,200,OK,500 Utilisateurs simultanees 1-175,text,true,,9312,153,153,34
1784745198345,58,GET /api/boats,200,OK,500 Utilisateurs simultanees 1-157,text,true,,17251,153,153,58
1784745198381,26,GET /api/articles,200,OK,500 Utilisateurs simultanees 1-171,text,true,,9312,153,153,26
1784745198396,15,GET /api/boats/1,200,OK,500 Utilisateurs simultanees 1-180,text,true,,1788,153,153,15
1784745198409,14,GET /api/boats,200,OK,500 Utilisateurs simultanees 1-211,text,true,,17251,153,153,14
1784745198438,21,GET /api/boats/1,200,OK,500 Utilisateurs simultanees 1-133,text,true,,1788,153,153,21
1784745198473,7,GET /api/articles,200,OK,500 Utilisateurs simultanees 1-174,text,true,,9312,154,154,7
1784745198486,18,GET /api/boats/1,200,OK,500 Utilisateurs simultanees 1-134,text,true,,1788,154,154,18
1784745198517,29,GET /api/boats/1,200,OK,500 Utilisateurs simultanees 1-152,text,true,,1788,154,154,29
1784745198509,45,GET /api/boats,200,OK,500 Utilisateurs simultanees 1-208,text,true,,17251,154,154,45
1784745198544,43,GET /api/boats,200,OK,500 Utilisateurs simultanees 1-100,text,true,,17251,155,155,42
1784745198587,8,GET /api/articles,200,OK,500 Utilisateurs simultanees 1-130,text,true,,9312,155,155,8
1784745198595,22,GET /api/articles,200,OK,500 Utilisateurs simultanees 1-55,text,true,,9312,155,155,22
1784745198595,27,GET /api/boats/1,200,OK,500 Utilisateurs simultanees 1-142,text,true,,1788,154,154,27
1784745198601,39,GET /api/boats,200,OK,500 Utilisateurs simultanees 1-107,text,true,,17251,154,154,39
1784745198634,25,GET /api/boats/1,200,OK,500 Utilisateurs simultanees 1-200,text,true,,1788,154,154,24
1784745198640,38,GET /api/boats,200,OK,500 Utilisateurs simultanees 1-202,text,true,,17251,154,154,38
1784745198719,20,GET /api/boats/1,200,OK,500 Utilisateurs simultanees 1-94,text,true,,1788,155,155,20
1784745198721,26,GET /api/boats/1,200,OK,500 Utilisateurs simultanees 1-193,text,true,,1788,155,155,26
1784745198721,40,GET /api/boats/1,200,OK,500 Utilisateurs simultanees 1-154,text,true,,1788,155,155,40
1784745198739,26,GET /api/articles,200,OK,500 Utilisateurs simultanees 1-176,text,true,,9312,155,155,26
1784745198735,72,GET /api/boats,200,OK,500 Utilisateurs simultanees 1-216,text,true,,17251,155,155,72
1784745198735,83,GET /api/boats,200,OK,500 Utilisateurs simultanees 1-207,text,true,,17251,155,155,83
1784745198773,62,GET /api/articles,200,OK,500 Utilisateurs simultanees 1-179,text,true,,9312,156,156,62
1784745198767,74,GET /api/boats/1,200,OK,500 Utilisateurs simultanees 1-95,text,true,,1788,156,156,74
1784745198782,66,GET /api/boats/1,200,OK,500 Utilisateurs simultanees 1-153,text,true,,1788,156,156,66
1784745198790,65,GET /api/articles,200,OK,500 Utilisateurs simultanees 1-190,text,true,,9312,156,156,65
1784745198792,81,GET /api/articles,200,OK,500 Utilisateurs simultanees 1-84,text,true,,9312,156,156,81
1784745198795,107,GET /api/boats/1,200,OK,500 Utilisateurs simultanees 1-201,text,true,,1788,155,155,107
1784745198828,101,GET /api/boats/1,200,OK,500 Utilisateurs simultanees 1-195,text,true,,1788,155,155,101
1784745198859,77,GET /api/articles,200,OK,500 Utilisateurs simultanees 1-140,text,true,,9312,155,155,77
1784745198876,70,GET /api/boats/1,200,OK,500 Utilisateurs simultanees 1-192,text,true,,1788,156,156,70
1784745198878,76,GET /api/boats/1,200,OK,500 Utilisateurs simultanees 1-144,text,true,,1788,156,156,76
1784745198846,134,GET /api/boats,200,OK,500 Utilisateurs simultanees 1-161,text,true,,17251,156,156,134
1784745198919,72,GET /api/articles,200,OK,500 Utilisateurs simultanees 1-182,text,true,,9312,156,156,72
1784745198880,116,GET /api/boats,200,OK,500 Utilisateurs simultanees 1-163,text,true,,17251,156,156,116
1784745198891,112,GET /api/boats,200,OK,500 Utilisateurs simultanees 1-162,text,true,,17251,156,156,112
1784745198882,127,GET /api/boats/1,200,OK,500 Utilisateurs simultanees 1-204,text,true,,1788,156,156,127
1784745198883,139,GET /api/boats/1,200,OK,500 Utilisateurs simultanees 1-184,text,true,,1788,156,156,139
1784745198939,102,GET /api/articles,200,OK,500 Utilisateurs simultanees 1-77,text,true,,9312,156,156,102
1784745198954,91,GET /api/articles,200,OK,500 Utilisateurs simultanees 1-96,text,true,,9312,155,155,91
1784745198963,93,GET /api/articles,200,OK,500 Utilisateurs simultanees 1-65,text,true,,9312,154,154,92
1784745199003,61,GET /api/articles,200,OK,500 Utilisateurs simultanees 1-118,text,true,,9312,154,154,61
1784745199030,40,GET /api/boats/1,200,OK,500 Utilisateurs simultanees 1-135,text,true,,1788,154,154,40
1784745198955,119,GET /api/boats,200,OK,500 Utilisateurs simultanees 1-119,text,true,,17251,154,154,119
1784745199035,40,GET /api/articles,200,OK,500 Utilisateurs simultanees 1-132,text,true,,9312,154,154,40
1784745198970,108,GET /api/boats,200,OK,500 Utilisateurs simultanees 1-217,text,true,,17251,154,154,108
1784745199040,50,GET /api/articles,200,OK,500 Utilisateurs simultanees 1-66,text,true,,9312,154,154,50
1784745199054,44,GET /api/articles,200,OK,500 Utilisateurs simultanees 1-136,text,true,,9312,153,153,43
1784745199068,41,GET /api/boats/1,200,OK,500 Utilisateurs simultanees 1-198,text,true,,1788,153,153,41
1784745199087,34,GET /api/articles,200,OK,500 Utilisateurs simultanees 1-127,text,true,,9312,153,153,34
1784745199076,47,GET /api/boats/1,200,OK,500 Utilisateurs simultanees 1-196,text,true,,1788,153,153,47
1784745199068,57,GET /api/boats,200,OK,500 Utilisateurs simultanees 1-93,text,true,,17251,153,153,57
1784745199094,33,GET /api/boats/1,200,OK,500 Utilisateurs simultanees 1-141,text,true,,1788,153,153,33
1784745199095,35,GET /api/boats/1,200,OK,500 Utilisateurs simultanees 1-139,text,true,,1788,153,153,35
1784745199101,30,GET /api/boats/1,200,OK,500 Utilisateurs simultanees 1-143,text,true,,1788,153,153,30
1784745199110,26,GET /api/articles,200,OK,500 Utilisateurs simultanees 1-178,text,true,,9312,153,153,26
1784745199118,20,GET /api/articles,200,OK,500 Utilisateurs simultanees 1-123,text,true,,9312,153,153,20
1784745199101,42,GET /api/boats,200,OK,500 Utilisateurs simultanees 1-112,text,true,,17251,153,153,42
1784745199129,21,GET /api/articles,200,OK,500 Utilisateurs simultanees 1-169,text,true,,9312,153,153,21
1784745199141,19,GET /api/boats/1,200,OK,500 Utilisateurs simultanees 1-194,text,true,,1788,153,153,19
1784745199143,18,GET /api/articles,200,OK,500 Utilisateurs simultanees 1-117,text,true,,9312,153,153,18
1784745199152,10,GET /api/articles,200,OK,500 Utilisateurs simultanees 1-102,text,true,,9312,153,153,10
1784745199142,27,GET /api/boats,200,OK,500 Utilisateurs simultanees 1-149,text,true,,17251,152,152,27
1784745199170,4,GET /api/articles,200,OK,500 Utilisateurs simultanees 1-75,text,true,,9312,152,152,4
1784745199167,9,GET /api/boats/1,200,OK,500 Utilisateurs simultanees 1-90,text,true,,1788,151,151,9
1784745199192,14,GET /api/articles,200,OK,500 Utilisateurs simultanees 1-183,text,true,,9312,152,152,14
1784745199199,15,GET /api/articles,200,OK,500 Utilisateurs simultanees 1-91,text,true,,9312,152,152,14
1784745199195,40,GET /api/boats,200,OK,500 Utilisateurs simultanees 1-116,text,true,,17251,151,151,40
1784745199216,23,GET /api/articles,200,OK,500 Utilisateurs simultanees 1-85,text,true,,9312,151,151,23
1784745199211,29,GET /api/boats/1,200,OK,500 Utilisateurs simultanees 1-101,text,true,,1788,150,150,29
1784745199226,19,GET /api/articles,200,OK,500 Utilisateurs simultanees 1-82,text,true,,9312,150,150,19
1784745199219,35,GET /api/boats,200,OK,500 Utilisateurs simultanees 1-166,text,true,,17251,149,149,35
1784745199241,15,GET /api/boats/1,200,OK,500 Utilisateurs simultanees 1-120,text,true,,1788,149,149,15
1784745199253,11,GET /api/boats/1,200,OK,500 Utilisateurs simultanees 1-199,text,true,,1788,149,149,11
1784745199242,30,GET /api/boats,200,OK,500 Utilisateurs simultanees 1-209,text,true,,17251,149,149,30
1784745199253,21,GET /api/boats,200,OK,500 Utilisateurs simultanees 1-131,text,true,,17251,149,149,21
1784745199285,5,GET /api/articles,200,OK,500 Utilisateurs simultanees 1-191,text,true,,9312,149,149,5
1784745199283,9,GET /api/boats/1,200,OK,500 Utilisateurs simultanees 1-197,text,true,,1788,149,149,9
1784745199319,3,GET /api/articles,200,OK,500 Utilisateurs simultanees 1-156,text,true,,9312,150,150,3
1784745199344,4,GET /api/articles,200,OK,500 Utilisateurs simultanees 1-81,text,true,,9312,150,150,4
1784745199391,5,GET /api/articles,200,OK,500 Utilisateurs simultanees 1-79,text,true,,9312,149,149,5
1784745199389,20,GET /api/boats,200,OK,500 Utilisateurs simultanees 1-213,text,true,,17251,148,148,20
1784745199402,20,GET /api/boats,200,OK,500 Utilisateurs simultanees 1-128,text,true,,17251,149,149,20
1784745199413,15,GET /api/boats/1,200,OK,500 Utilisateurs simultanees 1-205,text,true,,1788,149,149,15
1784745199405,26,GET /api/boats,200,OK,500 Utilisateurs simultanees 1-170,text,true,,17251,149,149,26
1784745199430,7,GET /api/articles,200,OK,500 Utilisateurs simultanees 1-155,text,true,,9312,149,149,7
1784745199455,13,GET /api/boats,200,OK,500 Utilisateurs simultanees 1-113,text,true,,17251,149,149,13
1784745199559,5,GET /api/articles,200,OK,500 Utilisateurs simultanees 1-88,text,true,,9312,150,150,5
1784745199570,8,GET /api/articles,200,OK,500 Utilisateurs simultanees 1-99,text,true,,9312,149,149,8
1784745199572,11,GET /api/articles,200,OK,500 Utilisateurs simultanees 1-124,text,true,,9312,148,148,11
1784745199587,17,GET /api/boats/1,200,OK,500 Utilisateurs simultanees 1-146,text,true,,1788,148,148,17
1784745199623,9,GET /api/articles,200,OK,500 Utilisateurs simultanees 1-151,text,true,,9312,148,148,9
1784745199615,21,GET /api/boats/1,200,OK,500 Utilisateurs simultanees 1-159,text,true,,1788,148,148,21
1784745199649,15,GET /api/articles,200,OK,500 Utilisateurs simultanees 1-114,text,true,,9312,149,149,15
1784745199649,25,GET /api/articles,200,OK,500 Utilisateurs simultanees 1-74,text,true,,9312,149,149,25
1784745199659,35,GET /api/boats/1,200,OK,500 Utilisateurs simultanees 1-211,text,true,,1788,148,148,35
1784745199689,40,GET /api/articles,200,OK,500 Utilisateurs simultanees 1-145,text,true,,9312,148,148,40
1784745199659,84,GET /api/boats,200,OK,500 Utilisateurs simultanees 1-220,text,true,,17251,148,148,84
1784745199695,53,GET /api/articles,200,OK,500 Utilisateurs simultanees 1-83,text,true,,9312,148,148,52
1784745199695,59,GET /api/articles,200,OK,500 Utilisateurs simultanees 1-108,text,true,,9312,147,147,59
1784745199661,102,GET /api/boats,200,OK,500 Utilisateurs simultanees 1-210,text,true,,17251,147,147,102
1784745199707,61,GET /api/articles,200,OK,500 Utilisateurs simultanees 1-60,text,true,,9312,147,147,60
1784745199709,70,GET /api/boats/1,200,OK,500 Utilisateurs simultanees 1-160,text,true,,1788,146,146,70
1784745199744,44,GET /api/boats/1,200,OK,500 Utilisateurs simultanees 1-214,text,true,,1788,147,147,44
1784745199790,24,GET /api/articles,200,OK,500 Utilisateurs simultanees 1-152,text,true,,9312,147,147,23
1784745199785,35,GET /api/boats/1,200,OK,500 Utilisateurs simultanees 1-147,text,true,,1788,147,147,35
1784745199791,33,GET /api/boats/1,200,OK,500 Utilisateurs simultanees 1-122,text,true,,1788,147,147,33
1784745199798,39,GET /api/boats,200,OK,500 Utilisateurs simultanees 1-175,text,true,,17251,147,147,39
1784745199818,29,GET /api/boats,200,OK,500 Utilisateurs simultanees 1-215,text,true,,17251,147,147,29
1784745199850,10,GET /api/boats/1,200,OK,500 Utilisateurs simultanees 1-203,text,true,,1788,147,147,10
1784745199861,4,GET /api/articles,200,OK,500 Utilisateurs simultanees 1-186,text,true,,9312,147,147,4
1784745199865,11,GET /api/articles,200,OK,500 Utilisateurs simultanees 1-126,text,true,,9312,147,147,11
1784745199864,14,GET /api/boats/1,200,OK,500 Utilisateurs simultanees 1-125,text,true,,1788,147,147,14
1784745199869,14,GET /api/boats/1,200,OK,500 Utilisateurs simultanees 1-212,text,true,,1788,147,147,14
1784745199876,14,GET /api/boats/1,200,OK,500 Utilisateurs simultanees 1-216,text,true,,1788,147,147,14
1784745199883,9,GET /api/articles,200,OK,500 Utilisateurs simultanees 1-133,text,true,,9312,147,147,9
1784745199897,14,GET /api/boats/1,200,OK,500 Utilisateurs simultanees 1-100,text,true,,1788,148,148,14
1784745199893,21,GET /api/boats,200,OK,500 Utilisateurs simultanees 1-171,text,true,,17251,148,148,21
1784745199945,9,GET /api/articles,200,OK,500 Utilisateurs simultanees 1-78,text,true,,9312,148,148,9
1784745199939,18,GET /api/boats/1,200,OK,500 Utilisateurs simultanees 1-89,text,true,,1788,147,147,18
1784745199939,21,GET /api/boats,200,OK,500 Utilisateurs simultanees 1-105,text,true,,17251,147,147,21
1784745199970,19,GET /api/boats,200,OK,500 Utilisateurs simultanees 1-111,text,true,,17251,147,147,19
1784745199981,12,GET /api/boats/1,200,OK,500 Utilisateurs simultanees 1-107,text,true,,1788,147,147,12
1784745199985,23,GET /api/boats,200,OK,500 Utilisateurs simultanees 1-103,text,true,,17251,147,147,22
1784745200023,4,GET /api/articles,200,OK,500 Utilisateurs simultanees 1-129,text,true,,9312,148,148,4
1784745200028,9,GET /api/articles,200,OK,500 Utilisateurs simultanees 1-173,text,true,,9312,148,148,9
1784745200031,13,GET /api/articles,200,OK,500 Utilisateurs simultanees 1-137,text,true,,9312,148,148,13
1784745200034,14,GET /api/boats/1,200,OK,500 Utilisateurs simultanees 1-157,text,true,,1788,148,148,14
1784745200046,9,GET /api/articles,200,OK,500 Utilisateurs simultanees 1-86,text,true,,9312,148,148,9
1784745200080,26,GET /api/boats,200,OK,500 Utilisateurs simultanees 1-227,text,true,,17251,147,147,25
1784745200092,30,GET /api/boats,200,OK,500 Utilisateurs simultanees 1-164,text,true,,17251,147,147,30
1784745200090,38,GET /api/boats,200,OK,500 Utilisateurs simultanees 1-219,text,true,,17251,147,147,38
1784745200142,5,GET /api/articles,200,OK,500 Utilisateurs simultanees 1-97,text,true,,9312,148,148,5
1784745200157,33,GET /api/articles,200,OK,500 Utilisateurs simultanees 1-142,text,true,,9312,147,147,33
1784745200148,62,GET /api/boats,200,OK,500 Utilisateurs simultanees 1-230,text,true,,17251,147,147,62
1784745200152,66,GET /api/boats,200,OK,500 Utilisateurs simultanees 1-168,text,true,,17251,147,147,66
1784745200195,30,GET /api/boats/1,200,OK,500 Utilisateurs simultanees 1-202,text,true,,1788,147,147,30
1784745200171,60,GET /api/boats,200,OK,500 Utilisateurs simultanees 1-223,text,true,,17251,147,147,60
1784745200223,12,GET /api/boats/1,200,OK,500 Utilisateurs simultanees 1-119,text,true,,1788,147,147,12
1784745200228,9,GET /api/articles,200,OK,500 Utilisateurs simultanees 1-139,text,true,,9312,147,147,9
1784745200244,3,GET /api/articles,200,OK,500 Utilisateurs simultanees 1-80,text,true,,9312,147,147,3
1784745200247,7,GET /api/articles,200,OK,500 Utilisateurs simultanees 1-134,text,true,,9312,146,146,7
1784745200245,15,GET /api/boats,200,OK,500 Utilisateurs simultanees 1-218,text,true,,17251,147,147,15
1784745200260,12,GET /api/boats,200,OK,500 Utilisateurs simultanees 1-182,text,true,,17251,147,147,12
1784745200298,12,GET /api/boats,200,OK,500 Utilisateurs simultanees 1-104,text,true,,17251,147,147,12
1784745200309,6,GET /api/articles,200,OK,500 Utilisateurs simultanees 1-198,text,true,,9312,147,147,6
1784745200333,10,GET /api/boats/1,200,OK,500 Utilisateurs simultanees 1-138,text,true,,1788,147,147,10
1784745200359,9,GET /api/articles,200,OK,500 Utilisateurs simultanees 1-181,text,true,,9312,147,147,9
1784745200373,27,GET /api/boats/1,200,OK,500 Utilisateurs simultanees 1-158,text,true,,1788,148,148,27
1784745200373,35,GET /api/boats,200,OK,500 Utilisateurs simultanees 1-183,text,true,,17251,148,148,35
1784745200398,28,GET /api/boats/1,200,OK,500 Utilisateurs simultanees 1-163,text,true,,1788,148,148,28
1784745200433,14,GET /api/articles,200,OK,500 Utilisateurs simultanees 1-204,text,true,,9312,148,148,13
1784745200428,28,GET /api/boats/1,200,OK,500 Utilisateurs simultanees 1-209,text,true,,1788,148,148,28
1784745200443,18,GET /api/articles,200,OK,500 Utilisateurs simultanees 1-94,text,true,,9312,148,148,18
1784745200457,17,GET /api/articles,200,OK,500 Utilisateurs simultanees 1-90,text,true,,9312,147,147,17
1784745200458,21,GET /api/articles,200,OK,500 Utilisateurs simultanees 1-194,text,true,,9312,146,146,21
1784745200483,17,GET /api/articles,200,OK,500 Utilisateurs simultanees 1-95,text,true,,9312,146,146,17
1784745200474,55,GET /api/boats,200,OK,500 Utilisateurs simultanees 1-172,text,true,,17251,146,146,55
1784745200507,24,GET /api/articles,200,OK,500 Utilisateurs simultanees 1-61,text,true,,9312,146,146,24
1784745200524,16,GET /api/articles,200,OK,500 Utilisateurs simultanees 1-195,text,true,,9312,145,145,16
1784745200507,36,GET /api/boats,200,OK,500 Utilisateurs simultanees 1-127,text,true,,17251,145,145,36
1784745200546,8,GET /api/boats/1,200,OK,500 Utilisateurs simultanees 1-149,text,true,,1788,145,145,8
1784745200556,5,GET /api/articles,200,OK,500 Utilisateurs simultanees 1-141,text,true,,9312,145,145,5
1784745200554,20,GET /api/boats,200,OK,500 Utilisateurs simultanees 1-167,text,true,,17251,145,145,20
1784745200556,21,GET /api/boats,200,OK,500 Utilisateurs simultanees 1-117,text,true,,17251,145,145,21
1784745200565,15,GET /api/articles,200,OK,500 Utilisateurs simultanees 1-144,text,true,,9312,145,145,15
1784745200571,26,GET /api/boats,200,OK,500 Utilisateurs simultanees 1-221,text,true,,17251,145,145,26
1784745200579,21,GET /api/boats,200,OK,500 Utilisateurs simultanees 1-185,text,true,,17251,145,145,21
1784745200581,24,GET /api/boats,200,OK,500 Utilisateurs simultanees 1-156,text,true,,17251,145,145,24
1784745200594,13,GET /api/boats/1,200,OK,500 Utilisateurs simultanees 1-131,text,true,,1788,145,145,13
1784745200610,15,GET /api/boats,200,OK,500 Utilisateurs simultanees 1-222,text,true,,17251,146,146,15
1784745200615,13,GET /api/boats,200,OK,500 Utilisateurs simultanees 1-140,text,true,,17251,146,146,13
1784745200654,4,GET /api/articles,200,OK,500 Utilisateurs simultanees 1-180,text,true,,9312,146,146,4
1784745200664,5,GET /api/articles,200,OK,500 Utilisateurs simultanees 1-189,text,true,,9312,146,146,5
1784745200665,6,GET /api/articles,200,OK,500 Utilisateurs simultanees 1-188,text,true,,9312,146,146,6
1784745200690,8,GET /api/boats/1,200,OK,500 Utilisateurs simultanees 1-148,text,true,,1788,146,146,8
1784745200724,16,GET /api/boats,200,OK,500 Utilisateurs simultanees 1-109,text,true,,17251,146,146,16
1784745200731,20,GET /api/boats,200,OK,500 Utilisateurs simultanees 1-177,text,true,,17251,147,147,20
1784745200742,11,GET /api/boats/1,200,OK,500 Utilisateurs simultanees 1-92,text,true,,1788,147,147,11
1784745200770,4,GET /api/articles,200,OK,500 Utilisateurs simultanees 1-197,text,true,,9312,147,147,4
1784745200767,8,GET /api/boats/1,200,OK,500 Utilisateurs simultanees 1-110,text,true,,1788,147,147,8
1784745200765,12,GET /api/boats/1,200,OK,500 Utilisateurs simultanees 1-206,text,true,,1788,147,147,12
1784745200826,12,GET /api/boats,200,OK,500 Utilisateurs simultanees 1-169,text,true,,17251,147,147,12
1784745200836,8,GET /api/boats/1,200,OK,500 Utilisateurs simultanees 1-162,text,true,,1788,147,147,8
1784745200846,4,GET /api/articles,200,OK,500 Utilisateurs simultanees 1-101,text,true,,9312,147,147,4
1784745200853,14,GET /api/boats,200,OK,500 Utilisateurs simultanees 1-225,text,true,,17251,147,147,14
1784745200866,11,GET /api/boats/1,200,OK,500 Utilisateurs simultanees 1-166,text,true,,1788,147,147,11
1784745200870,19,GET /api/boats,200,OK,500 Utilisateurs simultanees 1-190,text,true,,17251,147,147,19
1784745200871,22,GET /api/boats,200,OK,500 Utilisateurs simultanees 1-224,text,true,,17251,147,147,22
1784745200881,13,GET /api/articles,200,OK,500 Utilisateurs simultanees 1-150,text,true,,9312,147,147,13
1784745200894,6,GET /api/articles,200,OK,500 Utilisateurs simultanees 1-192,text,true,,9312,147,147,6
1784745200887,21,GET /api/boats,200,OK,500 Utilisateurs simultanees 1-108,text,true,,17251,147,147,21
1784745200904,18,GET /api/boats,200,OK,500 Utilisateurs simultanees 1-231,text,true,,17251,147,147,18
1784745200941,18,GET /api/boats,200,OK,500 Utilisateurs simultanees 1-121,text,true,,17251,147,147,18
1784745200945,16,GET /api/boats,200,OK,500 Utilisateurs simultanees 1-130,text,true,,17251,147,147,16
1784745200948,20,GET /api/boats,200,OK,500 Utilisateurs simultanees 1-114,text,true,,17251,147,147,20
1784745200985,6,GET /api/boats/1,200,OK,500 Utilisateurs simultanees 1-207,text,true,,1788,148,148,6
1784745201017,6,GET /api/articles,200,OK,500 Utilisateurs simultanees 1-205,text,true,,9312,148,148,6
1784745201011,14,GET /api/boats,200,OK,500 Utilisateurs simultanees 1-152,text,true,,17251,148,148,14
1784745201025,3,GET /api/articles,200,OK,500 Utilisateurs simultanees 1-154,text,true,,9312,148,148,3
1784745201040,18,GET /api/boats,200,OK,500 Utilisateurs simultanees 1-186,text,true,,17251,148,148,17
1784745201048,11,GET /api/boats/1,200,OK,500 Utilisateurs simultanees 1-213,text,true,,1788,148,148,11
1784745201044,17,GET /api/boats,200,OK,500 Utilisateurs simultanees 1-173,text,true,,17251,148,148,17
1784745201065,4,GET /api/articles,200,OK,500 Utilisateurs simultanees 1-200,text,true,,9312,148,148,4
1784745201079,5,GET /api/articles,200,OK,500 Utilisateurs simultanees 1-153,text,true,,9312,148,148,5
1784745201090,4,GET /api/articles,200,OK,500 Utilisateurs simultanees 1-184,text,true,,9312,148,148,4
1784745201114,13,GET /api/boats,200,OK,500 Utilisateurs simultanees 1-174,text,true,,17251,149,149,12
1784745201124,16,GET /api/boats,200,OK,500 Utilisateurs simultanees 1-151,text,true,,17251,149,149,16
1784745201133,15,GET /api/boats,200,OK,500 Utilisateurs simultanees 1-115,text,true,,17251,149,149,15
1784745201143,8,GET /api/articles,200,OK,500 Utilisateurs simultanees 1-135,text,true,,9312,149,149,8
1784745201145,49,GET /api/boats/1,200,OK,500 Utilisateurs simultanees 1-171,text,true,,1788,149,149,49
1784745201166,31,GET /api/articles,200,OK,500 Utilisateurs simultanees 1-187,text,true,,9312,149,149,31
1784745201169,37,GET /api/boats/1,200,OK,500 Utilisateurs simultanees 1-161,text,true,,1788,149,149,37
1784745201174,34,GET /api/boats/1,200,OK,500 Utilisateurs simultanees 1-106,text,true,,1788,149,149,34
1784745201164,67,GET /api/boats,200,OK,500 Utilisateurs simultanees 1-136,text,true,,17251,150,150,67
1784745201173,68,GET /api/boats,200,OK,500 Utilisateurs simultanees 1-236,text,true,,17251,150,150,68
1784745201173,75,GET /api/boats,200,OK,500 Utilisateurs simultanees 1-233,text,true,,17251,150,150,75
1784745201188,70,GET /api/boats,200,OK,500 Utilisateurs simultanees 1-165,text,true,,17251,150,150,70
1784745201227,38,GET /api/boats/1,200,OK,500 Utilisateurs simultanees 1-170,text,true,,1788,150,150,38
1784745201248,21,GET /api/articles,200,OK,500 Utilisateurs simultanees 1-196,text,true,,9312,150,150,21
1784745201241,29,GET /api/boats/1,200,OK,500 Utilisateurs simultanees 1-164,text,true,,1788,150,150,29
1784745201224,50,GET /api/boats,200,OK,500 Utilisateurs simultanees 1-118,text,true,,17251,150,150,50
1784745201217,58,GET /api/boats,200,OK,500 Utilisateurs simultanees 1-226,text,true,,17251,150,150,58
1784745201281,11,GET /api/boats/1,200,OK,500 Utilisateurs simultanees 1-128,text,true,,1788,150,150,11
1784745201281,24,GET /api/boats,200,OK,500 Utilisateurs simultanees 1-155,text,true,,17251,150,150,24
1784745201286,21,GET /api/boats,200,OK,500 Utilisateurs simultanees 1-179,text,true,,17251,150,150,21
1784745201283,27,GET /api/boats,200,OK,500 Utilisateurs simultanees 1-234,text,true,,17251,150,150,27
1784745201294,23,GET /api/boats,200,OK,500 Utilisateurs simultanees 1-134,text,true,,17251,150,150,23
1784745201324,6,GET /api/boats/1,200,OK,500 Utilisateurs simultanees 1-112,text,true,,1788,150,150,5
1784745201324,13,GET /api/boats,200,OK,500 Utilisateurs simultanees 1-145,text,true,,17251,150,150,12
1784745201380,10,GET /api/articles,200,OK,500 Utilisateurs simultanees 1-193,text,true,,9312,151,151,10
1784745201380,28,GET /api/boats,200,OK,500 Utilisateurs simultanees 1-124,text,true,,17251,151,151,28
1784745201416,15,GET /api/boats/1,200,OK,500 Utilisateurs simultanees 1-220,text,true,,1788,151,151,15
1784745201420,17,GET /api/boats/1,200,OK,500 Utilisateurs simultanees 1-217,text,true,,1788,151,151,17
1784745201447,8,GET /api/articles,200,OK,500 Utilisateurs simultanees 1-147,text,true,,9312,151,151,8
1784745201471,70,GET /api/boats/1,200,OK,500 Utilisateurs simultanees 1-208,text,true,,1788,152,152,70
1784745201457,110,GET /api/boats,200,OK,500 Utilisateurs simultanees 1-137,text,true,,17251,152,152,110
1784745201464,115,GET /api/boats,200,OK,500 Utilisateurs simultanees 1-176,text,true,,17251,152,152,115
1784745201513,95,GET /api/articles,200,OK,500 Utilisateurs simultanees 1-143,text,true,,9312,153,153,95
1784745201509,120,GET /api/boats,200,OK,500 Utilisateurs simultanees 1-123,text,true,,17251,153,153,120
1784745201545,115,GET /api/boats/1,200,OK,500 Utilisateurs simultanees 1-113,text,true,,1788,153,153,115
1784745201583,107,GET /api/articles,200,OK,500 Utilisateurs simultanees 1-202,text,true,,9312,153,153,107
1784745201615,85,GET /api/boats/1,200,OK,500 Utilisateurs simultanees 1-183,text,true,,1788,154,154,85
1784745201556,150,GET /api/boats,200,OK,500 Utilisateurs simultanees 1-191,text,true,,17251,154,154,150
1784745201525,189,GET /api/boats,200,OK,500 Utilisateurs simultanees 1-240,text,true,,17251,154,154,189
1784745201567,157,GET /api/articles,200,OK,500 Utilisateurs simultanees 1-107,text,true,,9312,154,154,157
1784745201612,137,GET /api/boats/1,200,OK,500 Utilisateurs simultanees 1-182,text,true,,1788,153,153,137
1784745201567,191,GET /api/boats,200,OK,500 Utilisateurs simultanees 1-126,text,true,,17251,153,153,191
1784745201658,106,GET /api/articles,200,OK,500 Utilisateurs simultanees 1-216,text,true,,9312,153,153,106
1784745201671,95,GET /api/boats/1,200,OK,500 Utilisateurs simultanees 1-116,text,true,,1788,153,153,95
1784745201637,146,GET /api/boats,200,OK,500 Utilisateurs simultanees 1-132,text,true,,17251,153,153,146
1784745201638,148,GET /api/boats,200,OK,500 Utilisateurs simultanees 1-139,text,true,,17251,153,153,148
1784745201649,139,GET /api/boats,200,OK,500 Utilisateurs simultanees 1-178,text,true,,17251,153,153,139
1784745201725,64,GET /api/articles,200,OK,500 Utilisateurs simultanees 1-125,text,true,,9312,153,153,64
1784745201687,104,GET /api/boats,200,OK,500 Utilisateurs simultanees 1-204,text,true,,17251,152,152,104
1784745201765,28,GET /api/boats/1,200,OK,500 Utilisateurs simultanees 1-177,text,true,,1788,152,152,28
1784745201741,59,GET /api/boats,200,OK,500 Utilisateurs simultanees 1-232,text,true,,17251,152,152,59
1784745201783,18,GET /api/articles,200,OK,500 Utilisateurs simultanees 1-131,text,true,,9312,152,152,18
1784745201808,7,GET /api/boats/1,200,OK,500 Utilisateurs simultanees 1-222,text,true,,1788,151,151,7
1784745201809,13,GET /api/boats,200,OK,500 Utilisateurs simultanees 1-129,text,true,,17251,152,152,13
1784745201815,14,GET /api/boats,200,OK,500 Utilisateurs simultanees 1-228,text,true,,17251,152,152,14
1784745201820,15,GET /api/boats,200,OK,500 Utilisateurs simultanees 1-189,text,true,,17251,152,152,15
1784745201840,5,GET /api/boats/1,200,OK,500 Utilisateurs simultanees 1-215,text,true,,1788,152,152,5
1784745201882,7,GET /api/boats/1,200,OK,500 Utilisateurs simultanees 1-105,text,true,,1788,152,152,7
1784745201891,3,GET /api/articles,200,OK,500 Utilisateurs simultanees 1-146,text,true,,9312,152,152,3
1784745201894,4,GET /api/articles,200,OK,500 Utilisateurs simultanees 1-201,text,true,,9312,152,152,4
1784745201898,12,GET /api/boats,200,OK,500 Utilisateurs simultanees 1-197,text,true,,17251,152,152,12
1784745201907,19,GET /api/boats,200,OK,500 Utilisateurs simultanees 1-229,text,true,,17251,152,152,19
1784745201914,15,GET /api/boats,200,OK,500 Utilisateurs simultanees 1-198,text,true,,17251,152,152,14
1784745201937,7,GET /api/boats/1,200,OK,500 Utilisateurs simultanees 1-210,text,true,,1788,153,153,7
1784745201960,8,GET /api/boats/1,200,OK,500 Utilisateurs simultanees 1-93,text,true,,1788,153,153,8
1784745202003,7,GET /api/articles,200,OK,500 Utilisateurs simultanees 1-199,text,true,,9312,153,153,7
1784745202067,18,GET /api/boats/1,200,OK,500 Utilisateurs simultanees 1-185,text,true,,1788,154,154,18
1784745202077,13,GET /api/articles,200,OK,500 Utilisateurs simultanees 1-203,text,true,,9312,154,154,12
1784745202082,37,GET /api/boats,200,OK,500 Utilisateurs simultanees 1-235,text,true,,17251,154,154,37
1784745202117,22,GET /api/articles,200,OK,500 Utilisateurs simultanees 1-120,text,true,,9312,154,154,22
1784745202121,25,GET /api/articles,200,OK,500 Utilisateurs simultanees 1-212,text,true,,9312,154,154,25
1784745202112,40,GET /api/boats/1,200,OK,500 Utilisateurs simultanees 1-127,text,true,,1788,154,154,40
1784745202124,37,GET /api/boats/1,200,OK,500 Utilisateurs simultanees 1-104,text,true,,1788,154,154,37
1784745202142,30,GET /api/boats/1,200,OK,500 Utilisateurs simultanees 1-152,text,true,,1788,154,154,29
1784745202168,12,GET /api/articles,200,OK,500 Utilisateurs simultanees 1-211,text,true,,9312,154,154,12
1784745202188,37,GET /api/boats,200,OK,500 Utilisateurs simultanees 1-144,text,true,,17251,155,155,36
1784745202226,29,GET /api/boats/1,200,OK,500 Utilisateurs simultanees 1-175,text,true,,1788,155,155,28
1784745202236,23,GET /api/boats/1,200,OK,500 Utilisateurs simultanees 1-219,text,true,,1788,155,155,23
1784745202215,49,GET /api/boats,200,OK,500 Utilisateurs simultanees 1-142,text,true,,17251,155,155,48
1784745202247,20,GET /api/boats/1,200,OK,500 Utilisateurs simultanees 1-156,text,true,,1788,155,155,20
1784745202254,14,GET /api/articles,200,OK,500 Utilisateurs simultanees 1-100,text,true,,9312,155,155,14
1784745202287,4,GET /api/articles,200,OK,500 Utilisateurs simultanees 1-206,text,true,,9312,154,154,4
1784745202286,14,GET /api/boats,200,OK,500 Utilisateurs simultanees 1-150,text,true,,17251,155,155,14
1784745202302,3,GET /api/articles,200,OK,500 Utilisateurs simultanees 1-157,text,true,,9312,155,155,3
1784745202304,15,GET /api/boats,200,OK,500 Utilisateurs simultanees 1-243,text,true,,17251,155,155,15
1784745202330,14,GET /api/boats,200,OK,500 Utilisateurs simultanees 1-248,text,true,,17251,155,155,14
1784745202344,8,GET /api/boats/1,200,OK,500 Utilisateurs simultanees 1-108,text,true,,1788,155,155,8
1784745202403,14,GET /api/boats/1,200,OK,500 Utilisateurs simultanees 1-173,text,true,,1788,155,155,14
1784745202415,19,GET /api/boats/1,200,OK,500 Utilisateurs simultanees 1-124,text,true,,1788,156,156,19
1784745202441,20,GET /api/boats/1,200,OK,500 Utilisateurs simultanees 1-226,text,true,,1788,156,156,20
1784745202447,19,GET /api/boats/1,200,OK,500 Utilisateurs simultanees 1-224,text,true,,1788,156,156,19
1784745202473,8,GET /api/articles,200,OK,500 Utilisateurs simultanees 1-122,text,true,,9312,156,156,8
1784745202484,25,GET /api/boats/1,200,OK,500 Utilisateurs simultanees 1-168,text,true,,1788,155,155,25
1784745202497,18,GET /api/articles,200,OK,500 Utilisateurs simultanees 1-92,text,true,,9312,155,155,18
1784745202513,55,GET /api/boats,200,OK,500 Utilisateurs simultanees 1-147,text,true,,17251,155,155,55
1784745202500,74,GET /api/boats,200,OK,500 Utilisateurs simultanees 1-241,text,true,,17251,155,155,74
1784745202516,77,GET /api/boats,200,OK,500 Utilisateurs simultanees 1-180,text,true,,17251,155,155,76
1784745202577,62,GET /api/articles,200,OK,500 Utilisateurs simultanees 1-159,text,true,,9312,155,155,62
1784745202570,73,GET /api/boats/1,200,OK,500 Utilisateurs simultanees 1-225,text,true,,1788,155,155,73
1784745202557,100,GET /api/boats,200,OK,500 Utilisateurs simultanees 1-194,text,true,,17251,155,155,100
1784745202589,75,GET /api/boats/1,200,OK,500 Utilisateurs simultanees 1-140,text,true,,1788,156,156,75
1784745202548,127,GET /api/boats,200,OK,500 Utilisateurs simultanees 1-238,text,true,,17251,156,156,127
1784745202599,85,GET /api/articles,200,OK,500 Utilisateurs simultanees 1-138,text,true,,9312,156,156,85
1784745202616,75,GET /api/articles,200,OK,500 Utilisateurs simultanees 1-148,text,true,,9312,156,156,74
1784745202608,120,GET /api/boats/1,200,OK,500 Utilisateurs simultanees 1-179,text,true,,1788,156,156,120
1784745202630,107,GET /api/boats/1,200,OK,500 Utilisateurs simultanees 1-169,text,true,,1788,156,156,107
1784745202680,60,GET /api/articles,200,OK,500 Utilisateurs simultanees 1-160,text,true,,9312,156,156,60
1784745202599,144,GET /api/boats,200,OK,500 Utilisateurs simultanees 1-195,text,true,,17251,156,156,144
1784745202601,151,GET /api/boats,200,OK,500 Utilisateurs simultanees 1-133,text,true,,17251,156,156,151
1784745202663,91,GET /api/boats/1,200,OK,500 Utilisateurs simultanees 1-234,text,true,,1788,156,156,91
1784745202682,75,GET /api/articles,200,OK,500 Utilisateurs simultanees 1-214,text,true,,9312,156,156,75
1784745202687,71,GET /api/articles,200,OK,500 Utilisateurs simultanees 1-89,text,true,,9312,156,156,71
1784745202659,102,GET /api/boats,200,OK,500 Utilisateurs simultanees 1-181,text,true,,17251,155,155,102
1784745202682,93,GET /api/boats,200,OK,500 Utilisateurs simultanees 1-193,text,true,,17251,155,155,93
1784745202650,128,GET /api/boats,200,OK,500 Utilisateurs simultanees 1-251,text,true,,17251,155,155,128
1784745202697,86,GET /api/boats,200,OK,500 Utilisateurs simultanees 1-239,text,true,,17251,156,156,86
1784745202771,25,GET /api/boats,200,OK,500 Utilisateurs simultanees 1-237,text,true,,17251,156,156,25
1784745202794,6,GET /api/articles,200,OK,500 Utilisateurs simultanees 1-170,text,true,,9312,156,156,6
1784745202838,7,GET /api/boats/1,200,OK,500 Utilisateurs simultanees 1-233,text,true,,1788,156,156,7
1784745202849,4,GET /api/articles,200,OK,500 Utilisateurs simultanees 1-149,text,true,,9312,156,156,4
1784745202846,10,GET /api/boats/1,200,OK,500 Utilisateurs simultanees 1-103,text,true,,1788,156,156,10
1784745202863,18,GET /api/boats/1,200,OK,500 Utilisateurs simultanees 1-137,text,true,,1788,156,156,18
1784745202868,17,GET /api/boats/1,200,OK,500 Utilisateurs simultanees 1-121,text,true,,1788,156,156,17
1784745202872,17,GET /api/boats/1,200,OK,500 Utilisateurs simultanees 1-111,text,true,,1788,156,156,17
1784745202907,5,GET /api/articles,200,OK,500 Utilisateurs simultanees 1-182,text,true,,9312,157,157,5
1784745202903,13,GET /api/boats/1,200,OK,500 Utilisateurs simultanees 1-167,text,true,,1788,157,157,13
1784745202925,6,GET /api/articles,200,OK,500 Utilisateurs simultanees 1-158,text,true,,9312,157,157,6
1784745202921,14,GET /api/boats/1,200,OK,500 Utilisateurs simultanees 1-151,text,true,,1788,157,157,14
1784745202953,15,GET /api/boats/1,200,OK,500 Utilisateurs simultanees 1-117,text,true,,1788,157,157,15
1784745202975,16,GET /api/boats/1,200,OK,500 Utilisateurs simultanees 1-114,text,true,,1788,157,157,15
1784745203004,15,GET /api/boats/1,200,OK,500 Utilisateurs simultanees 1-155,text,true,,1788,157,157,15
1784745203017,15,GET /api/boats/1,200,OK,500 Utilisateurs simultanees 1-132,text,true,,1788,158,158,15
1784745203025,14,GET /api/boats/1,200,OK,500 Utilisateurs simultanees 1-218,text,true,,1788,158,158,14
1784745203031,12,GET /api/articles,200,OK,500 Utilisateurs simultanees 1-213,text,true,,9312,158,158,12
1784745203033,14,GET /api/articles,200,OK,500 Utilisateurs simultanees 1-171,text,true,,9312,158,158,14
1784745203067,11,GET /api/boats/1,200,OK,500 Utilisateurs simultanees 1-134,text,true,,1788,158,158,11
1784745203073,12,GET /api/boats/1,200,OK,500 Utilisateurs simultanees 1-230,text,true,,1788,158,158,12
1784745203099,12,GET /api/boats/1,200,OK,500 Utilisateurs simultanees 1-227,text,true,,1788,158,158,12
1784745203091,27,GET /api/boats,200,OK,500 Utilisateurs simultanees 1-153,text,true,,17251,158,158,27
1784745203109,38,GET /api/boats,200,OK,500 Utilisateurs simultanees 1-188,text,true,,17251,159,159,38
1784745203121,34,GET /api/boats,200,OK,500 Utilisateurs simultanees 1-205,text,true,,17251,159,159,34
1784745203141,17,GET /api/articles,200,OK,500 Utilisateurs simultanees 1-209,text,true,,9312,159,159,17
1784745203164,14,GET /api/boats/1,200,OK,500 Utilisateurs simultanees 1-130,text,true,,1788,159,159,14
1784745203182,19,GET /api/boats/1,200,OK,500 Utilisateurs simultanees 1-223,text,true,,1788,159,159,19
1784745203192,13,GET /api/articles,200,OK,500 Utilisateurs simultanees 1-217,text,true,,9312,159,159,13
1784745203212,9,GET /api/articles,200,OK,500 Utilisateurs simultanees 1-119,text,true,,9312,159,159,9
1784745203226,14,GET /api/boats/1,200,OK,500 Utilisateurs simultanees 1-176,text,true,,1788,158,158,14
1784745203231,12,GET /api/boats/1,200,OK,500 Utilisateurs simultanees 1-197,text,true,,1788,158,158,12
1784745203246,14,GET /api/boats/1,200,OK,500 Utilisateurs simultanees 1-136,text,true,,1788,159,159,14
1784745203253,26,GET /api/boats,200,OK,500 Utilisateurs simultanees 1-242,text,true,,17251,159,159,25
1784745203269,15,GET /api/boats/1,200,OK,500 Utilisateurs simultanees 1-144,text,true,,1788,159,159,15
1784745203284,8,GET /api/articles,200,OK,500 Utilisateurs simultanees 1-185,text,true,,9312,159,159,8
1784745203287,8,GET /api/articles,200,OK,500 Utilisateurs simultanees 1-162,text,true,,9312,159,159,8
1784745203296,8,GET /api/articles,200,OK,500 Utilisateurs simultanees 1-163,text,true,,9312,159,159,7
1784745203304,21,GET /api/boats/1,200,OK,500 Utilisateurs simultanees 1-229,text,true,,1788,159,159,21
1784745203300,35,GET /api/boats,200,OK,500 Utilisateurs simultanees 1-250,text,true,,17251,159,159,34
1784745203319,24,GET /api/boats/1,200,OK,500 Utilisateurs simultanees 1-109,text,true,,1788,159,159,24
1784745203324,27,GET /api/boats/1,200,OK,500 Utilisateurs simultanees 1-240,text,true,,1788,159,159,27
1784745203346,28,GET /api/boats/1,200,OK,500 Utilisateurs simultanees 1-190,text,true,,1788,159,159,28
1784745203325,53,GET /api/boats,200,OK,500 Utilisateurs simultanees 1-141,text,true,,17251,160,160,53
1784745203340,42,GET /api/boats,200,OK,500 Utilisateurs simultanees 1-187,text,true,,17251,160,160,42
1784745203386,14,GET /api/boats/1,200,OK,500 Utilisateurs simultanees 1-142,text,true,,1788,160,160,14
1784745203386,16,GET /api/boats/1,200,OK,500 Utilisateurs simultanees 1-172,text,true,,1788,160,160,16
1784745203391,13,GET /api/articles,200,OK,500 Utilisateurs simultanees 1-208,text,true,,9312,160,160,13
1784745203387,19,GET /api/boats/1,200,OK,500 Utilisateurs simultanees 1-221,text,true,,1788,160,160,19
1784745203399,15,GET /api/boats/1,200,OK,500 Utilisateurs simultanees 1-243,text,true,,1788,160,160,15
1784745203413,9,GET /api/boats/1,200,OK,500 Utilisateurs simultanees 1-186,text,true,,1788,160,160,9
1784745203407,19,GET /api/boats,200,OK,500 Utilisateurs simultanees 1-196,text,true,,17251,160,160,19
1784745203442,5,GET /api/articles,200,OK,500 Utilisateurs simultanees 1-105,text,true,,9312,160,160,5
1784745203460,18,GET /api/boats,200,OK,500 Utilisateurs simultanees 1-247,text,true,,17251,159,159,18
1784745203475,13,GET /api/articles,200,OK,500 Utilisateurs simultanees 1-166,text,true,,9312,159,159,13
1784745203471,23,GET /api/boats,200,OK,500 Utilisateurs simultanees 1-216,text,true,,17251,159,159,23
1784745203484,25,GET /api/boats,200,OK,500 Utilisateurs simultanees 1-246,text,true,,17251,160,160,25
1784745203490,23,GET /api/boats,200,OK,500 Utilisateurs simultanees 1-244,text,true,,17251,160,160,23
1784745203513,9,GET /api/boats/1,200,OK,500 Utilisateurs simultanees 1-174,text,true,,1788,160,160,9
1784745203553,9,GET /api/boats/1,200,OK,500 Utilisateurs simultanees 1-189,text,true,,1788,160,160,9
1784745203563,15,GET /api/boats,200,OK,500 Utilisateurs simultanees 1-259,text,true,,17251,160,160,15
1784745203592,6,GET /api/articles,200,OK,500 Utilisateurs simultanees 1-220,text,true,,9312,160,160,6
1784745203590,16,GET /api/boats,200,OK,500 Utilisateurs simultanees 1-184,text,true,,17251,160,160,16
1784745203619,11,GET /api/boats/1,200,OK,500 Utilisateurs simultanees 1-150,text,true,,1788,161,161,11
1784745203625,9,GET /api/boats/1,200,OK,500 Utilisateurs simultanees 1-191,text,true,,1788,161,161,9
1784745203646,5,GET /api/articles,200,OK,500 Utilisateurs simultanees 1-161,text,true,,9312,161,161,5
1784745203657,8,GET /api/articles,200,OK,500 Utilisateurs simultanees 1-116,text,true,,9312,161,161,8
1784745203650,22,GET /api/boats,200,OK,500 Utilisateurs simultanees 1-252,text,true,,17251,160,160,22
1784745203654,21,GET /api/boats,200,OK,500 Utilisateurs simultanees 1-254,text,true,,17251,160,160,21
1784745203675,14,GET /api/boats,200,OK,500 Utilisateurs simultanees 1-192,text,true,,17251,160,160,14
1784745203701,4,GET /api/articles,200,OK,500 Utilisateurs simultanees 1-110,text,true,,9312,160,160,4
1784745203705,4,GET /api/articles,200,OK,500 Utilisateurs simultanees 1-207,text,true,,9312,159,159,4
1784745203721,12,GET /api/boats/1,200,OK,500 Utilisateurs simultanees 1-231,text,true,,1788,159,159,12
1784745203734,5,GET /api/articles,200,OK,500 Utilisateurs simultanees 1-222,text,true,,9312,159,159,5
1784745203738,27,GET /api/boats,200,OK,500 Utilisateurs simultanees 1-200,text,true,,17251,160,160,27
1784745203735,34,GET /api/boats,200,OK,500 Utilisateurs simultanees 1-245,text,true,,17251,160,160,34
1784745203761,17,GET /api/articles,200,OK,500 Utilisateurs simultanees 1-106,text,true,,9312,160,160,17
1784745203762,21,GET /api/articles,200,OK,500 Utilisateurs simultanees 1-224,text,true,,9312,159,159,21
1784745203753,33,GET /api/boats,200,OK,500 Utilisateurs simultanees 1-159,text,true,,17251,159,159,33
1784745203791,9,GET /api/boats/1,200,OK,500 Utilisateurs simultanees 1-165,text,true,,1788,159,159,9
1784745203798,10,GET /api/boats/1,200,OK,500 Utilisateurs simultanees 1-118,text,true,,1788,159,159,10
1784745203809,5,GET /api/articles,200,OK,500 Utilisateurs simultanees 1-156,text,true,,9312,159,159,5
1784745203814,9,GET /api/boats/1,200,OK,500 Utilisateurs simultanees 1-115,text,true,,1788,158,158,9
1784745203845,5,GET /api/articles,200,OK,500 Utilisateurs simultanees 1-113,text,true,,9312,158,158,5
1784745203842,10,GET /api/boats/1,200,OK,500 Utilisateurs simultanees 1-193,text,true,,1788,157,157,10
1784745203860,21,GET /api/boats,200,OK,500 Utilisateurs simultanees 1-255,text,true,,17251,158,158,21
1784745203890,10,GET /api/boats/1,200,OK,500 Utilisateurs simultanees 1-129,text,true,,1788,158,158,10
1784745203906,6,GET /api/articles,200,OK,500 Utilisateurs simultanees 1-215,text,true,,9312,158,158,6
1784745203908,7,GET /api/articles,200,OK,500 Utilisateurs simultanees 1-127,text,true,,9312,158,158,7
1784745203941,11,GET /api/boats/1,200,OK,500 Utilisateurs simultanees 1-181,text,true,,1788,157,157,11
1784745203982,6,GET /api/articles,200,OK,500 Utilisateurs simultanees 1-112,text,true,,9312,158,158,6
1784745203982,18,GET /api/boats/1,200,OK,500 Utilisateurs simultanees 1-238,text,true,,1788,157,157,18
1784745203979,29,GET /api/boats,200,OK,500 Utilisateurs simultanees 1-154,text,true,,17251,157,157,28
1784745203992,19,GET /api/articles,200,OK,500 Utilisateurs simultanees 1-124,text,true,,9312,157,157,19
1784745204015,4,GET /api/articles,200,OK,500 Utilisateurs simultanees 1-164,text,true,,9312,156,156,4
1784745204024,10,GET /api/boats/1,200,OK,500 Utilisateurs simultanees 1-133,text,true,,1788,156,156,10
1784745204033,18,GET /api/boats,200,OK,500 Utilisateurs simultanees 1-261,text,true,,17251,156,156,18
1784745204055,19,GET /api/boats,200,OK,500 Utilisateurs simultanees 1-135,text,true,,17251,156,156,19
1784745204064,12,GET /api/articles,200,OK,500 Utilisateurs simultanees 1-104,text,true,,9312,156,156,12
1784745204072,18,GET /api/boats,200,OK,500 Utilisateurs simultanees 1-249,text,true,,17251,155,155,18
1784745204093,5,GET /api/articles,200,OK,500 Utilisateurs simultanees 1-117,text,true,,9312,155,155,5
1784745204123,3,GET /api/articles,200,OK,500 Utilisateurs simultanees 1-175,text,true,,9312,155,155,3
1784745204131,3,GET /api/articles,200,OK,500 Utilisateurs simultanees 1-128,text,true,,9312,155,155,3
1784745204143,4,GET /api/articles,200,OK,500 Utilisateurs simultanees 1-93,text,true,,9312,154,154,4
1784745204150,3,GET /api/articles,200,OK,500 Utilisateurs simultanees 1-210,text,true,,9312,153,153,3
1784745204167,9,GET /api/boats/1,200,OK,500 Utilisateurs simultanees 1-228,text,true,,1788,153,153,9
1784745204167,14,GET /api/boats,200,OK,500 Utilisateurs simultanees 1-202,text,true,,17251,153,153,14
1784745204174,9,GET /api/boats/1,200,OK,500 Utilisateurs simultanees 1-236,text,true,,1788,153,153,9
1784745204187,8,GET /api/boats/1,200,OK,500 Utilisateurs simultanees 1-198,text,true,,1788,153,153,7
1784745204203,11,GET /api/boats/1,200,OK,500 Utilisateurs simultanees 1-241,text,true,,1788,153,153,11
1784745204215,12,GET /api/boats/1,200,OK,500 Utilisateurs simultanees 1-145,text,true,,1788,154,154,12
1784745204227,32,GET /api/boats,200,OK,500 Utilisateurs simultanees 1-199,text,true,,17251,154,154,32
1784745204290,6,GET /api/articles,200,OK,500 Utilisateurs simultanees 1-130,text,true,,9312,154,154,6
1784745204285,14,GET /api/boats,200,OK,500 Utilisateurs simultanees 1-262,text,true,,17251,153,153,14
1784745204313,23,GET /api/boats,200,OK,500 Utilisateurs simultanees 1-143,text,true,,17251,153,153,23
1784745204316,24,GET /api/boats,200,OK,500 Utilisateurs simultanees 1-149,text,true,,17251,154,154,24
1784745204316,26,GET /api/boats,200,OK,500 Utilisateurs simultanees 1-162,text,true,,17251,154,154,26
1784745204321,25,GET /api/boats,200,OK,500 Utilisateurs simultanees 1-146,text,true,,17251,154,154,25
1784745204338,11,GET /api/articles,200,OK,500 Utilisateurs simultanees 1-151,text,true,,9312,154,154,11
1784745204345,7,GET /api/articles,200,OK,500 Utilisateurs simultanees 1-183,text,true,,9312,153,153,6
1784745204383,12,GET /api/boats/1,200,OK,500 Utilisateurs simultanees 1-248,text,true,,1788,153,153,12
1784745204380,22,GET /api/boats,200,OK,500 Utilisateurs simultanees 1-257,text,true,,17251,153,153,22
1784745204387,37,GET /api/boats,200,OK,500 Utilisateurs simultanees 1-256,text,true,,17251,153,153,37
1784745204404,22,GET /api/articles,200,OK,500 Utilisateurs simultanees 1-114,text,true,,9312,153,153,22
1784745204404,35,GET /api/boats/1,200,OK,500 Utilisateurs simultanees 1-204,text,true,,1788,152,152,35
1784745204412,30,GET /api/articles,200,OK,500 Utilisateurs simultanees 1-233,text,true,,9312,152,152,30
1784745204414,36,GET /api/articles,200,OK,500 Utilisateurs simultanees 1-219,text,true,,9312,152,152,36
1784745204436,33,GET /api/articles,200,OK,500 Utilisateurs simultanees 1-136,text,true,,9312,153,153,33
1784745204439,38,GET /api/articles,200,OK,500 Utilisateurs simultanees 1-223,text,true,,9312,152,152,38
1784745204408,82,GET /api/boats,200,OK,500 Utilisateurs simultanees 1-253,text,true,,17251,152,152,82
1784745204459,33,GET /api/articles,200,OK,500 Utilisateurs simultanees 1-109,text,true,,9312,152,152,33
1784745204458,38,GET /api/boats/1,200,OK,500 Utilisateurs simultanees 1-232,text,true,,1788,151,151,38
1784745204483,22,GET /api/articles,200,OK,500 Utilisateurs simultanees 1-142,text,true,,9312,151,151,22
1784745204464,44,GET /api/boats,200,OK,500 Utilisateurs simultanees 1-206,text,true,,17251,150,150,44
1784745204504,12,GET /api/boats/1,200,OK,500 Utilisateurs simultanees 1-178,text,true,,1788,150,150,12
1784745204528,4,GET /api/articles,200,OK,500 Utilisateurs simultanees 1-174,text,true,,9312,150,150,4
1784745204533,8,GET /api/boats/1,200,OK,500 Utilisateurs simultanees 1-244,text,true,,1788,150,150,8
1784745204551,6,GET /api/boats/1,200,OK,500 Utilisateurs simultanees 1-123,text,true,,1788,150,150,6
1784745204563,4,GET /api/articles,200,OK,500 Utilisateurs simultanees 1-152,text,true,,9312,150,150,4
1784745204579,5,GET /api/articles,200,OK,500 Utilisateurs simultanees 1-134,text,true,,9312,150,150,5
1784745204578,13,GET /api/boats,200,OK,500 Utilisateurs simultanees 1-217,text,true,,17251,149,149,13
1784745204594,11,GET /api/boats,200,OK,500 Utilisateurs simultanees 1-212,text,true,,17251,149,149,11
1784745204605,3,GET /api/articles,200,OK,500 Utilisateurs simultanees 1-177,text,true,,9312,149,149,3
1784745204617,5,GET /api/articles,200,OK,500 Utilisateurs simultanees 1-167,text,true,,9312,149,149,5
1784745204611,14,GET /api/boats,200,OK,500 Utilisateurs simultanees 1-171,text,true,,17251,149,149,14
1784745204636,5,GET /api/boats/1,200,OK,500 Utilisateurs simultanees 1-126,text,true,,1788,149,149,5
1784745204640,9,GET /api/boats/1,200,OK,500 Utilisateurs simultanees 1-188,text,true,,1788,149,149,9
1784745204679,8,GET /api/boats,200,OK,500 Utilisateurs simultanees 1-214,text,true,,17251,149,149,8
1784745204714,14,GET /api/boats,200,OK,500 Utilisateurs simultanees 1-207,text,true,,17251,150,150,13
1784745204717,14,GET /api/boats,200,OK,500 Utilisateurs simultanees 1-163,text,true,,17251,150,150,14
1784745204724,9,GET /api/boats/1,200,OK,500 Utilisateurs simultanees 1-139,text,true,,1788,150,150,9
1784745204742,3,GET /api/articles,200,OK,500 Utilisateurs simultanees 1-176,text,true,,9312,150,150,2
1784745204746,10,GET /api/boats,200,OK,500 Utilisateurs simultanees 1-201,text,true,,17251,150,150,10
1784745204766,7,GET /api/boats/1,200,OK,500 Utilisateurs simultanees 1-195,text,true,,1788,150,150,7
1784745204767,13,GET /api/boats,200,OK,500 Utilisateurs simultanees 1-157,text,true,,17251,150,150,12
1784745204792,8,GET /api/boats/1,200,OK,500 Utilisateurs simultanees 1-141,text,true,,1788,150,150,8
1784745204811,5,GET /api/articles,200,OK,500 Utilisateurs simultanees 1-190,text,true,,9312,150,150,5
1784745204811,6,GET /api/articles,200,OK,500 Utilisateurs simultanees 1-218,text,true,,9312,150,150,6
1784745204816,10,GET /api/boats/1,200,OK,500 Utilisateurs simultanees 1-246,text,true,,1788,151,151,10
1784745204826,16,GET /api/boats,200,OK,500 Utilisateurs simultanees 1-120,text,true,,17251,151,151,16
1784745204836,9,GET /api/articles,200,OK,500 Utilisateurs simultanees 1-169,text,true,,9312,151,151,9
1784745204847,15,GET /api/boats/1,200,OK,500 Utilisateurs simultanees 1-251,text,true,,1788,151,151,15
1784745204846,25,GET /api/boats,200,OK,500 Utilisateurs simultanees 1-224,text,true,,17251,151,151,25
1784745204852,22,GET /api/boats,200,OK,500 Utilisateurs simultanees 1-203,text,true,,17251,151,151,22
1784745204875,11,GET /api/boats/1,200,OK,500 Utilisateurs simultanees 1-184,text,true,,1788,151,151,11
1784745204881,9,GET /api/boats/1,200,OK,500 Utilisateurs simultanees 1-245,text,true,,1788,151,151,9
1784745204894,8,GET /api/articles,200,OK,500 Utilisateurs simultanees 1-137,text,true,,9312,151,151,8
1784745204905,10,GET /api/articles,200,OK,500 Utilisateurs simultanees 1-173,text,true,,9312,150,150,10
1784745204894,25,GET /api/boats,200,OK,500 Utilisateurs simultanees 1-222,text,true,,17251,150,150,25
1784745204906,16,GET /api/articles,200,OK,500 Utilisateurs simultanees 1-108,text,true,,9312,150,150,16
1784745204911,25,GET /api/boats,200,OK,500 Utilisateurs simultanees 1-211,text,true,,17251,149,149,25
1784745204982,10,GET /api/boats/1,200,OK,500 Utilisateurs simultanees 1-147,text,true,,1788,150,150,10
1784745204991,14,GET /api/boats/1,200,OK,500 Utilisateurs simultanees 1-200,text,true,,1788,150,150,14
1784745205005,14,GET /api/boats/1,200,OK,500 Utilisateurs simultanees 1-205,text,true,,1788,150,150,14
1784745205051,40,GET /api/boats,200,OK,500 Utilisateurs simultanees 1-258,text,true,,17251,151,151,40
1784745205065,32,GET /api/articles,200,OK,500 Utilisateurs simultanees 1-155,text,true,,9312,151,151,32
1784745205065,39,GET /api/articles,200,OK,500 Utilisateurs simultanees 1-234,text,true,,9312,150,150,38
1784745205068,39,GET /api/articles,200,OK,500 Utilisateurs simultanees 1-179,text,true,,9312,150,150,39
1784745205069,49,GET /api/articles,200,OK,500 Utilisateurs simultanees 1-111,text,true,,9312,150,150,49
1784745205072,63,GET /api/boats/1,200,OK,500 Utilisateurs simultanees 1-250,text,true,,1788,149,149,63
1784745205080,65,GET /api/boats/1,200,OK,500 Utilisateurs simultanees 1-235,text,true,,1788,149,149,65
1784745205063,89,GET /api/boats,200,OK,500 Utilisateurs simultanees 1-270,text,true,,17251,149,149,89
1784745205097,58,GET /api/boats/1,200,OK,500 Utilisateurs simultanees 1-239,text,true,,1788,149,149,58
1784745205106,50,GET /api/articles,200,OK,500 Utilisateurs simultanees 1-191,text,true,,9312,149,149,50
1784745205111,47,GET /api/articles,200,OK,500 Utilisateurs simultanees 1-140,text,true,,9312,149,149,47
1784745205112,54,GET /api/boats/1,200,OK,500 Utilisateurs simultanees 1-255,text,true,,1788,148,148,54
1784745205100,71,GET /api/boats,200,OK,500 Utilisateurs simultanees 1-260,text,true,,17251,148,148,71
1784745205154,18,GET /api/articles,200,OK,500 Utilisateurs simultanees 1-229,text,true,,9312,148,148,18
1784745205121,53,GET /api/boats,200,OK,500 Utilisateurs simultanees 1-148,text,true,,17251,148,148,53
1784745205178,6,GET /api/boats/1,200,OK,500 Utilisateurs simultanees 1-261,text,true,,1788,149,149,6
1784745205217,8,GET /api/boats,200,OK,500 Utilisateurs simultanees 1-209,text,true,,17251,149,149,8
1784745205240,6,GET /api/articles,200,OK,500 Utilisateurs simultanees 1-168,text,true,,9312,149,149,6
1784745205242,11,GET /api/boats,200,OK,500 Utilisateurs simultanees 1-182,text,true,,17251,149,149,11
1784745205254,4,GET /api/articles,200,OK,500 Utilisateurs simultanees 1-240,text,true,,9312,149,149,4
1784745205269,5,GET /api/articles,200,OK,500 Utilisateurs simultanees 1-226,text,true,,9312,149,149,5
1784745205270,6,GET /api/articles,200,OK,500 Utilisateurs simultanees 1-165,text,true,,9312,149,149,6
1784745205276,10,GET /api/boats/1,200,OK,500 Utilisateurs simultanees 1-259,text,true,,1788,149,149,10
1784745205280,8,GET /api/boats/1,200,OK,500 Utilisateurs simultanees 1-180,text,true,,1788,149,149,8
1784745205287,11,GET /api/boats/1,200,OK,500 Utilisateurs simultanees 1-216,text,true,,1788,150,150,11
1784745205291,10,GET /api/articles,200,OK,500 Utilisateurs simultanees 1-193,text,true,,9312,150,150,9
1784745205291,16,GET /api/boats/1,200,OK,500 Utilisateurs simultanees 1-194,text,true,,1788,150,150,16
1784745205297,12,GET /api/boats/1,200,OK,500 Utilisateurs simultanees 1-196,text,true,,1788,150,150,11
1784745205298,20,GET /api/boats,200,OK,500 Utilisateurs simultanees 1-263,text,true,,17251,150,150,20
1784745205312,8,GET /api/articles,200,OK,500 Utilisateurs simultanees 1-133,text,true,,9312,150,150,8
1784745205328,4,GET /api/articles,200,OK,500 Utilisateurs simultanees 1-189,text,true,,9312,149,149,4
1784745205361,13,GET /api/boats,200,OK,500 Utilisateurs simultanees 1-268,text,true,,17251,149,149,13
1784745205385,14,GET /api/boats/1,200,OK,500 Utilisateurs simultanees 1-153,text,true,,1788,149,149,14
1784745205384,15,GET /api/boats/1,200,OK,500 Utilisateurs simultanees 1-249,text,true,,1788,149,149,15
1784745205399,4,GET /api/articles,200,OK,500 Utilisateurs simultanees 1-172,text,true,,9312,149,149,4
1784745205437,6,GET /api/articles,200,OK,500 Utilisateurs simultanees 1-225,text,true,,9312,150,150,6
1784745205431,16,GET /api/boats,200,OK,500 Utilisateurs simultanees 1-272,text,true,,17251,150,150,16
1784745205458,4,GET /api/articles,200,OK,500 Utilisateurs simultanees 1-132,text,true,,9312,150,150,4
1784745205461,13,GET /api/boats,200,OK,500 Utilisateurs simultanees 1-233,text,true,,17251,149,149,13
1784745205509,13,GET /api/boats/1,200,OK,500 Utilisateurs simultanees 1-199,text,true,,1788,149,149,13
1784745205508,17,GET /api/boats,200,OK,500 Utilisateurs simultanees 1-267,text,true,,17251,149,149,17
1784745205534,4,GET /api/articles,200,OK,500 Utilisateurs simultanees 1-118,text,true,,9312,149,149,4
1784745205553,11,GET /api/boats/1,200,OK,500 Utilisateurs simultanees 1-143,text,true,,1788,149,149,11
1784745205549,17,GET /api/boats,200,OK,500 Utilisateurs simultanees 1-160,text,true,,17251,149,149,17
1784745205579,7,GET /api/articles,200,OK,500 Utilisateurs simultanees 1-238,text,true,,9312,149,149,7
1784745205576,25,GET /api/boats,200,OK,500 Utilisateurs simultanees 1-170,text,true,,17251,149,149,25
1784745205579,25,GET /api/boats,200,OK,500 Utilisateurs simultanees 1-275,text,true,,17251,149,149,25
1784745205585,21,GET /api/boats/1,200,OK,500 Utilisateurs simultanees 1-247,text,true,,1788,149,149,21
1784745205613,6,GET /api/articles,200,OK,500 Utilisateurs simultanees 1-115,text,true,,9312,149,149,6
1784745205615,8,GET /api/boats/1,200,OK,500 Utilisateurs simultanees 1-242,text,true,,1788,148,148,8
1784745205631,4,GET /api/articles,200,OK,500 Utilisateurs simultanees 1-144,text,true,,9312,148,148,4
1784745205634,5,GET /api/articles,200,OK,500 Utilisateurs simultanees 1-244,text,true,,9312,147,147,5
1784745205646,4,GET /api/articles,200,OK,500 Utilisateurs simultanees 1-227,text,true,,9312,147,147,4
1784745205661,16,GET /api/boats,200,OK,500 Utilisateurs simultanees 1-138,text,true,,17251,148,148,16
1784745205689,5,GET /api/articles,200,OK,500 Utilisateurs simultanees 1-186,text,true,,9312,148,148,5
1784745205704,9,GET /api/boats/1,200,OK,500 Utilisateurs simultanees 1-202,text,true,,1788,148,148,9
1784745205710,9,GET /api/articles,200,OK,500 Utilisateurs simultanees 1-121,text,true,,9312,148,148,9
1784745205714,9,GET /api/boats/1,200,OK,500 Utilisateurs simultanees 1-187,text,true,,1788,147,147,9
1784745205728,18,GET /api/boats,200,OK,500 Utilisateurs simultanees 1-158,text,true,,17251,147,147,18
1784745205739,10,GET /api/boats/1,200,OK,500 Utilisateurs simultanees 1-237,text,true,,1788,147,147,10
1784745205745,8,GET /api/boats/1,200,OK,500 Utilisateurs simultanees 1-257,text,true,,1788,147,147,8
1784745205756,4,GET /api/articles,200,OK,500 Utilisateurs simultanees 1-103,text,true,,9312,147,147,4
1784745205761,8,GET /api/boats/1,200,OK,500 Utilisateurs simultanees 1-135,text,true,,1788,146,146,8
1784745205799,16,GET /api/boats,200,OK,500 Utilisateurs simultanees 1-185,text,true,,17251,147,147,16
1784745205809,9,GET /api/boats/1,200,OK,500 Utilisateurs simultanees 1-256,text,true,,1788,147,147,9
1784745205848,20,GET /api/boats/1,200,OK,500 Utilisateurs simultanees 1-149,text,true,,1788,147,147,20
1784745205851,20,GET /api/boats/1,200,OK,500 Utilisateurs simultanees 1-207,text,true,,1788,147,147,20
1784745205844,36,GET /api/boats,200,OK,500 Utilisateurs simultanees 1-264,text,true,,17251,147,147,36
1784745205878,23,GET /api/articles,200,OK,500 Utilisateurs simultanees 1-198,text,true,,9312,148,148,23
1784745205876,31,GET /api/boats/1,200,OK,500 Utilisateurs simultanees 1-206,text,true,,1788,148,148,31
1784745205865,47,GET /api/boats,200,OK,500 Utilisateurs simultanees 1-174,text,true,,17251,148,148,47
1784745205886,33,GET /api/boats/1,200,OK,500 Utilisateurs simultanees 1-252,text,true,,1788,148,148,33
1784745205888,35,GET /api/boats/1,200,OK,500 Utilisateurs simultanees 1-154,text,true,,1788,148,148,35
1784745205897,50,GET /api/boats,200,OK,500 Utilisateurs simultanees 1-220,text,true,,17251,148,148,49
1784745205959,12,GET /api/articles,200,OK,500 Utilisateurs simultanees 1-141,text,true,,9312,148,148,12
1784745205948,37,GET /api/boats/1,200,OK,500 Utilisateurs simultanees 1-146,text,true,,1788,147,147,37
1784745205961,60,GET /api/boats,200,OK,500 Utilisateurs simultanees 1-208,text,true,,17251,148,148,60
1784745205982,42,GET /api/articles,200,OK,500 Utilisateurs simultanees 1-197,text,true,,9312,148,148,42
1784745205974,56,GET /api/boats,200,OK,500 Utilisateurs simultanees 1-213,text,true,,17251,148,148,56
1784745206009,41,GET /api/boats,200,OK,500 Utilisateurs simultanees 1-266,text,true,,17251,148,148,41
1784745206026,34,GET /api/boats,200,OK,500 Utilisateurs simultanees 1-190,text,true,,17251,148,148,34
1784745206061,9,GET /api/articles,200,OK,500 Utilisateurs simultanees 1-230,text,true,,9312,148,148,9
1784745206087,12,GET /api/articles,200,OK,500 Utilisateurs simultanees 1-243,text,true,,9312,148,148,12
1784745206084,40,GET /api/boats,200,OK,500 Utilisateurs simultanees 1-274,text,true,,17251,148,148,40
1784745206088,43,GET /api/boats,200,OK,500 Utilisateurs simultanees 1-161,text,true,,17251,148,148,43
1784745206094,40,GET /api/boats/1,200,OK,500 Utilisateurs simultanees 1-212,text,true,,1788,148,148,40
1784745206117,25,GET /api/articles,200,OK,500 Utilisateurs simultanees 1-123,text,true,,9312,149,149,25
1784745206124,22,GET /api/boats/1,200,OK,500 Utilisateurs simultanees 1-159,text,true,,1788,148,148,22
1784745206133,14,GET /api/articles,200,OK,500 Utilisateurs simultanees 1-129,text,true,,9312,148,148,14
1784745206113,42,GET /api/boats,200,OK,500 Utilisateurs simultanees 1-276,text,true,,17251,147,147,42
1784745206153,20,GET /api/articles,200,OK,500 Utilisateurs simultanees 1-126,text,true,,9312,147,147,20
1784745206150,35,GET /api/boats,200,OK,500 Utilisateurs simultanees 1-166,text,true,,17251,146,146,35
1784745206165,32,GET /api/articles,200,OK,500 Utilisateurs simultanees 1-221,text,true,,9312,146,146,32
1784745206170,29,GET /api/boats/1,200,OK,500 Utilisateurs simultanees 1-224,text,true,,1788,146,146,29
1784745206174,28,GET /api/articles,200,OK,500 Utilisateurs simultanees 1-150,text,true,,9312,146,146,28
1784745206188,18,GET /api/boats/1,200,OK,500 Utilisateurs simultanees 1-222,text,true,,1788,145,145,18
1784745206183,32,GET /api/boats,200,OK,500 Utilisateurs simultanees 1-273,text,true,,17251,145,145,32
1784745206207,19,GET /api/boats,200,OK,500 Utilisateurs simultanees 1-265,text,true,,17251,145,145,19
1784745206253,15,GET /api/boats,200,OK,500 Utilisateurs simultanees 1-168,text,true,,17251,146,146,15
1784745206258,12,GET /api/articles,200,OK,500 Utilisateurs simultanees 1-232,text,true,,9312,146,146,12
1784745206254,18,GET /api/boats,200,OK,500 Utilisateurs simultanees 1-223,text,true,,17251,146,146,18
1784745206281,4,GET /api/articles,200,OK,500 Utilisateurs simultanees 1-235,text,true,,9312,146,146,4
1784745206283,6,GET /api/articles,200,OK,500 Utilisateurs simultanees 1-184,text,true,,9312,146,146,6
1784745206281,16,GET /api/boats,200,OK,500 Utilisateurs simultanees 1-179,text,true,,17251,146,146,15
1784745206297,2,GET /api/articles,200,OK,500 Utilisateurs simultanees 1-251,text,true,,9312,146,146,2
1784745206304,6,GET /api/boats/1,200,OK,500 Utilisateurs simultanees 1-192,text,true,,1788,146,146,6
1784745206347,7,GET /api/articles,200,OK,500 Utilisateurs simultanees 1-246,text,true,,9312,146,146,7
1784745206362,17,GET /api/boats/1,200,OK,500 Utilisateurs simultanees 1-270,text,true,,1788,146,146,17
1784745206358,28,GET /api/boats,200,OK,500 Utilisateurs simultanees 1-167,text,true,,17251,147,147,28
1784745206369,21,GET /api/boats/1,200,OK,500 Utilisateurs simultanees 1-254,text,true,,1788,147,147,21
1784745206374,18,GET /api/boats/1,200,OK,500 Utilisateurs simultanees 1-211,text,true,,1788,147,147,18
1784745206378,20,GET /api/boats,200,OK,500 Utilisateurs simultanees 1-277,text,true,,17251,147,147,20
1784745206398,9,GET /api/boats,200,OK,500 Utilisateurs simultanees 1-269,text,true,,17251,147,147,9
1784745206409,6,GET /api/articles,200,OK,500 Utilisateurs simultanees 1-231,text,true,,9312,147,147,6
1784745206406,10,GET /api/boats/1,200,OK,500 Utilisateurs simultanees 1-260,text,true,,1788,147,147,10
1784745206411,8,GET /api/articles,200,OK,500 Utilisateurs simultanees 1-241,text,true,,9312,147,147,8
1784745206441,12,GET /api/boats,200,OK,500 Utilisateurs simultanees 1-218,text,true,,17251,147,147,12
1784745206442,14,GET /api/boats,200,OK,500 Utilisateurs simultanees 1-177,text,true,,17251,147,147,14
1784745206451,6,GET /api/articles,200,OK,500 Utilisateurs simultanees 1-239,text,true,,9312,147,147,6
1784745206468,3,GET /api/articles,200,OK,500 Utilisateurs simultanees 1-228,text,true,,9312,147,147,3
1784745206478,10,GET /api/boats/1,200,OK,500 Utilisateurs simultanees 1-203,text,true,,1788,147,147,10
1784745206490,3,GET /api/articles,200,OK,500 Utilisateurs simultanees 1-180,text,true,,9312,147,147,3
1784745206496,5,GET /api/boats/1,200,OK,500 Utilisateurs simultanees 1-268,text,true,,1788,148,148,5
1784745206504,9,GET /api/boats,200,OK,500 Utilisateurs simultanees 1-283,text,true,,17251,148,148,9
1784745206525,6,GET /api/boats/1,200,OK,500 Utilisateurs simultanees 1-182,text,true,,1788,148,148,6
1784745206555,10,GET /api/boats,200,OK,500 Utilisateurs simultanees 1-219,text,true,,17251,148,148,10
1784745206570,13,GET /api/boats,200,OK,500 Utilisateurs simultanees 1-164,text,true,,17251,148,148,13
1784745206591,6,GET /api/articles,200,OK,500 Utilisateurs simultanees 1-249,text,true,,9312,148,148,5
1784745206621,5,GET /api/articles,200,OK,500 Utilisateurs simultanees 1-204,text,true,,9312,149,149,5
1784745206657,18,GET /api/boats/1,200,OK,500 Utilisateurs simultanees 1-209,text,true,,1788,149,149,18
1784745206683,9,GET /api/articles,200,OK,500 Utilisateurs simultanees 1-181,text,true,,9312,149,149,8
1784745206704,44,GET /api/boats,200,OK,500 Utilisateurs simultanees 1-285,text,true,,17251,150,150,44
1784745206707,51,GET /api/boats,200,OK,500 Utilisateurs simultanees 1-175,text,true,,17251,150,150,51
1784745206736,29,GET /api/boats/1,200,OK,500 Utilisateurs simultanees 1-162,text,true,,1788,150,150,29
1784745206766,18,GET /api/boats/1,200,OK,500 Utilisateurs simultanees 1-267,text,true,,1788,150,150,18
1784745206802,19,GET /api/boats/1,200,OK,500 Utilisateurs simultanees 1-263,text,true,,1788,150,150,19
1784745206805,36,GET /api/boats,200,OK,500 Utilisateurs simultanees 1-284,text,true,,17251,150,150,36
1784745206839,49,GET /api/boats,200,OK,500 Utilisateurs simultanees 1-215,text,true,,17251,151,151,49
1784745206868,30,GET /api/boats/1,200,OK,500 Utilisateurs simultanees 1-272,text,true,,1788,151,151,30
1784745206864,60,GET /api/boats,200,OK,500 Utilisateurs simultanees 1-279,text,true,,17251,151,151,60
1784745206890,40,GET /api/articles,200,OK,500 Utilisateurs simultanees 1-178,text,true,,9312,151,151,40
1784745206877,61,GET /api/boats,200,OK,500 Utilisateurs simultanees 1-271,text,true,,17251,151,151,61
1784745206930,31,GET /api/articles,200,OK,500 Utilisateurs simultanees 1-216,text,true,,9312,151,151,31
1784745206931,67,GET /api/boats,200,OK,500 Utilisateurs simultanees 1-226,text,true,,17251,152,152,66
1784745206962,40,GET /api/articles,200,OK,500 Utilisateurs simultanees 1-135,text,true,,9312,152,152,40
1784745206934,80,GET /api/boats,200,OK,500 Utilisateurs simultanees 1-286,text,true,,17251,151,151,80
1784745206979,57,GET /api/boats/1,200,OK,500 Utilisateurs simultanees 1-262,text,true,,1788,151,151,57
1784745206970,76,GET /api/boats,200,OK,500 Utilisateurs simultanees 1-240,text,true,,17251,151,151,76
1784745207006,43,GET /api/articles,200,OK,500 Utilisateurs simultanees 1-245,text,true,,9312,151,151,43
1784745206989,73,GET /api/boats,200,OK,500 Utilisateurs simultanees 1-225,text,true,,17251,151,151,73
1784745207010,57,GET /api/boats,200,OK,500 Utilisateurs simultanees 1-229,text,true,,17251,151,151,57
1784745207055,18,GET /api/boats/1,200,OK,500 Utilisateurs simultanees 1-157,text,true,,1788,151,151,18
1784745207058,17,GET /api/boats/1,200,OK,500 Utilisateurs simultanees 1-213,text,true,,1788,151,151,17
1784745207040,39,GET /api/boats,200,OK,500 Utilisateurs simultanees 1-176,text,true,,17251,151,151,39
1784745207073,9,GET /api/articles,200,OK,500 Utilisateurs simultanees 1-236,text,true,,9312,151,151,9
1784745207091,7,GET /api/articles,200,OK,500 Utilisateurs simultanees 1-145,text,true,,9312,152,152,7
1784745207092,9,GET /api/boats/1,200,OK,500 Utilisateurs simultanees 1-217,text,true,,1788,151,151,9
1784745207118,14,GET /api/boats,200,OK,500 Utilisateurs simultanees 1-210,text,true,,17251,151,151,14
1784745207145,4,GET /api/articles,200,OK,500 Utilisateurs simultanees 1-252,text,true,,9312,151,151,4
1784745207176,15,GET /api/articles,200,OK,500 Utilisateurs simultanees 1-248,text,true,,9312,151,151,15
1784745207181,21,GET /api/boats/1,200,OK,500 Utilisateurs simultanees 1-233,text,true,,1788,151,151,21
1784745207215,37,GET /api/boats,200,OK,500 Utilisateurs simultanees 1-193,text,true,,17251,152,152,37
1784745207223,35,GET /api/boats,200,OK,500 Utilisateurs simultanees 1-191,text,true,,17251,152,152,35
1784745207283,11,GET /api/articles,200,OK,500 Utilisateurs simultanees 1-257,text,true,,9312,152,152,11
1784745207286,35,GET /api/boats,200,OK,500 Utilisateurs simultanees 1-183,text,true,,17251,152,152,35
1784745207305,43,GET /api/boats/1,200,OK,500 Utilisateurs simultanees 1-214,text,true,,1788,153,153,42
1784745207314,55,GET /api/articles,200,OK,500 Utilisateurs simultanees 1-261,text,true,,9312,153,153,55
1784745207319,66,GET /api/articles,200,OK,500 Utilisateurs simultanees 1-188,text,true,,9312,153,153,66
1784745207320,72,GET /api/articles,200,OK,500 Utilisateurs simultanees 1-250,text,true,,9312,153,153,72
1784745207333,73,GET /api/articles,200,OK,500 Utilisateurs simultanees 1-205,text,true,,9312,153,153,72
1784745207333,78,GET /api/articles,200,OK,500 Utilisateurs simultanees 1-255,text,true,,9312,153,153,78
1784745207309,111,GET /api/boats,200,OK,500 Utilisateurs simultanees 1-221,text,true,,17251,153,153,111
1784745207324,101,GET /api/articles,200,OK,500 Utilisateurs simultanees 1-147,text,true,,9312,153,153,101
1784745207331,107,GET /api/boats/1,200,OK,500 Utilisateurs simultanees 1-253,text,true,,1788,152,152,107
1784745207334,116,GET /api/boats/1,200,OK,500 Utilisateurs simultanees 1-208,text,true,,1788,152,152,116
1784745207370,92,GET /api/boats/1,200,OK,500 Utilisateurs simultanees 1-163,text,true,,1788,152,152,92
1784745207396,69,GET /api/boats/1,200,OK,500 Utilisateurs simultanees 1-158,text,true,,1788,153,153,69
1784745207420,56,GET /api/boats/1,200,OK,500 Utilisateurs simultanees 1-258,text,true,,1788,153,153,56
1784745207396,99,GET /api/boats,200,OK,500 Utilisateurs simultanees 1-244,text,true,,17251,153,153,99
1784745207456,42,GET /api/articles,200,OK,500 Utilisateurs simultanees 1-195,text,true,,9312,153,153,41
1784745207381,122,GET /api/boats,200,OK,500 Utilisateurs simultanees 1-289,text,true,,17251,153,153,121
1784745207395,110,GET /api/boats,200,OK,500 Utilisateurs simultanees 1-281,text,true,,17251,153,153,110
1784745207435,72,GET /api/boats,200,OK,500 Utilisateurs simultanees 1-231,text,true,,17251,153,153,72
1784745207459,56,GET /api/boats/1,200,OK,500 Utilisateurs simultanees 1-171,text,true,,1788,153,153,56
1784745207454,68,GET /api/boats,200,OK,500 Utilisateurs simultanees 1-234,text,true,,17251,153,153,68
1784745207483,40,GET /api/articles,200,OK,500 Utilisateurs simultanees 1-153,text,true,,9312,153,153,40
1784745207481,45,GET /api/boats/1,200,OK,500 Utilisateurs simultanees 1-174,text,true,,1788,152,152,45
1784745207467,63,GET /api/boats,200,OK,500 Utilisateurs simultanees 1-291,text,true,,17251,152,152,62
1784745207510,21,GET /api/articles,200,OK,500 Utilisateurs simultanees 1-259,text,true,,9312,152,152,21
1784745207528,21,GET /api/boats,200,OK,500 Utilisateurs simultanees 1-280,text,true,,17251,152,152,21
1784745207545,16,GET /api/boats/1,200,OK,500 Utilisateurs simultanees 1-148,text,true,,1788,152,152,16
1784745207538,28,GET /api/boats,200,OK,500 Utilisateurs simultanees 1-198,text,true,,17251,152,152,28
1784745207539,30,GET /api/boats,200,OK,500 Utilisateurs simultanees 1-197,text,true,,17251,152,152,30
1784745207570,6,GET /api/articles,200,OK,500 Utilisateurs simultanees 1-200,text,true,,9312,152,152,6
1784745207570,10,GET /api/articles,200,OK,500 Utilisateurs simultanees 1-211,text,true,,9312,152,152,10
1784745207583,22,GET /api/articles,200,OK,500 Utilisateurs simultanees 1-268,text,true,,9312,153,153,22
1784745207584,23,GET /api/boats/1,200,OK,500 Utilisateurs simultanees 1-201,text,true,,1788,153,153,23
1784745207592,25,GET /api/boats,200,OK,500 Utilisateurs simultanees 1-173,text,true,,17251,153,153,25
1784745207613,6,GET /api/articles,200,OK,500 Utilisateurs simultanees 1-206,text,true,,9312,153,153,6
1784745207631,6,GET /api/boats/1,200,OK,500 Utilisateurs simultanees 1-266,text,true,,1788,153,153,6
1784745207641,4,GET /api/articles,200,OK,500 Utilisateurs simultanees 1-224,text,true,,9312,153,153,4
1784745207660,7,GET /api/boats/1,200,OK,500 Utilisateurs simultanees 1-138,text,true,,1788,153,153,7
1784745207694,6,GET /api/articles,200,OK,500 Utilisateurs simultanees 1-139,text,true,,9312,153,153,6
1784745207696,10,GET /api/boats/1,200,OK,500 Utilisateurs simultanees 1-179,text,true,,1788,153,153,10
1784745207703,9,GET /api/articles,200,OK,500 Utilisateurs simultanees 1-212,text,true,,9312,153,153,9
1784745207701,22,GET /api/boats,200,OK,500 Utilisateurs simultanees 1-227,text,true,,17251,153,153,22
1784745207709,22,GET /api/boats/1,200,OK,500 Utilisateurs simultanees 1-120,text,true,,1788,153,153,22
1784745207713,27,GET /api/boats,200,OK,500 Utilisateurs simultanees 1-292,text,true,,17251,153,153,27
1784745207739,29,GET /api/boats,200,OK,500 Utilisateurs simultanees 1-169,text,true,,17251,153,153,29
1784745207750,20,GET /api/boats/1,200,OK,500 Utilisateurs simultanees 1-218,text,true,,1788,153,153,20
1784745207751,40,GET /api/boats,200,OK,500 Utilisateurs simultanees 1-165,text,true,,17251,153,153,40
1784745207766,29,GET /api/boats/1,200,OK,500 Utilisateurs simultanees 1-277,text,true,,1788,153,153,29
1784745207750,49,GET /api/boats,200,OK,500 Utilisateurs simultanees 1-278,text,true,,17251,153,153,49
1784745207763,40,GET /api/boats,200,OK,500 Utilisateurs simultanees 1-189,text,true,,17251,153,153,40
1784745207810,18,GET /api/boats,200,OK,500 Utilisateurs simultanees 1-239,text,true,,17251,154,154,18
1784745207849,4,GET /api/articles,200,OK,500 Utilisateurs simultanees 1-146,text,true,,9312,154,154,4
1784745207921,12,GET /api/boats/1,200,OK,500 Utilisateurs simultanees 1-285,text,true,,1788,153,153,12
1784745207917,20,GET /api/boats,200,OK,500 Utilisateurs simultanees 1-282,text,true,,17251,153,153,20
1784745207949,7,GET /api/articles,200,OK,500 Utilisateurs simultanees 1-149,text,true,,9312,154,154,7
1784745207950,19,GET /api/boats/1,200,OK,500 Utilisateurs simultanees 1-170,text,true,,1788,153,153,19
1784745207957,25,GET /api/boats/1,200,OK,500 Utilisateurs simultanees 1-164,text,true,,1788,153,153,25
1784745207963,21,GET /api/articles,200,OK,500 Utilisateurs simultanees 1-199,text,true,,9312,153,153,21
1784745207954,38,GET /api/boats,200,OK,500 Utilisateurs simultanees 1-294,text,true,,17251,153,153,38
1784745207985,32,GET /api/articles,200,OK,500 Utilisateurs simultanees 1-247,text,true,,9312,153,153,32
1784745207979,41,GET /api/boats/1,200,OK,500 Utilisateurs simultanees 1-265,text,true,,1788,153,153,41
1784745207991,32,GET /api/boats/1,200,OK,500 Utilisateurs simultanees 1-274,text,true,,1788,153,153,32
1784745207972,58,GET /api/boats,200,OK,500 Utilisateurs simultanees 1-172,text,true,,17251,153,153,58
1784745208004,32,GET /api/articles,200,OK,500 Utilisateurs simultanees 1-256,text,true,,9312,153,153,32
1784745207986,55,GET /api/boats,200,OK,500 Utilisateurs simultanees 1-293,text,true,,17251,153,153,55
1784745208050,9,GET /api/boats/1,200,OK,500 Utilisateurs simultanees 1-284,text,true,,1788,153,153,9
1784745208057,14,GET /api/boats/1,200,OK,500 Utilisateurs simultanees 1-219,text,true,,1788,154,154,14
1784745208079,7,GET /api/articles,200,OK,500 Utilisateurs simultanees 1-207,text,true,,9312,154,154,7
1784745208080,9,GET /api/boats/1,200,OK,500 Utilisateurs simultanees 1-225,text,true,,1788,154,154,9
1784745208089,15,GET /api/boats,200,OK,500 Utilisateurs simultanees 1-290,text,true,,17251,154,154,15
1784745208123,4,GET /api/articles,200,OK,500 Utilisateurs simultanees 1-196,text,true,,9312,154,154,4
1784745208129,5,GET /api/articles,200,OK,500 Utilisateurs simultanees 1-143,text,true,,9312,154,154,5
1784745208130,6,GET /api/articles,200,OK,500 Utilisateurs simultanees 1-213,text,true,,9312,153,153,6
1784745208135,4,GET /api/articles,200,OK,500 Utilisateurs simultanees 1-192,text,true,,9312,153,153,4
1784745208183,5,GET /api/articles,200,OK,500 Utilisateurs simultanees 1-187,text,true,,9312,154,154,5
1784745208180,9,GET /api/boats,200,OK,500 Utilisateurs simultanees 1-238,text,true,,17251,154,154,9
1784745208191,12,GET /api/boats,200,OK,500 Utilisateurs simultanees 1-297,text,true,,17251,154,154,12
1784745208245,7,GET /api/articles,200,OK,500 Utilisateurs simultanees 1-194,text,true,,9312,154,154,7
1784745208255,16,GET /api/boats/1,200,OK,500 Utilisateurs simultanees 1-279,text,true,,1788,154,154,16
1784745208282,24,GET /api/articles,200,OK,500 Utilisateurs simultanees 1-159,text,true,,9312,155,155,24
1784745208271,49,GET /api/boats,200,OK,500 Utilisateurs simultanees 1-241,text,true,,17251,154,154,49
1784745208313,27,GET /api/boats/1,200,OK,500 Utilisateurs simultanees 1-275,text,true,,1788,154,154,27
1784745208329,28,GET /api/boats,200,OK,500 Utilisateurs simultanees 1-236,text,true,,17251,154,154,28
1784745208353,31,GET /api/boats,200,OK,500 Utilisateurs simultanees 1-184,text,true,,17251,154,154,31
1784745208363,29,GET /api/boats,200,OK,500 Utilisateurs simultanees 1-295,text,true,,17251,154,154,29
1784745208395,17,GET /api/boats,200,OK,500 Utilisateurs simultanees 1-216,text,true,,17251,154,154,17
1784745208395,51,GET /api/boats,200,OK,500 Utilisateurs simultanees 1-180,text,true,,17251,155,155,51
1784745208410,51,GET /api/boats/1,200,OK,500 Utilisateurs simultanees 1-167,text,true,,1788,155,155,51
1784745208420,59,GET /api/boats/1,200,OK,500 Utilisateurs simultanees 1-161,text,true,,1788,155,155,59
1784745208414,76,GET /api/boats,200,OK,500 Utilisateurs simultanees 1-178,text,true,,17251,155,155,76
1784745208441,51,GET /api/articles,200,OK,500 Utilisateurs simultanees 1-222,text,true,,9312,155,155,51
1784745208425,80,GET /api/boats,200,OK,500 Utilisateurs simultanees 1-232,text,true,,17251,155,155,79
1784745208469,44,GET /api/boats/1,200,OK,500 Utilisateurs simultanees 1-221,text,true,,1788,155,155,44
1784745208459,63,GET /api/boats,200,OK,500 Utilisateurs simultanees 1-261,text,true,,17251,155,155,63
1784745208489,42,GET /api/boats/1,200,OK,500 Utilisateurs simultanees 1-160,text,true,,1788,155,155,42
1784745208505,31,GET /api/boats/1,200,OK,500 Utilisateurs simultanees 1-273,text,true,,1788,155,155,31
1784745208525,14,GET /api/boats/1,200,OK,500 Utilisateurs simultanees 1-177,text,true,,1788,156,156,14
1784745208551,13,GET /api/boats,200,OK,500 Utilisateurs simultanees 1-181,text,true,,17251,156,156,13
1784745208556,13,GET /api/boats,200,OK,500 Utilisateurs simultanees 1-245,text,true,,17251,156,156,13
1784745208565,5,GET /api/articles,200,OK,500 Utilisateurs simultanees 1-263,text,true,,9312,156,156,5
1784745208569,3,GET /api/articles,200,OK,500 Utilisateurs simultanees 1-242,text,true,,9312,156,156,3
1784745208582,5,GET /api/boats/1,200,OK,500 Utilisateurs simultanees 1-185,text,true,,1788,156,156,5
1784745208594,3,GET /api/articles,200,OK,500 Utilisateurs simultanees 1-202,text,true,,9312,156,156,3
1784745208594,5,GET /api/articles,200,OK,500 Utilisateurs simultanees 1-214,text,true,,9312,156,156,5
1784745208597,6,GET /api/boats/1,200,OK,500 Utilisateurs simultanees 1-289,text,true,,1788,156,156,6
1784745208631,5,GET /api/boats/1,200,OK,500 Utilisateurs simultanees 1-231,text,true,,1788,156,156,5
1784745208647,16,GET /api/boats,200,OK,500 Utilisateurs simultanees 1-287,text,true,,17251,157,157,16
1784745208653,17,GET /api/boats,200,OK,500 Utilisateurs simultanees 1-246,text,true,,17251,157,157,17
1784745208674,16,GET /api/boats,200,OK,500 Utilisateurs simultanees 1-243,text,true,,17251,157,157,16
1784745208683,10,GET /api/articles,200,OK,500 Utilisateurs simultanees 1-237,text,true,,9312,157,157,9
1784745208682,14,GET /api/boats/1,200,OK,500 Utilisateurs simultanees 1-220,text,true,,1788,157,157,14
1784745208683,30,GET /api/boats,200,OK,500 Utilisateurs simultanees 1-186,text,true,,17251,157,157,30
1784745208694,20,GET /api/articles,200,OK,500 Utilisateurs simultanees 1-254,text,true,,9312,157,157,20
1784745208688,29,GET /api/boats,200,OK,500 Utilisateurs simultanees 1-230,text,true,,17251,157,157,29
1784745208701,17,GET /api/articles,200,OK,500 Utilisateurs simultanees 1-182,text,true,,9312,157,157,17
1784745208689,32,GET /api/boats,200,OK,500 Utilisateurs simultanees 1-228,text,true,,17251,156,156,32
1784745208722,5,GET /api/articles,200,OK,500 Utilisateurs simultanees 1-171,text,true,,9312,156,156,5
1784745208740,5,GET /api/articles,200,OK,500 Utilisateurs simultanees 1-148,text,true,,9312,155,155,5
1784745208743,9,GET /api/boats/1,200,OK,500 Utilisateurs simultanees 1-166,text,true,,1788,154,154,9
1784745208764,14,GET /api/boats,200,OK,500 Utilisateurs simultanees 1-251,text,true,,17251,154,154,14
1784745208770,10,GET /api/boats/1,200,OK,500 Utilisateurs simultanees 1-190,text,true,,1788,154,154,10
1784745208792,4,GET /api/articles,200,OK,500 Utilisateurs simultanees 1-163,text,true,,9312,155,155,4
1784745208795,18,GET /api/boats,200,OK,500 Utilisateurs simultanees 1-288,text,true,,17251,154,154,18
1784745208804,11,GET /api/articles,200,OK,500 Utilisateurs simultanees 1-233,text,true,,9312,154,154,11
1784745208809,13,GET /api/boats/1,200,OK,500 Utilisateurs simultanees 1-168,text,true,,1788,154,154,13
1784745208804,22,GET /api/boats,200,OK,500 Utilisateurs simultanees 1-235,text,true,,17251,154,154,22
1784745208815,13,GET /api/articles,200,OK,500 Utilisateurs simultanees 1-154,text,true,,9312,154,154,13
1784745208822,14,GET /api/boats/1,200,OK,500 Utilisateurs simultanees 1-281,text,true,,1788,153,153,14
1784745208836,4,GET /api/articles,200,OK,500 Utilisateurs simultanees 1-258,text,true,,9312,153,153,4
1784745208843,8,GET /api/boats/1,200,OK,500 Utilisateurs simultanees 1-278,text,true,,1788,153,153,8
1784745208853,10,GET /api/boats/1,200,OK,500 Utilisateurs simultanees 1-264,text,true,,1788,153,153,10
1784745208858,13,GET /api/boats,200,OK,500 Utilisateurs simultanees 1-252,text,true,,17251,153,153,13
1784745208875,5,GET /api/articles,200,OK,500 Utilisateurs simultanees 1-260,text,true,,9312,153,153,5
1784745208895,15,GET /api/boats,200,OK,500 Utilisateurs simultanees 1-204,text,true,,17251,154,154,15
1784745208897,16,GET /api/boats,200,OK,500 Utilisateurs simultanees 1-249,text,true,,17251,154,154,16
1784745208921,9,GET /api/boats/1,200,OK,500 Utilisateurs simultanees 1-223,text,true,,1788,154,154,9
1784745208925,8,GET /api/boats/1,200,OK,500 Utilisateurs simultanees 1-280,text,true,,1788,154,154,8
1784745208932,8,GET /api/boats/1,200,OK,500 Utilisateurs simultanees 1-292,text,true,,1788,154,154,8
1784745208940,12,GET /api/boats,200,OK,500 Utilisateurs simultanees 1-195,text,true,,17251,154,154,12
1784745208986,4,GET /api/articles,200,OK,500 Utilisateurs simultanees 1-208,text,true,,9312,154,154,4
1784745208995,10,GET /api/boats/1,200,OK,500 Utilisateurs simultanees 1-234,text,true,,1788,154,154,10
1784745208988,21,GET /api/boats,200,OK,500 Utilisateurs simultanees 1-298,text,true,,17251,154,154,21
1784745209009,10,GET /api/articles,200,OK,500 Utilisateurs simultanees 1-201,text,true,,9312,155,155,10
1784745209015,6,GET /api/articles,200,OK,500 Utilisateurs simultanees 1-158,text,true,,9312,155,155,6
1784745209008,23,GET /api/boats,200,OK,500 Utilisateurs simultanees 1-255,text,true,,17251,154,154,23
1784745209040,13,GET /api/boats/1,200,OK,500 Utilisateurs simultanees 1-283,text,true,,1788,154,154,13
1784745209048,7,GET /api/articles,200,OK,500 Utilisateurs simultanees 1-217,text,true,,9312,154,154,7
1784745209046,19,GET /api/boats,200,OK,500 Utilisateurs simultanees 1-302,text,true,,17251,154,154,19
1784745209069,9,GET /api/boats/1,200,OK,500 Utilisateurs simultanees 1-276,text,true,,1788,154,154,9
1784745209095,5,GET /api/articles,200,OK,500 Utilisateurs simultanees 1-203,text,true,,9312,154,154,5
1784745209106,11,GET /api/boats/1,200,OK,500 Utilisateurs simultanees 1-290,text,true,,1788,154,154,11
1784745209129,8,GET /api/boats/1,200,OK,500 Utilisateurs simultanees 1-210,text,true,,1788,154,154,8
1784745209129,10,GET /api/boats/1,200,OK,500 Utilisateurs simultanees 1-193,text,true,,1788,155,155,10
1784745209214,18,GET /api/boats/1,200,OK,500 Utilisateurs simultanees 1-240,text,true,,1788,155,155,18
1784745209223,41,GET /api/boats,200,OK,500 Utilisateurs simultanees 1-211,text,true,,17251,156,156,40
1784745209238,34,GET /api/boats/1,200,OK,500 Utilisateurs simultanees 1-227,text,true,,1788,156,156,34
1784745209241,35,GET /api/boats/1,200,OK,500 Utilisateurs simultanees 1-238,text,true,,1788,156,156,35
1784745209269,32,GET /api/articles,200,OK,500 Utilisateurs simultanees 1-209,text,true,,9312,156,156,32
1784745209252,60,GET /api/boats,200,OK,500 Utilisateurs simultanees 1-224,text,true,,17251,156,156,59
1784745209279,40,GET /api/articles,200,OK,500 Utilisateurs simultanees 1-267,text,true,,9312,156,156,40
1784745209278,44,GET /api/boats/1,200,OK,500 Utilisateurs simultanees 1-244,text,true,,1788,156,156,44
1784745209288,43,GET /api/boats/1,200,OK,500 Utilisateurs simultanees 1-269,text,true,,1788,156,156,43
1784745209290,66,GET /api/boats,200,OK,500 Utilisateurs simultanees 1-200,text,true,,17251,156,156,66
1784745209308,57,GET /api/boats,200,OK,500 Utilisateurs simultanees 1-248,text,true,,17251,156,156,57
1784745209337,32,GET /api/boats/1,200,OK,500 Utilisateurs simultanees 1-286,text,true,,1788,156,156,32
1784745209361,17,GET /api/articles,200,OK,500 Utilisateurs simultanees 1-274,text,true,,9312,156,156,16
1784745209365,19,GET /api/articles,200,OK,500 Utilisateurs simultanees 1-270,text,true,,9312,157,157,19
1784745209380,12,GET /api/articles,200,OK,500 Utilisateurs simultanees 1-170,text,true,,9312,157,157,12
1784745209393,14,GET /api/articles,200,OK,500 Utilisateurs simultanees 1-162,text,true,,9312,156,156,14
1784745209416,10,GET /api/boats/1,200,OK,500 Utilisateurs simultanees 1-176,text,true,,1788,155,155,10
1784745209404,26,GET /api/boats,200,OK,500 Utilisateurs simultanees 1-257,text,true,,17251,155,155,26
1784745209434,8,GET /api/boats/1,200,OK,500 Utilisateurs simultanees 1-239,text,true,,1788,155,155,8
1784745209470,3,GET /api/articles,200,OK,500 Utilisateurs simultanees 1-174,text,true,,9312,155,155,3
1784745209468,7,GET /api/boats/1,200,OK,500 Utilisateurs simultanees 1-189,text,true,,1788,154,154,7
1784745209482,7,GET /api/boats/1,200,OK,500 Utilisateurs simultanees 1-198,text,true,,1788,154,154,7
1784745209479,14,GET /api/boats,200,OK,500 Utilisateurs simultanees 1-259,text,true,,17251,154,154,14
1784745209510,7,GET /api/boats/1,200,OK,500 Utilisateurs simultanees 1-215,text,true,,1788,155,155,7
1784745209564,17,GET /api/boats/1,200,OK,500 Utilisateurs simultanees 1-229,text,true,,1788,155,155,17
1784745209549,37,GET /api/boats,200,OK,500 Utilisateurs simultanees 1-301,text,true,,17251,155,155,37
1784745209597,20,GET /api/articles,200,OK,500 Utilisateurs simultanees 1-262,text,true,,9312,155,155,20
1784745209593,28,GET /api/boats/1,200,OK,500 Utilisateurs simultanees 1-191,text,true,,1788,156,156,28
1784745209578,55,GET /api/boats,200,OK,500 Utilisateurs simultanees 1-188,text,true,,17251,156,156,55
1784745209608,29,GET /api/articles,200,OK,500 Utilisateurs simultanees 1-157,text,true,,9312,156,156,29
1784745209638,27,GET /api/boats/1,200,OK,500 Utilisateurs simultanees 1-184,text,true,,1788,155,155,27
1784745209656,31,GET /api/articles,200,OK,500 Utilisateurs simultanees 1-225,text,true,,9312,155,155,31
1784745209658,44,GET /api/boats/1,200,OK,500 Utilisateurs simultanees 1-175,text,true,,1788,155,155,44
1784745209637,73,GET /api/boats,200,OK,500 Utilisateurs simultanees 1-304,text,true,,17251,155,155,72
1784745209643,80,GET /api/boats,200,OK,500 Utilisateurs simultanees 1-308,text,true,,17251,155,155,80
1784745209694,41,GET /api/articles,200,OK,500 Utilisateurs simultanees 1-221,text,true,,9312,155,155,41
1784745209716,38,GET /api/boats/1,200,OK,500 Utilisateurs simultanees 1-183,text,true,,1788,156,156,38
1784745209720,41,GET /api/boats/1,200,OK,500 Utilisateurs simultanees 1-226,text,true,,1788,156,156,41
1784745209742,25,GET /api/articles,200,OK,500 Utilisateurs simultanees 1-220,text,true,,9312,156,156,25
1784745209751,19,GET /api/boats/1,200,OK,500 Utilisateurs simultanees 1-165,text,true,,1788,156,156,19
1784745209712,62,GET /api/boats,200,OK,500 Utilisateurs simultanees 1-299,text,true,,17251,156,156,62
1784745209758,18,GET /api/articles,200,OK,500 Utilisateurs simultanees 1-138,text,true,,9312,156,156,18
1784745209792,14,GET /api/boats,200,OK,500 Utilisateurs simultanees 1-305,text,true,,17251,155,155,14
1784745209803,5,GET /api/articles,200,OK,500 Utilisateurs simultanees 1-272,text,true,,9312,155,155,5
1784745209827,7,GET /api/boats/1,200,OK,500 Utilisateurs simultanees 1-180,text,true,,1788,155,155,7
1784745209833,10,GET /api/boats/1,200,OK,500 Utilisateurs simultanees 1-243,text,true,,1788,155,155,10
1784745209834,11,GET /api/boats/1,200,OK,500 Utilisateurs simultanees 1-178,text,true,,1788,155,155,11
1784745209826,22,GET /api/boats,200,OK,500 Utilisateurs simultanees 1-296,text,true,,17251,155,155,22
1784745209853,13,GET /api/boats,200,OK,500 Utilisateurs simultanees 1-258,text,true,,17251,156,156,13
1784745209882,6,GET /api/boats/1,200,OK,500 Utilisateurs simultanees 1-172,text,true,,1788,156,156,6
1784745209890,10,GET /api/boats/1,200,OK,500 Utilisateurs simultanees 1-297,text,true,,1788,156,156,10
1784745209897,6,GET /api/boats/1,200,OK,500 Utilisateurs simultanees 1-181,text,true,,1788,156,156,6
1784745209905,4,GET /api/articles,200,OK,500 Utilisateurs simultanees 1-231,text,true,,9312,156,156,4
1784745209916,3,GET /api/articles,200,OK,500 Utilisateurs simultanees 1-278,text,true,,9312,156,156,3
1784745209915,13,GET /api/boats,200,OK,500 Utilisateurs simultanees 1-213,text,true,,17251,156,156,13
1784745209922,8,GET /api/articles,200,OK,500 Utilisateurs simultanees 1-264,text,true,,9312,156,156,8
1784745209932,8,GET /api/boats/1,200,OK,500 Utilisateurs simultanees 1-271,text,true,,1788,156,156,8
1784745209936,17,GET /api/boats,200,OK,500 Utilisateurs simultanees 1-212,text,true,,17251,156,156,17
1784745209941,15,GET /api/boats,200,OK,500 Utilisateurs simultanees 1-187,text,true,,17251,156,156,15
1784745209983,4,GET /api/articles,200,OK,500 Utilisateurs simultanees 1-253,text,true,,9312,157,157,4
1784745209982,6,GET /api/boats/1,200,OK,500 Utilisateurs simultanees 1-294,text,true,,1788,157,157,6
1784745210026,8,GET /api/articles,200,OK,500 Utilisateurs simultanees 1-277,text,true,,9312,157,157,8
1784745210030,19,GET /api/articles,200,OK,500 Utilisateurs simultanees 1-292,text,true,,9312,157,157,19
1784745210029,26,GET /api/boats/1,200,OK,500 Utilisateurs simultanees 1-228,text,true,,1788,157,157,26
1784745210027,37,GET /api/boats,200,OK,500 Utilisateurs simultanees 1-303,text,true,,17251,157,157,37
1784745210041,59,GET /api/boats,200,OK,500 Utilisateurs simultanees 1-214,text,true,,17251,158,158,59
1784745210051,63,GET /api/boats,200,OK,500 Utilisateurs simultanees 1-206,text,true,,17251,158,158,63
1784745210059,68,GET /api/boats,200,OK,500 Utilisateurs simultanees 1-207,text,true,,17251,158,158,67
1784745210078,58,GET /api/articles,200,OK,500 Utilisateurs simultanees 1-266,text,true,,9312,158,158,58
1784745210093,75,GET /api/boats/1,200,OK,500 Utilisateurs simultanees 1-291,text,true,,1788,158,158,75
1784745210082,99,GET /api/boats,200,OK,500 Utilisateurs simultanees 1-256,text,true,,17251,158,158,99
1784745210101,83,GET /api/boats,200,OK,500 Utilisateurs simultanees 1-247,text,true,,17251,158,158,83
1784745210108,78,GET /api/articles,200,OK,500 Utilisateurs simultanees 1-289,text,true,,9312,158,158,78
1784745210105,83,GET /api/boats/1,200,OK,500 Utilisateurs simultanees 1-255,text,true,,1788,158,158,83
1784745210127,68,GET /api/boats/1,200,OK,500 Utilisateurs simultanees 1-195,text,true,,1788,158,158,68
1784745210131,66,GET /api/boats/1,200,OK,500 Utilisateurs simultanees 1-169,text,true,,1788,158,158,66
1784745210162,38,GET /api/articles,200,OK,500 Utilisateurs simultanees 1-284,text,true,,9312,158,158,38
1784745210160,41,GET /api/boats/1,200,OK,500 Utilisateurs simultanees 1-288,text,true,,1788,158,158,41
1784745210145,64,GET /api/boats,200,OK,500 Utilisateurs simultanees 1-309,text,true,,17251,158,158,64
1784745210213,9,GET /api/boats,200,OK,500 Utilisateurs simultanees 1-250,text,true,,17251,159,159,9
1784745210238,6,GET /api/boats/1,200,OK,500 Utilisateurs simultanees 1-241,text,true,,1788,159,159,6
1784745210251,4,GET /api/articles,200,OK,500 Utilisateurs simultanees 1-120,text,true,,9312,159,159,4
1784745210259,8,GET /api/boats/1,200,OK,500 Utilisateurs simultanees 1-173,text,true,,1788,158,158,8
1784745210272,12,GET /api/boats/1,200,OK,500 Utilisateurs simultanees 1-251,text,true,,1788,158,158,12
1784745210276,10,GET /api/articles,200,OK,500 Utilisateurs simultanees 1-219,text,true,,9312,158,158,10
1784745210276,22,GET /api/boats,200,OK,500 Utilisateurs simultanees 1-192,text,true,,17251,158,158,21
1784745210280,21,GET /api/boats,200,OK,500 Utilisateurs simultanees 1-199,text,true,,17251,158,158,20
1784745210324,4,GET /api/articles,200,OK,500 Utilisateurs simultanees 1-179,text,true,,9312,158,158,4
1784745210331,2,GET /api/articles,200,OK,500 Utilisateurs simultanees 1-275,text,true,,9312,157,157,2
1784745210364,3,GET /api/articles,200,OK,500 Utilisateurs simultanees 1-160,text,true,,9312,158,158,3
1784745210376,5,GET /api/articles,200,OK,500 Utilisateurs simultanees 1-265,text,true,,9312,157,157,5
1784745210377,6,GET /api/boats/1,200,OK,500 Utilisateurs simultanees 1-245,text,true,,1788,157,157,6
1784745210398,12,GET /api/boats,200,OK,500 Utilisateurs simultanees 1-205,text,true,,17251,157,157,12
1784745210397,18,GET /api/boats,200,OK,500 Utilisateurs simultanees 1-300,text,true,,17251,157,157,18
1784745210403,18,GET /api/boats,200,OK,500 Utilisateurs simultanees 1-307,text,true,,17251,157,157,18
1784745210447,3,GET /api/articles,200,OK,500 Utilisateurs simultanees 1-210,text,true,,9312,157,157,3
1784745210467,4,GET /api/articles,200,OK,500 Utilisateurs simultanees 1-164,text,true,,9312,158,158,4
1784745210469,11,GET /api/boats/1,200,OK,500 Utilisateurs simultanees 1-282,text,true,,1788,157,157,11
1784745210511,3,GET /api/articles,200,OK,500 Utilisateurs simultanees 1-166,text,true,,9312,157,157,3
1784745210513,8,GET /api/boats/1,200,OK,500 Utilisateurs simultanees 1-204,text,true,,1788,156,156,8
1784745210518,7,GET /api/boats/1,200,OK,500 Utilisateurs simultanees 1-197,text,true,,1788,156,156,7
1784745210526,3,GET /api/articles,200,OK,500 Utilisateurs simultanees 1-198,text,true,,9312,156,156,3
1784745210529,6,GET /api/articles,200,OK,500 Utilisateurs simultanees 1-218,text,true,,9312,155,155,6
1784745210531,8,GET /api/boats/1,200,OK,500 Utilisateurs simultanees 1-235,text,true,,1788,155,155,8
1784745210536,6,GET /api/articles,200,OK,500 Utilisateurs simultanees 1-193,text,true,,9312,155,155,5
1784745210532,17,GET /api/boats,200,OK,500 Utilisateurs simultanees 1-270,text,true,,17251,154,154,17
1784745210555,13,GET /api/boats,200,OK,500 Utilisateurs simultanees 1-263,text,true,,17251,154,154,13
1784745210591,12,GET /api/boats,200,OK,500 Utilisateurs simultanees 1-268,text,true,,17251,155,155,12
1784745210597,7,GET /api/articles,200,OK,500 Utilisateurs simultanees 1-234,text,true,,9312,155,155,7
1784745210602,9,GET /api/articles,200,OK,500 Utilisateurs simultanees 1-285,text,true,,9312,155,155,9
1784745210602,11,GET /api/articles,200,OK,500 Utilisateurs simultanees 1-189,text,true,,9312,155,155,11
1784745210605,9,GET /api/articles,200,OK,500 Utilisateurs simultanees 1-280,text,true,,9312,154,154,9
1784745210621,13,GET /api/boats,200,OK,500 Utilisateurs simultanees 1-196,text,true,,17251,154,154,13
1784745210641,16,GET /api/boats,200,OK,500 Utilisateurs simultanees 1-201,text,true,,17251,154,154,16
1784745210678,7,GET /api/boats/1,200,OK,500 Utilisateurs simultanees 1-216,text,true,,1788,154,154,7
1784745210693,5,GET /api/articles,200,OK,500 Utilisateurs simultanees 1-167,text,true,,9312,154,154,5
1784745210694,6,GET /api/articles,200,OK,500 Utilisateurs simultanees 1-273,text,true,,9312,154,154,6
1784745210707,8,GET /api/boats/1,200,OK,500 Utilisateurs simultanees 1-186,text,true,,1788,154,154,8
1784745210718,8,GET /api/boats/1,200,OK,500 Utilisateurs simultanees 1-236,text,true,,1788,154,154,8
1784745210727,13,GET /api/boats,200,OK,500 Utilisateurs simultanees 1-203,text,true,,17251,154,154,13
1784745210746,14,GET /api/boats/1,200,OK,500 Utilisateurs simultanees 1-257,text,true,,1788,154,154,14
1784745210744,19,GET /api/boats,200,OK,500 Utilisateurs simultanees 1-315,text,true,,17251,154,154,19
1784745210764,18,GET /api/boats,200,OK,500 Utilisateurs simultanees 1-306,text,true,,17251,154,154,18
1784745210773,11,GET /api/articles,200,OK,500 Utilisateurs simultanees 1-168,text,true,,9312,154,154,11
1784745210773,12,GET /api/boats/1,200,OK,500 Utilisateurs simultanees 1-246,text,true,,1788,153,153,12
1784745210798,3,GET /api/articles,200,OK,500 Utilisateurs simultanees 1-161,text,true,,9312,153,153,3
1784745210809,8,GET /api/boats/1,200,OK,500 Utilisateurs simultanees 1-293,text,true,,1788,152,152,8
1784745210848,5,GET /api/articles,200,OK,500 Utilisateurs simultanees 1-290,text,true,,9312,153,153,4
1784745210849,16,GET /api/boats,200,OK,500 Utilisateurs simultanees 1-222,text,true,,17251,153,153,16
1784745210856,18,GET /api/boats,200,OK,500 Utilisateurs simultanees 1-267,text,true,,17251,153,153,18
1784745210865,11,GET /api/boats/1,200,OK,500 Utilisateurs simultanees 1-200,text,true,,1788,153,153,11
1784745210883,10,GET /api/boats/1,200,OK,500 Utilisateurs simultanees 1-304,text,true,,1788,153,153,10
1784745210879,17,GET /api/boats,200,OK,500 Utilisateurs simultanees 1-233,text,true,,17251,153,153,17
1784745210897,14,GET /api/boats,200,OK,500 Utilisateurs simultanees 1-310,text,true,,17251,153,153,14
1784745210925,5,GET /api/articles,200,OK,500 Utilisateurs simultanees 1-226,text,true,,9312,153,153,5
1784745210925,11,GET /api/boats,200,OK,500 Utilisateurs simultanees 1-220,text,true,,17251,153,153,11
1784745210945,3,GET /api/articles,200,OK,500 Utilisateurs simultanees 1-185,text,true,,9312,154,154,3
1784745210952,12,GET /api/boats,200,OK,500 Utilisateurs simultanees 1-217,text,true,,17251,153,153,12
1784745210967,7,GET /api/boats/1,200,OK,500 Utilisateurs simultanees 1-230,text,true,,1788,153,153,7
1784745210974,4,GET /api/articles,200,OK,500 Utilisateurs simultanees 1-271,text,true,,9312,153,153,4
1784745210995,3,GET /api/articles,200,OK,500 Utilisateurs simultanees 1-276,text,true,,9312,153,153,3
1784745211039,8,GET /api/articles,200,OK,500 Utilisateurs simultanees 1-279,text,true,,9312,153,153,8
1784745211053,9,GET /api/articles,200,OK,500 Utilisateurs simultanees 1-215,text,true,,9312,154,154,9
1784745211066,19,GET /api/boats/1,200,OK,500 Utilisateurs simultanees 1-295,text,true,,1788,154,154,19
1784745211096,16,GET /api/boats/1,200,OK,500 Utilisateurs simultanees 1-187,text,true,,1788,154,154,16
1784745211147,28,GET /api/boats,200,OK,500 Utilisateurs simultanees 1-321,text,true,,17251,154,154,28
1784745211186,17,GET /api/boats/1,200,OK,500 Utilisateurs simultanees 1-252,text,true,,1788,155,155,17
1784745211211,19,GET /api/boats/1,200,OK,500 Utilisateurs simultanees 1-305,text,true,,1788,155,155,19
1784745211203,32,GET /api/boats,200,OK,500 Utilisateurs simultanees 1-194,text,true,,17251,155,155,32
1784745211236,15,GET /api/boats/1,200,OK,500 Utilisateurs simultanees 1-232,text,true,,1788,155,155,15
1784745211236,21,GET /api/boats/1,200,OK,500 Utilisateurs simultanees 1-248,text,true,,1788,155,155,21
1784745211248,17,GET /api/articles,200,OK,500 Utilisateurs simultanees 1-181,text,true,,9312,155,155,17
1784745211253,18,GET /api/articles,200,OK,500 Utilisateurs simultanees 1-223,text,true,,9312,154,154,18
1784745211258,23,GET /api/articles,200,OK,500 Utilisateurs simultanees 1-190,text,true,,9312,154,154,23
1784745211268,17,GET /api/articles,200,OK,500 Utilisateurs simultanees 1-176,text,true,,9312,153,153,17
1784745211285,19,GET /api/boats/1,200,OK,500 Utilisateurs simultanees 1-302,text,true,,1788,153,153,19
1784745211286,43,GET /api/boats,200,OK,500 Utilisateurs simultanees 1-317,text,true,,17251,153,153,43
1784745211309,22,GET /api/articles,200,OK,500 Utilisateurs simultanees 1-286,text,true,,9312,153,153,22
1784745211329,17,GET /api/boats/1,200,OK,500 Utilisateurs simultanees 1-261,text,true,,1788,153,153,17
1784745211320,30,GET /api/boats,200,OK,500 Utilisateurs simultanees 1-314,text,true,,17251,153,153,30
1784745211341,15,GET /api/boats,200,OK,500 Utilisateurs simultanees 1-237,text,true,,17251,153,153,15
1784745211353,5,GET /api/articles,200,OK,500 Utilisateurs simultanees 1-177,text,true,,9312,153,153,5
1784745211375,6,GET /api/articles,200,OK,500 Utilisateurs simultanees 1-227,text,true,,9312,152,152,6
1784745211392,4,GET /api/articles,200,OK,500 Utilisateurs simultanees 1-183,text,true,,9312,152,152,4
1784745211399,14,GET /api/boats,200,OK,500 Utilisateurs simultanees 1-242,text,true,,17251,151,151,14
1784745211409,7,GET /api/boats/1,200,OK,500 Utilisateurs simultanees 1-287,text,true,,1788,151,151,7
1784745211410,10,GET /api/boats/1,200,OK,500 Utilisateurs simultanees 1-303,text,true,,1788,151,151,10
1784745211421,6,GET /api/articles,200,OK,500 Utilisateurs simultanees 1-238,text,true,,9312,152,152,6
1784745211427,3,GET /api/articles,200,OK,500 Utilisateurs simultanees 1-294,text,true,,9312,152,152,3
1784745211423,14,GET /api/boats,200,OK,500 Utilisateurs simultanees 1-260,text,true,,17251,152,152,14
1784745211436,12,GET /api/boats,200,OK,500 Utilisateurs simultanees 1-231,text,true,,17251,152,152,12
1784745211450,7,GET /api/boats/1,200,OK,500 Utilisateurs simultanees 1-299,text,true,,1788,152,152,7
1784745211457,8,GET /api/boats/1,200,OK,500 Utilisateurs simultanees 1-212,text,true,,1788,152,152,8
1784745211474,10,GET /api/boats/1,200,OK,500 Utilisateurs simultanees 1-247,text,true,,1788,152,152,10
1784745211495,10,GET /api/boats/1,200,OK,500 Utilisateurs simultanees 1-309,text,true,,1788,152,152,10
1784745211523,13,GET /api/articles,200,OK,500 Utilisateurs simultanees 1-180,text,true,,9312,152,152,13
1784745211513,30,GET /api/boats,200,OK,500 Utilisateurs simultanees 1-254,text,true,,17251,152,152,30
1784745211532,16,GET /api/articles,200,OK,500 Utilisateurs simultanees 1-241,text,true,,9312,152,152,16
1784745211538,16,GET /api/articles,200,OK,500 Utilisateurs simultanees 1-281,text,true,,9312,152,152,16
1784745211537,44,GET /api/boats,200,OK,500 Utilisateurs simultanees 1-202,text,true,,17251,152,152,44
1784745211540,44,GET /api/boats,200,OK,500 Utilisateurs simultanees 1-264,text,true,,17251,152,152,44
1784745211545,43,GET /api/boats,200,OK,500 Utilisateurs simultanees 1-311,text,true,,17251,152,152,43
1784745211575,17,GET /api/articles,200,OK,500 Utilisateurs simultanees 1-239,text,true,,9312,152,152,17
1784745211585,9,GET /api/articles,200,OK,500 Utilisateurs simultanees 1-269,text,true,,9312,152,152,9
1784745211591,5,GET /api/articles,200,OK,500 Utilisateurs simultanees 1-235,text,true,,9312,152,152,5
1784745211593,5,GET /api/articles,200,OK,500 Utilisateurs simultanees 1-251,text,true,,9312,152,152,5
1784745211636,5,GET /api/boats/1,200,OK,500 Utilisateurs simultanees 1-298,text,true,,1788,152,152,5
1784745211640,3,GET /api/articles,200,OK,500 Utilisateurs simultanees 1-291,text,true,,9312,152,152,3
1784745211664,12,GET /api/articles,200,OK,500 Utilisateurs simultanees 1-283,text,true,,9312,153,153,12
1784745211659,22,GET /api/boats/1,200,OK,500 Utilisateurs simultanees 1-301,text,true,,1788,153,153,22
1784745211666,33,GET /api/boats/1,200,OK,500 Utilisateurs simultanees 1-213,text,true,,1788,153,153,33
1784745211673,32,GET /api/boats/1,200,OK,500 Utilisateurs simultanees 1-211,text,true,,1788,153,153,32
1784745211674,41,GET /api/boats/1,200,OK,500 Utilisateurs simultanees 1-206,text,true,,1788,153,153,41
1784745211690,41,GET /api/articles,200,OK,500 Utilisateurs simultanees 1-240,text,true,,9312,153,153,40
1784745211676,77,GET /api/boats,200,OK,500 Utilisateurs simultanees 1-280,text,true,,17251,153,153,77
1784745211707,52,GET /api/boats/1,200,OK,500 Utilisateurs simultanees 1-249,text,true,,1788,153,153,52
1784745211695,68,GET /api/boats,200,OK,500 Utilisateurs simultanees 1-278,text,true,,17251,153,153,68
1784745211745,27,GET /api/articles,200,OK,500 Utilisateurs simultanees 1-195,text,true,,9312,153,153,27
1784745211726,56,GET /api/boats,200,OK,500 Utilisateurs simultanees 1-284,text,true,,17251,153,153,56
1784745211756,28,GET /api/boats/1,200,OK,500 Utilisateurs simultanees 1-258,text,true,,1788,153,153,28
1784745211765,20,GET /api/articles,200,OK,500 Utilisateurs simultanees 1-216,text,true,,9312,153,153,20
1784745211754,34,GET /api/boats,200,OK,500 Utilisateurs simultanees 1-221,text,true,,17251,152,152,34
1784745211737,55,GET /api/boats,200,OK,500 Utilisateurs simultanees 1-318,text,true,,17251,152,152,55
1784745211810,11,GET /api/boats,200,OK,500 Utilisateurs simultanees 1-225,text,true,,17251,152,152,11
1784745211819,15,GET /api/boats,200,OK,500 Utilisateurs simultanees 1-277,text,true,,17251,152,152,15
1784745211829,15,GET /api/boats,200,OK,500 Utilisateurs simultanees 1-272,text,true,,17251,152,152,15
1784745211858,23,GET /api/boats,200,OK,500 Utilisateurs simultanees 1-316,text,true,,17251,152,152,23
1784745211859,25,GET /api/boats,200,OK,500 Utilisateurs simultanees 1-312,text,true,,17251,152,152,25
1784745211861,30,GET /api/boats,200,OK,500 Utilisateurs simultanees 1-326,text,true,,17251,152,152,30
1784745211866,29,GET /api/boats,200,OK,500 Utilisateurs simultanees 1-313,text,true,,17251,152,152,29
1784745211893,15,GET /api/boats,200,OK,500 Utilisateurs simultanees 1-253,text,true,,17251,153,153,15
1784745211926,4,GET /api/articles,200,OK,500 Utilisateurs simultanees 1-165,text,true,,9312,153,153,4
1784745211930,16,GET /api/boats,200,OK,500 Utilisateurs simultanees 1-208,text,true,,17251,152,152,16
1784745211939,11,GET /api/boats/1,200,OK,500 Utilisateurs simultanees 1-310,text,true,,1788,152,152,10
1784745211954,11,GET /api/boats/1,200,OK,500 Utilisateurs simultanees 1-224,text,true,,1788,152,152,11
1784745211955,23,GET /api/boats,200,OK,500 Utilisateurs simultanees 1-292,text,true,,17251,152,152,23
1784745211954,28,GET /api/boats,200,OK,500 Utilisateurs simultanees 1-324,text,true,,17251,152,152,28
1784745211996,18,GET /api/articles,200,OK,500 Utilisateurs simultanees 1-293,text,true,,9312,152,152,18
1784745211989,42,GET /api/boats,200,OK,500 Utilisateurs simultanees 1-274,text,true,,17251,153,153,41
1784745211994,43,GET /api/boats,200,OK,500 Utilisateurs simultanees 1-209,text,true,,17251,153,153,43
1784745212006,35,GET /api/articles,200,OK,500 Utilisateurs simultanees 1-229,text,true,,9312,153,153,35
1784745212020,28,GET /api/articles,200,OK,500 Utilisateurs simultanees 1-288,text,true,,9312,153,153,28
1784745212029,21,GET /api/articles,200,OK,500 Utilisateurs simultanees 1-204,text,true,,9312,153,153,21
1784745212049,14,GET /api/articles,200,OK,500 Utilisateurs simultanees 1-244,text,true,,9312,152,152,14
1784745212048,18,GET /api/boats/1,200,OK,500 Utilisateurs simultanees 1-259,text,true,,1788,152,152,18
1784745212066,22,GET /api/boats,200,OK,500 Utilisateurs simultanees 1-276,text,true,,17251,152,152,22
1784745212084,17,GET /api/boats/1,200,OK,500 Utilisateurs simultanees 1-296,text,true,,1788,152,152,17
1784745212115,13,GET /api/boats/1,200,OK,500 Utilisateurs simultanees 1-250,text,true,,1788,152,152,13
1784745212154,15,GET /api/boats/1,200,OK,500 Utilisateurs simultanees 1-306,text,true,,1788,153,153,15
1784745212147,27,GET /api/boats,200,OK,500 Utilisateurs simultanees 1-262,text,true,,17251,153,153,27
1784745212161,17,GET /api/boats/1,200,OK,500 Utilisateurs simultanees 1-233,text,true,,1788,153,153,17
1784745212173,37,GET /api/boats,200,OK,500 Utilisateurs simultanees 1-329,text,true,,17251,153,153,37
1784745212186,29,GET /api/boats,200,OK,500 Utilisateurs simultanees 1-218,text,true,,17251,153,153,29
1784745212215,35,GET /api/boats,200,OK,500 Utilisateurs simultanees 1-289,text,true,,17251,153,153,35
1784745212213,44,GET /api/boats,200,OK,500 Utilisateurs simultanees 1-319,text,true,,17251,153,153,44
1784745212240,29,GET /api/articles,200,OK,500 Utilisateurs simultanees 1-297,text,true,,9312,154,154,28
1784745212228,45,GET /api/boats,200,OK,500 Utilisateurs simultanees 1-320,text,true,,17251,154,154,45
1784745212298,5,GET /api/articles,200,OK,500 Utilisateurs simultanees 1-191,text,true,,9312,154,154,5
1784745212338,10,GET /api/articles,200,OK,500 Utilisateurs simultanees 1-187,text,true,,9312,153,153,10
1784745212336,29,GET /api/boats,200,OK,500 Utilisateurs simultanees 1-265,text,true,,17251,152,152,29
1784745212359,21,GET /api/boats/1,200,OK,500 Utilisateurs simultanees 1-207,text,true,,1788,153,153,21
1784745212354,37,GET /api/boats,200,OK,500 Utilisateurs simultanees 1-226,text,true,,17251,153,153,37
1784745212377,27,GET /api/boats/1,200,OK,500 Utilisateurs simultanees 1-192,text,true,,1788,153,153,26
1784745212380,31,GET /api/boats/1,200,OK,500 Utilisateurs simultanees 1-263,text,true,,1788,153,153,31
1784745212388,28,GET /api/articles,200,OK,500 Utilisateurs simultanees 1-245,text,true,,9312,153,153,28
1784745212403,35,GET /api/articles,200,OK,500 Utilisateurs simultanees 1-246,text,true,,9312,153,153,34
1784745212388,55,GET /api/boats,200,OK,500 Utilisateurs simultanees 1-279,text,true,,17251,153,153,55
1784745212412,36,GET /api/boats/1,200,OK,500 Utilisateurs simultanees 1-214,text,true,,1788,153,153,36
1784745212385,66,GET /api/boats,200,OK,500 Utilisateurs simultanees 1-332,text,true,,17251,153,153,66
1784745212442,18,GET /api/articles,200,OK,500 Utilisateurs simultanees 1-173,text,true,,9312,153,153,18
1784745212425,42,GET /api/boats,200,OK,500 Utilisateurs simultanees 1-210,text,true,,17251,152,152,42
1784745212430,42,GET /api/boats,200,OK,500 Utilisateurs simultanees 1-325,text,true,,17251,152,152,41
1784745212465,9,GET /api/articles,200,OK,500 Utilisateurs simultanees 1-255,text,true,,9312,152,152,9
1784745212527,3,GET /api/articles,200,OK,500 Utilisateurs simultanees 1-228,text,true,,9312,153,153,3
1784745212532,3,GET /api/articles,200,OK,500 Utilisateurs simultanees 1-186,text,true,,9312,153,153,3
1784745212543,5,GET /api/articles,200,OK,500 Utilisateurs simultanees 1-309,text,true,,9312,152,152,5
1784745212550,30,GET /api/boats/1,200,OK,500 Utilisateurs simultanees 1-188,text,true,,1788,152,152,30
1784745212553,43,GET /api/articles,200,OK,500 Utilisateurs simultanees 1-212,text,true,,9312,152,152,43
1784745212556,62,GET /api/boats/1,200,OK,500 Utilisateurs simultanees 1-308,text,true,,1788,151,151,62
1784745212557,72,GET /api/boats/1,200,OK,500 Utilisateurs simultanees 1-222,text,true,,1788,152,152,72
1784745212565,69,GET /api/boats/1,200,OK,500 Utilisateurs simultanees 1-267,text,true,,1788,152,152,69
1784745212552,112,GET /api/boats,200,OK,500 Utilisateurs simultanees 1-275,text,true,,17251,152,152,112
1784745212600,96,GET /api/boats/1,200,OK,500 Utilisateurs simultanees 1-317,text,true,,1788,152,152,96
1784745212608,90,GET /api/articles,200,OK,500 Utilisateurs simultanees 1-261,text,true,,9312,152,152,90
1784745212620,89,GET /api/articles,200,OK,500 Utilisateurs simultanees 1-175,text,true,,9312,152,152,89
1784745212632,82,GET /api/articles,200,OK,500 Utilisateurs simultanees 1-184,text,true,,9312,151,151,82
1784745212641,78,GET /api/articles,200,OK,500 Utilisateurs simultanees 1-230,text,true,,9312,150,150,78
1784745212642,84,GET /api/articles,200,OK,500 Utilisateurs simultanees 1-178,text,true,,9312,150,150,84
1784745212647,84,GET /api/boats/1,200,OK,500 Utilisateurs simultanees 1-268,text,true,,1788,149,149,84
1784745212598,142,GET /api/boats,200,OK,500 Utilisateurs simultanees 1-241,text,true,,17251,150,150,142
1784745212613,132,GET /api/boats,200,OK,500 Utilisateurs simultanees 1-251,text,true,,17251,150,150,132
1784745212660,87,GET /api/boats/1,200,OK,500 Utilisateurs simultanees 1-260,text,true,,1788,150,150,87
1784745212624,127,GET /api/boats/1,200,OK,500 Utilisateurs simultanees 1-196,text,true,,1788,150,150,127
1784745212643,117,GET /api/boats/1,200,OK,500 Utilisateurs simultanees 1-205,text,true,,1788,150,150,117
1784745212687,90,GET /api/boats/1,200,OK,500 Utilisateurs simultanees 1-300,text,true,,1788,150,150,90
1784745212589,192,GET /api/boats,200,OK,500 Utilisateurs simultanees 1-333,text,true,,17251,150,150,192
1784745212697,87,GET /api/boats/1,200,OK,500 Utilisateurs simultanees 1-237,text,true,,1788,150,150,87
1784745212711,85,GET /api/articles,200,OK,500 Utilisateurs simultanees 1-197,text,true,,9312,150,150,85
1784745212744,54,GET /api/articles,200,OK,500 Utilisateurs simultanees 1-172,text,true,,9312,149,149,54
1784745212683,119,GET /api/boats,200,OK,500 Utilisateurs simultanees 1-219,text,true,,17251,148,148,119
1784745212710,96,GET /api/boats,200,OK,500 Utilisateurs simultanees 1-215,text,true,,17251,148,148,96
1784745212765,43,GET /api/boats/1,200,OK,500 Utilisateurs simultanees 1-217,text,true,,1788,148,148,43
1784745212694,118,GET /api/boats,200,OK,500 Utilisateurs simultanees 1-323,text,true,,17251,148,148,118
1784745212799,15,GET /api/articles,200,OK,500 Utilisateurs simultanees 1-243,text,true,,9312,148,148,15
1784745212799,20,GET /api/boats,200,OK,500 Utilisateurs simultanees 1-238,text,true,,17251,148,148,20
1784745212855,14,GET /api/boats/1,200,OK,500 Utilisateurs simultanees 1-311,text,true,,1788,149,149,14
1784745212899,14,GET /api/articles,200,OK,500 Utilisateurs simultanees 1-252,text,true,,9312,149,149,14
1784745212890,28,GET /api/boats,200,OK,500 Utilisateurs simultanees 1-266,text,true,,17251,149,149,28
1784745212923,11,GET /api/articles,200,OK,500 Utilisateurs simultanees 1-299,text,true,,9312,149,149,11
1784745212920,49,GET /api/boats,200,OK,500 Utilisateurs simultanees 1-273,text,true,,17251,149,149,48
1784745212925,61,GET /api/boats,200,OK,500 Utilisateurs simultanees 1-286,text,true,,17251,150,150,61
1784745212947,66,GET /api/articles,200,OK,500 Utilisateurs simultanees 1-169,text,true,,9312,150,150,66
1784745212955,64,GET /api/boats/1,200,OK,500 Utilisateurs simultanees 1-231,text,true,,1788,149,149,64
1784745212965,66,GET /api/boats/1,200,OK,500 Utilisateurs simultanees 1-321,text,true,,1788,149,149,66
1784745212942,92,GET /api/boats,200,OK,500 Utilisateurs simultanees 1-322,text,true,,17251,149,149,92
1784745212979,66,GET /api/boats/1,200,OK,500 Utilisateurs simultanees 1-270,text,true,,1788,149,149,66
1784745213003,44,GET /api/articles,200,OK,500 Utilisateurs simultanees 1-282,text,true,,9312,149,149,44
1784745213018,32,GET /api/articles,200,OK,500 Utilisateurs simultanees 1-304,text,true,,9312,149,149,32
1784745212947,112,GET /api/boats,200,OK,500 Utilisateurs simultanees 1-331,text,true,,17251,149,149,112
1784745213009,51,GET /api/boats/1,200,OK,500 Utilisateurs simultanees 1-314,text,true,,1788,149,149,51
1784745213009,53,GET /api/boats/1,200,OK,500 Utilisateurs simultanees 1-256,text,true,,1788,149,149,53
1784745212984,84,GET /api/boats,200,OK,500 Utilisateurs simultanees 1-328,text,true,,17251,149,149,84
1784745213020,54,GET /api/boats,200,OK,500 Utilisateurs simultanees 1-290,text,true,,17251,149,149,54
1784745213063,17,GET /api/boats/1,200,OK,500 Utilisateurs simultanees 1-315,text,true,,1788,149,149,17
1784745213072,10,GET /api/articles,200,OK,500 Utilisateurs simultanees 1-287,text,true,,9312,149,149,10
1784745213070,14,GET /api/boats/1,200,OK,500 Utilisateurs simultanees 1-202,text,true,,1788,149,149,14
1784745213091,5,GET /api/articles,200,OK,500 Utilisateurs simultanees 1-258,text,true,,9312,149,149,5
1784745213086,12,GET /api/boats/1,200,OK,500 Utilisateurs simultanees 1-203,text,true,,1788,149,149,12
1784745213122,8,GET /api/boats/1,200,OK,500 Utilisateurs simultanees 1-199,text,true,,1788,150,150,8
1784745213124,13,GET /api/boats,200,OK,500 Utilisateurs simultanees 1-223,text,true,,17251,150,150,13
1784745213151,11,GET /api/boats/1,200,OK,500 Utilisateurs simultanees 1-221,text,true,,1788,150,150,11
1784745213196,8,GET /api/boats/1,200,OK,500 Utilisateurs simultanees 1-209,text,true,,1788,150,150,8
1784745213201,11,GET /api/boats/1,200,OK,500 Utilisateurs simultanees 1-225,text,true,,1788,150,150,10
1784745213200,20,GET /api/boats,200,OK,500 Utilisateurs simultanees 1-335,text,true,,17251,150,150,20
1784745213205,18,GET /api/boats,200,OK,500 Utilisateurs simultanees 1-288,text,true,,17251,151,151,18
1784745213221,5,GET /api/articles,200,OK,500 Utilisateurs simultanees 1-236,text,true,,9312,151,151,5
1784745213239,8,GET /api/boats/1,200,OK,500 Utilisateurs simultanees 1-254,text,true,,1788,151,151,8
1784745213257,7,GET /api/boats/1,200,OK,500 Utilisateurs simultanees 1-307,text,true,,1788,151,151,7
1784745213285,9,GET /api/boats/1,200,OK,500 Utilisateurs simultanees 1-292,text,true,,1788,151,151,9
1784745213282,15,GET /api/boats,200,OK,500 Utilisateurs simultanees 1-285,text,true,,17251,151,151,15
1784745213303,9,GET /api/boats/1,200,OK,500 Utilisateurs simultanees 1-253,text,true,,1788,151,151,9
1784745213333,16,GET /api/boats/1,200,OK,500 Utilisateurs simultanees 1-320,text,true,,1788,152,152,16
1784745213360,8,GET /api/articles,200,OK,500 Utilisateurs simultanees 1-301,text,true,,9312,152,152,7
1784745213367,10,GET /api/articles,200,OK,500 Utilisateurs simultanees 1-302,text,true,,9312,152,152,10
1784745213378,36,GET /api/boats/1,200,OK,500 Utilisateurs simultanees 1-326,text,true,,1788,152,152,36
1784745213372,48,GET /api/boats,200,OK,500 Utilisateurs simultanees 1-293,text,true,,17251,152,152,48
1784745213433,9,GET /api/articles,200,OK,500 Utilisateurs simultanees 1-257,text,true,,9312,152,152,9
1784745213425,21,GET /api/boats/1,200,OK,500 Utilisateurs simultanees 1-329,text,true,,1788,152,152,21
1784745213446,20,GET /api/boats/1,200,OK,500 Utilisateurs simultanees 1-313,text,true,,1788,153,153,20
1784745213469,44,GET /api/boats,200,OK,500 Utilisateurs simultanees 1-234,text,true,,17251,153,153,44
1784745213474,45,GET /api/boats,200,OK,500 Utilisateurs simultanees 1-334,text,true,,17251,153,153,45
1784745213564,19,GET /api/boats/1,200,OK,500 Utilisateurs simultanees 1-312,text,true,,1788,154,154,19
1784745213569,52,GET /api/boats,200,OK,500 Utilisateurs simultanees 1-330,text,true,,17251,154,154,52
1784745213593,41,GET /api/boats/1,200,OK,500 Utilisateurs simultanees 1-201,text,true,,1788,154,154,41
1784745213593,48,GET /api/boats/1,200,OK,500 Utilisateurs simultanees 1-220,text,true,,1788,154,154,48
1784745213604,41,GET /api/articles,200,OK,500 Utilisateurs simultanees 1-259,text,true,,9312,154,154,41
1784745213607,51,GET /api/boats/1,200,OK,500 Utilisateurs simultanees 1-324,text,true,,1788,154,154,51
1784745213608,60,GET /api/boats,200,OK,500 Utilisateurs simultanees 1-294,text,true,,17251,154,154,60
1784745213647,50,GET /api/boats,200,OK,500 Utilisateurs simultanees 1-271,text,true,,17251,154,154,50
1784745213687,29,GET /api/boats/1,200,OK,500 Utilisateurs simultanees 1-278,text,true,,1788,155,155,29
1784745213681,38,GET /api/boats,200,OK,500 Utilisateurs simultanees 1-281,text,true,,17251,155,155,38
1784745213677,47,GET /api/boats,200,OK,500 Utilisateurs simultanees 1-327,text,true,,17251,155,155,47
1784745213701,26,GET /api/articles,200,OK,500 Utilisateurs simultanees 1-200,text,true,,9312,155,155,26
1784745213716,16,GET /api/articles,200,OK,500 Utilisateurs simultanees 1-206,text,true,,9312,154,154,16
1784745213718,17,GET /api/articles,200,OK,500 Utilisateurs simultanees 1-263,text,true,,9312,153,153,17
1784745213754,6,GET /api/articles,200,OK,500 Utilisateurs simultanees 1-317,text,true,,9312,153,153,6
1784745213767,17,GET /api/boats,200,OK,500 Utilisateurs simultanees 1-291,text,true,,17251,153,153,16
1784745213784,6,GET /api/articles,200,OK,500 Utilisateurs simultanees 1-306,text,true,,9312,153,153,6
1784745213809,6,GET /api/articles,200,OK,500 Utilisateurs simultanees 1-217,text,true,,9312,153,153,6
1784745213812,6,GET /api/articles,200,OK,500 Utilisateurs simultanees 1-303,text,true,,9312,152,152,6
1784745213863,4,GET /api/articles,200,OK,500 Utilisateurs simultanees 1-305,text,true,,9312,153,153,4
1784745213871,16,GET /api/boats,200,OK,500 Utilisateurs simultanees 1-297,text,true,,17251,153,153,16
1784745213898,6,GET /api/articles,200,OK,500 Utilisateurs simultanees 1-250,text,true,,9312,153,153,6
1784745213902,12,GET /api/boats/1,200,OK,500 Utilisateurs simultanees 1-262,text,true,,1788,153,153,12
1784745213908,9,GET /api/articles,200,OK,500 Utilisateurs simultanees 1-211,text,true,,9312,153,153,9
1784745213903,27,GET /api/boats,200,OK,500 Utilisateurs simultanees 1-243,text,true,,17251,152,152,27
1784745213924,9,GET /api/articles,200,OK,500 Utilisateurs simultanees 1-295,text,true,,9312,152,152,9
1784745213935,7,GET /api/articles,200,OK,500 Utilisateurs simultanees 1-232,text,true,,9312,153,153,7
1784745213943,6,GET /api/articles,200,OK,500 Utilisateurs simultanees 1-188,text,true,,9312,153,153,6
1784745213941,20,GET /api/boats,200,OK,500 Utilisateurs simultanees 1-309,text,true,,17251,152,152,20
1784745213959,11,GET /api/boats/1,200,OK,500 Utilisateurs simultanees 1-325,text,true,,1788,152,152,11
1784745213988,10,GET /api/boats/1,200,OK,500 Utilisateurs simultanees 1-194,text,true,,1788,152,152,10
1784745214012,4,GET /api/articles,200,OK,500 Utilisateurs simultanees 1-296,text,true,,9312,152,152,4
1784745214046,10,GET /api/articles,200,OK,500 Utilisateurs simultanees 1-249,text,true,,9312,152,152,10
1784745214048,16,GET /api/boats/1,200,OK,500 Utilisateurs simultanees 1-208,text,true,,1788,153,153,16
1784745214050,21,GET /api/boats/1,200,OK,500 Utilisateurs simultanees 1-242,text,true,,1788,153,153,21
1784745214076,22,GET /api/boats/1,200,OK,500 Utilisateurs simultanees 1-280,text,true,,1788,153,153,22
1784745214062,41,GET /api/boats,200,OK,500 Utilisateurs simultanees 1-230,text,true,,17251,153,153,41
1784745214083,32,GET /api/boats/1,200,OK,500 Utilisateurs simultanees 1-272,text,true,,1788,153,153,32
1784745214079,43,GET /api/boats,200,OK,500 Utilisateurs simultanees 1-239,text,true,,17251,153,153,43
1784745214120,16,GET /api/boats/1,200,OK,500 Utilisateurs simultanees 1-290,text,true,,1788,153,153,16
1784745214142,22,GET /api/articles,200,OK,500 Utilisateurs simultanees 1-202,text,true,,9312,153,153,22
1784745214137,32,GET /api/boats/1,200,OK,500 Utilisateurs simultanees 1-218,text,true,,1788,152,152,31
1784745214130,46,GET /api/boats,200,OK,500 Utilisateurs simultanees 1-283,text,true,,17251,152,152,46
1784745214151,65,GET /api/articles,200,OK,500 Utilisateurs simultanees 1-231,text,true,,9312,153,153,65
1784745214153,66,GET /api/boats/1,200,OK,500 Utilisateurs simultanees 1-318,text,true,,1788,152,152,66
1784745214143,81,GET /api/boats,200,OK,500 Utilisateurs simultanees 1-246,text,true,,17251,152,152,81
1784745214144,83,GET /api/boats,200,OK,500 Utilisateurs simultanees 1-269,text,true,,17251,152,152,83
1784745214179,52,GET /api/boats/1,200,OK,500 Utilisateurs simultanees 1-210,text,true,,1788,152,152,52
1784745214225,13,GET /api/articles,200,OK,500 Utilisateurs simultanees 1-248,text,true,,9312,152,152,13
1784745214226,15,GET /api/articles,200,OK,500 Utilisateurs simultanees 1-213,text,true,,9312,152,152,15
1784745214226,16,GET /api/articles,200,OK,500 Utilisateurs simultanees 1-310,text,true,,9312,151,151,16
1784745214228,15,GET /api/articles,200,OK,500 Utilisateurs simultanees 1-260,text,true,,9312,151,151,15
1784745214202,46,GET /api/boats,200,OK,500 Utilisateurs simultanees 1-343,text,true,,17251,151,151,46
1784745214259,5,GET /api/boats/1,200,OK,500 Utilisateurs simultanees 1-289,text,true,,1788,151,151,5
1784745214262,11,GET /api/boats,200,OK,500 Utilisateurs simultanees 1-336,text,true,,17251,151,151,11
1784745214291,10,GET /api/boats,200,OK,500 Utilisateurs simultanees 1-339,text,true,,17251,152,152,10
1784745214294,9,GET /api/boats,200,OK,500 Utilisateurs simultanees 1-227,text,true,,17251,152,152,9
1784745214300,9,GET /api/boats/1,200,OK,500 Utilisateurs simultanees 1-331,text,true,,1788,152,152,9
1784745214302,8,GET /api/boats/1,200,OK,500 Utilisateurs simultanees 1-277,text,true,,1788,152,152,8
1784745214325,3,GET /api/articles,200,OK,500 Utilisateurs simultanees 1-205,text,true,,9312,152,152,3
1784745214324,10,GET /api/boats,200,OK,500 Utilisateurs simultanees 1-236,text,true,,17251,151,151,10
1784745214359,13,GET /api/boats,200,OK,500 Utilisateurs simultanees 1-252,text,true,,17251,151,151,13
1784745214385,15,GET /api/boats/1,200,OK,500 Utilisateurs simultanees 1-316,text,true,,1788,151,151,15
1784745214386,26,GET /api/boats/1,200,OK,500 Utilisateurs simultanees 1-238,text,true,,1788,151,151,26
1784745214396,19,GET /api/articles,200,OK,500 Utilisateurs simultanees 1-247,text,true,,9312,151,151,19
1784745214388,29,GET /api/boats/1,200,OK,500 Utilisateurs simultanees 1-279,text,true,,1788,151,151,29
1784745214385,40,GET /api/boats,200,OK,500 Utilisateurs simultanees 1-228,text,true,,17251,152,152,40
1784745214410,30,GET /api/boats/1,200,OK,500 Utilisateurs simultanees 1-264,text,true,,1788,152,152,30
1784745214405,39,GET /api/boats,200,OK,500 Utilisateurs simultanees 1-240,text,true,,17251,152,152,39
1784745214426,20,GET /api/articles,200,OK,500 Utilisateurs simultanees 1-300,text,true,,9312,152,152,20
1784745214435,24,GET /api/boats/1,200,OK,500 Utilisateurs simultanees 1-241,text,true,,1788,152,152,24
1784745214429,33,GET /api/boats,200,OK,500 Utilisateurs simultanees 1-235,text,true,,17251,152,152,33
1784745214447,25,GET /api/boats,200,OK,500 Utilisateurs simultanees 1-304,text,true,,17251,152,152,25
1784745214465,10,GET /api/boats/1,200,OK,500 Utilisateurs simultanees 1-333,text,true,,1788,152,152,10
1784745214513,5,GET /api/articles,200,OK,500 Utilisateurs simultanees 1-209,text,true,,9312,152,152,5
1784745214514,7,GET /api/articles,200,OK,500 Utilisateurs simultanees 1-224,text,true,,9312,151,151,7
1784745214524,8,GET /api/boats/1,200,OK,500 Utilisateurs simultanees 1-215,text,true,,1788,150,150,8
1784745214536,14,GET /api/boats/1,200,OK,500 Utilisateurs simultanees 1-328,text,true,,1788,151,151,14
1784745214532,21,GET /api/boats,200,OK,500 Utilisateurs simultanees 1-261,text,true,,17251,151,151,21
1784745214542,16,GET /api/articles,200,OK,500 Utilisateurs simultanees 1-268,text,true,,9312,151,151,16
1784745214543,17,GET /api/articles,200,OK,500 Utilisateurs simultanees 1-298,text,true,,9312,151,151,17
1784745214546,16,GET /api/articles,200,OK,500 Utilisateurs simultanees 1-311,text,true,,9312,151,151,16
1784745214558,22,GET /api/boats,200,OK,500 Utilisateurs simultanees 1-287,text,true,,17251,151,151,22
1784745214570,11,GET /api/articles,200,OK,500 Utilisateurs simultanees 1-199,text,true,,9312,151,151,11
1784745214581,10,GET /api/boats/1,200,OK,500 Utilisateurs simultanees 1-265,text,true,,1788,150,150,10
1784745214594,4,GET /api/articles,200,OK,500 Utilisateurs simultanees 1-192,text,true,,9312,150,150,4
1784745214601,14,GET /api/boats,200,OK,500 Utilisateurs simultanees 1-302,text,true,,17251,149,149,14
1784745214643,14,GET /api/articles,200,OK,500 Utilisateurs simultanees 1-326,text,true,,9312,149,149,14
1784745214645,15,GET /api/boats/1,200,OK,500 Utilisateurs simultanees 1-284,text,true,,1788,150,150,15
1784745214672,5,GET /api/articles,200,OK,500 Utilisateurs simultanees 1-312,text,true,,9312,150,150,5
1784745214675,15,GET /api/boats/1,200,OK,500 Utilisateurs simultanees 1-276,text,true,,1788,150,150,15
1784745214704,7,GET /api/articles,200,OK,500 Utilisateurs simultanees 1-207,text,true,,9312,150,150,6
1784745214702,22,GET /api/boats,200,OK,500 Utilisateurs simultanees 1-299,text,true,,17251,149,149,22
1784745214727,9,GET /api/boats/1,200,OK,500 Utilisateurs simultanees 1-274,text,true,,1788,149,149,9
1784745214736,21,GET /api/boats,200,OK,500 Utilisateurs simultanees 1-337,text,true,,17251,149,149,20
1784745214751,27,GET /api/boats,200,OK,500 Utilisateurs simultanees 1-229,text,true,,17251,149,149,26
1784745214766,26,GET /api/boats/1,200,OK,500 Utilisateurs simultanees 1-275,text,true,,1788,150,150,26
1784745214772,24,GET /api/boats/1,200,OK,500 Utilisateurs simultanees 1-226,text,true,,1788,150,150,24
1784745214778,32,GET /api/boats,200,OK,500 Utilisateurs simultanees 1-244,text,true,,17251,150,150,32
1784745214797,16,GET /api/boats/1,200,OK,500 Utilisateurs simultanees 1-327,text,true,,1788,150,150,16
1784745214853,13,GET /api/boats,200,OK,500 Utilisateurs simultanees 1-340,text,true,,17251,150,150,13
1784745214863,10,GET /api/boats,200,OK,500 Utilisateurs simultanees 1-255,text,true,,17251,150,150,10
1784745214869,12,GET /api/boats,200,OK,500 Utilisateurs simultanees 1-345,text,true,,17251,150,150,12
1784745214879,7,GET /api/articles,200,OK,500 Utilisateurs simultanees 1-314,text,true,,9312,150,150,7
1784745214875,14,GET /api/boats,200,OK,500 Utilisateurs simultanees 1-282,text,true,,17251,150,150,14
1784745214917,15,GET /api/articles,200,OK,500 Utilisateurs simultanees 1-233,text,true,,9312,151,151,15
1784745214909,36,GET /api/boats,200,OK,500 Utilisateurs simultanees 1-258,text,true,,17251,150,150,36
1784745214909,50,GET /api/boats,200,OK,500 Utilisateurs simultanees 1-338,text,true,,17251,150,150,50
1784745214953,30,GET /api/articles,200,OK,500 Utilisateurs simultanees 1-201,text,true,,9312,150,150,30
1784745214952,35,GET /api/boats/1,200,OK,500 Utilisateurs simultanees 1-335,text,true,,1788,149,149,35
1784745214930,66,GET /api/boats,200,OK,500 Utilisateurs simultanees 1-348,text,true,,17251,149,149,66
1784745214963,41,GET /api/boats/1,200,OK,500 Utilisateurs simultanees 1-319,text,true,,1788,149,149,41
1784745214999,33,GET /api/boats/1,200,OK,500 Utilisateurs simultanees 1-332,text,true,,1788,150,150,33
1784745214975,71,GET /api/boats,200,OK,500 Utilisateurs simultanees 1-257,text,true,,17251,150,150,71
1784745215008,41,GET /api/articles,200,OK,500 Utilisateurs simultanees 1-214,text,true,,9312,150,150,41
1784745215009,42,GET /api/articles,200,OK,500 Utilisateurs simultanees 1-225,text,true,,9312,149,149,42
1784745214990,73,GET /api/boats,200,OK,500 Utilisateurs simultanees 1-342,text,true,,17251,148,148,73
1784745215032,34,GET /api/articles,200,OK,500 Utilisateurs simultanees 1-237,text,true,,9312,148,148,34
1784745215078,22,GET /api/articles,200,OK,500 Utilisateurs simultanees 1-307,text,true,,9312,148,148,22
1784745215077,32,GET /api/boats/1,200,OK,500 Utilisateurs simultanees 1-323,text,true,,1788,148,148,32
1784745215064,59,GET /api/boats,200,OK,500 Utilisateurs simultanees 1-347,text,true,,17251,148,148,58
1784745215086,42,GET /api/boats/1,200,OK,500 Utilisateurs simultanees 1-322,text,true,,1788,148,148,42
1784745215124,18,GET /api/articles,200,OK,500 Utilisateurs simultanees 1-203,text,true,,9312,149,149,18
1784745215092,54,GET /api/boats,200,OK,500 Utilisateurs simultanees 1-352,text,true,,17251,148,148,54
1784745215136,18,GET /api/articles,200,OK,500 Utilisateurs simultanees 1-196,text,true,,9312,148,148,18
1784745215128,29,GET /api/boats,200,OK,500 Utilisateurs simultanees 1-295,text,true,,17251,147,147,29
1784745215153,16,GET /api/boats,200,OK,500 Utilisateurs simultanees 1-344,text,true,,17251,147,147,16
1784745215180,3,GET /api/articles,200,OK,500 Utilisateurs simultanees 1-270,text,true,,9312,147,147,3
1784745215176,16,GET /api/boats,200,OK,500 Utilisateurs simultanees 1-346,text,true,,17251,147,147,16
1784745215194,9,GET /api/boats/1,200,OK,500 Utilisateurs simultanees 1-309,text,true,,1788,147,147,9
1784745215206,4,GET /api/articles,200,OK,500 Utilisateurs simultanees 1-221,text,true,,9312,147,147,4
1784745215244,17,GET /api/boats,200,OK,500 Utilisateurs simultanees 1-310,text,true,,17251,147,147,17
1784745215245,19,GET /api/boats,200,OK,500 Utilisateurs simultanees 1-245,text,true,,17251,147,147,19
1784745215251,15,GET /api/articles,200,OK,500 Utilisateurs simultanees 1-254,text,true,,9312,147,147,15
1784745215285,9,GET /api/boats/1,200,OK,500 Utilisateurs simultanees 1-297,text,true,,1788,147,147,9
1784745215289,12,GET /api/boats/1,200,OK,500 Utilisateurs simultanees 1-293,text,true,,1788,147,147,12
1784745215293,12,GET /api/boats/1,200,OK,500 Utilisateurs simultanees 1-286,text,true,,1788,147,147,12
1784745215295,15,GET /api/boats/1,200,OK,500 Utilisateurs simultanees 1-334,text,true,,1788,147,147,15
1784745215301,26,GET /api/boats,200,OK,500 Utilisateurs simultanees 1-341,text,true,,17251,147,147,26
1784745215305,24,GET /api/boats,200,OK,500 Utilisateurs simultanees 1-232,text,true,,17251,147,147,24
1784745215336,5,GET /api/articles,200,OK,500 Utilisateurs simultanees 1-242,text,true,,9312,147,147,5
1784745215435,9,GET /api/boats/1,200,OK,500 Utilisateurs simultanees 1-266,text,true,,1788,148,148,9
1784745215450,18,GET /api/boats,200,OK,500 Utilisateurs simultanees 1-356,text,true,,17251,148,148,18
1784745215465,14,GET /api/articles,200,OK,500 Utilisateurs simultanees 1-256,text,true,,9312,148,148,14
1784745215464,17,GET /api/boats/1,200,OK,500 Utilisateurs simultanees 1-236,text,true,,1788,148,148,17
1784745215459,29,GET /api/boats,200,OK,500 Utilisateurs simultanees 1-349,text,true,,17251,148,148,29
1784745215477,17,GET /api/boats/1,200,OK,500 Utilisateurs simultanees 1-343,text,true,,1788,148,148,17
1784745215486,12,GET /api/boats/1,200,OK,500 Utilisateurs simultanees 1-273,text,true,,1788,148,148,12
1784745215516,5,GET /api/articles,200,OK,500 Utilisateurs simultanees 1-292,text,true,,9312,149,149,5
1784745215522,4,GET /api/articles,200,OK,500 Utilisateurs simultanees 1-329,text,true,,9312,149,149,4
1784745215566,17,GET /api/boats,200,OK,500 Utilisateurs simultanees 1-355,text,true,,17251,149,149,17
1784745215580,9,GET /api/articles,200,OK,500 Utilisateurs simultanees 1-267,text,true,,9312,149,149,9
1784745215584,16,GET /api/boats,200,OK,500 Utilisateurs simultanees 1-259,text,true,,17251,149,149,16
1784745215600,6,GET /api/articles,200,OK,500 Utilisateurs simultanees 1-308,text,true,,9312,149,149,6
1784745215602,19,GET /api/boats,200,OK,500 Utilisateurs simultanees 1-359,text,true,,17251,150,150,19
1784745215621,9,GET /api/boats/1,200,OK,500 Utilisateurs simultanees 1-251,text,true,,1788,150,150,9
1784745215627,5,GET /api/articles,200,OK,500 Utilisateurs simultanees 1-222,text,true,,9312,150,150,5
1784745215657,5,GET /api/articles,200,OK,500 Utilisateurs simultanees 1-316,text,true,,9312,149,149,5
1784745215658,8,GET /api/boats/1,200,OK,500 Utilisateurs simultanees 1-219,text,true,,1788,149,149,8
1784745215678,4,GET /api/articles,200,OK,500 Utilisateurs simultanees 1-313,text,true,,9312,149,149,4
1784745215699,4,GET /api/articles,200,OK,500 Utilisateurs simultanees 1-253,text,true,,9312,149,149,4
1784745215696,16,GET /api/boats,200,OK,500 Utilisateurs simultanees 1-317,text,true,,17251,149,149,16
1784745215717,5,GET /api/articles,200,OK,500 Utilisateurs simultanees 1-315,text,true,,9312,149,149,5
1784745215724,4,GET /api/articles,200,OK,500 Utilisateurs simultanees 1-265,text,true,,9312,149,149,4
1784745215760,6,GET /api/articles,200,OK,500 Utilisateurs simultanees 1-210,text,true,,9312,150,150,6
1784745215758,10,GET /api/boats/1,200,OK,500 Utilisateurs simultanees 1-288,text,true,,1788,149,149,10
1784745215760,11,GET /api/boats/1,200,OK,500 Utilisateurs simultanees 1-252,text,true,,1788,149,149,11
1784745215765,15,GET /api/boats,200,OK,500 Utilisateurs simultanees 1-301,text,true,,17251,149,149,15
1784745215843,8,GET /api/boats/1,200,OK,500 Utilisateurs simultanees 1-339,text,true,,1788,149,149,8
1784745215895,9,GET /api/boats/1,200,OK,500 Utilisateurs simultanees 1-230,text,true,,1788,150,150,9
1784745215898,8,GET /api/boats/1,200,OK,500 Utilisateurs simultanees 1-330,text,true,,1788,150,150,8
1784745215899,8,GET /api/boats/1,200,OK,500 Utilisateurs simultanees 1-285,text,true,,1788,150,150,8
1784745215906,7,GET /api/boats/1,200,OK,500 Utilisateurs simultanees 1-302,text,true,,1788,150,150,7
1784745215917,8,GET /api/boats/1,200,OK,500 Utilisateurs simultanees 1-281,text,true,,1788,150,150,8
1784745215917,14,GET /api/boats,200,OK,500 Utilisateurs simultanees 1-314,text,true,,17251,150,150,14
1784745215934,3,GET /api/articles,200,OK,500 Utilisateurs simultanees 1-325,text,true,,9312,150,150,3
1784745215937,7,GET /api/boats/1,200,OK,500 Utilisateurs simultanees 1-299,text,true,,1788,150,150,7
1784745215941,8,GET /api/boats/1,200,OK,500 Utilisateurs simultanees 1-255,text,true,,1788,150,150,8
1784745215939,14,GET /api/boats,200,OK,500 Utilisateurs simultanees 1-249,text,true,,17251,150,150,14
1784745215944,12,GET /api/articles,200,OK,500 Utilisateurs simultanees 1-320,text,true,,9312,150,150,12
1784745215961,3,GET /api/articles,200,OK,500 Utilisateurs simultanees 1-277,text,true,,9312,150,150,3
1784745215991,5,GET /api/articles,200,OK,500 Utilisateurs simultanees 1-327,text,true,,9312,151,151,5
1784745215992,6,GET /api/articles,200,OK,500 Utilisateurs simultanees 1-321,text,true,,9312,151,151,6
1784745216005,15,GET /api/boats,200,OK,500 Utilisateurs simultanees 1-303,text,true,,17251,151,151,15
1784745216020,4,GET /api/articles,200,OK,500 Utilisateurs simultanees 1-220,text,true,,9312,151,151,4
1784745216030,6,GET /api/boats/1,200,OK,500 Utilisateurs simultanees 1-271,text,true,,1788,150,150,6
1784745216035,5,GET /api/articles,200,OK,500 Utilisateurs simultanees 1-319,text,true,,9312,150,150,5
1784745216051,4,GET /api/articles,200,OK,500 Utilisateurs simultanees 1-324,text,true,,9312,150,150,4
1784745216063,8,GET /api/boats/1,200,OK,500 Utilisateurs simultanees 1-235,text,true,,1788,150,150,8
1784745216080,8,GET /api/boats/1,200,OK,500 Utilisateurs simultanees 1-223,text,true,,1788,150,150,8
1784745216091,11,GET /api/boats/1,200,OK,500 Utilisateurs simultanees 1-239,text,true,,1788,150,150,11
1784745216088,25,GET /api/boats,200,OK,500 Utilisateurs simultanees 1-351,text,true,,17251,151,151,25
1784745216098,17,GET /api/articles,200,OK,500 Utilisateurs simultanees 1-208,text,true,,9312,151,151,17
1784745216092,25,GET /api/boats,200,OK,500 Utilisateurs simultanees 1-358,text,true,,17251,150,150,25
1784745216118,9,GET /api/articles,200,OK,500 Utilisateurs simultanees 1-278,text,true,,9312,150,150,9
1784745216122,11,GET /api/boats/1,200,OK,500 Utilisateurs simultanees 1-234,text,true,,1788,150,150,11
1784745216112,25,GET /api/boats,200,OK,500 Utilisateurs simultanees 1-248,text,true,,17251,150,150,25
1784745216126,22,GET /api/boats,200,OK,500 Utilisateurs simultanees 1-268,text,true,,17251,150,150,21
1784745216126,26,GET /api/boats,200,OK,500 Utilisateurs simultanees 1-300,text,true,,17251,150,150,26
1784745216144,11,GET /api/articles,200,OK,500 Utilisateurs simultanees 1-333,text,true,,9312,150,150,11
1784745216165,10,GET /api/boats/1,200,OK,500 Utilisateurs simultanees 1-227,text,true,,1788,150,150,9
1784745216173,17,GET /api/boats,200,OK,500 Utilisateurs simultanees 1-364,text,true,,17251,150,150,17
1784745216196,18,GET /api/boats,200,OK,500 Utilisateurs simultanees 1-357,text,true,,17251,150,150,17
1784745216204,20,GET /api/boats,200,OK,500 Utilisateurs simultanees 1-353,text,true,,17251,151,151,20
1784745216232,16,GET /api/boats,200,OK,500 Utilisateurs simultanees 1-263,text,true,,17251,151,151,16
1784745216271,4,GET /api/articles,200,OK,500 Utilisateurs simultanees 1-272,text,true,,9312,151,151,4
1784745216298,4,GET /api/articles,200,OK,500 Utilisateurs simultanees 1-289,text,true,,9312,151,151,4
1784745216339,4,GET /api/articles,200,OK,500 Utilisateurs simultanees 1-309,text,true,,9312,152,152,4
1784745216358,4,GET /api/articles,200,OK,500 Utilisateurs simultanees 1-280,text,true,,9312,152,152,3
1784745216369,18,GET /api/boats,200,OK,500 Utilisateurs simultanees 1-254,text,true,,17251,152,152,18
1784745216375,23,GET /api/boats,200,OK,500 Utilisateurs simultanees 1-361,text,true,,17251,152,152,23
1784745216388,11,GET /api/articles,200,OK,500 Utilisateurs simultanees 1-275,text,true,,9312,152,152,11
1784745216400,16,GET /api/boats,200,OK,500 Utilisateurs simultanees 1-312,text,true,,17251,152,152,16
1784745216415,16,GET /api/boats,200,OK,500 Utilisateurs simultanees 1-350,text,true,,17251,152,152,16
1784745216434,15,GET /api/boats/1,200,OK,500 Utilisateurs simultanees 1-287,text,true,,1788,152,152,15
1784745216429,24,GET /api/boats,200,OK,500 Utilisateurs simultanees 1-305,text,true,,17251,152,152,24
1784745216441,14,GET /api/boats/1,200,OK,500 Utilisateurs simultanees 1-294,text,true,,1788,152,152,14
1784745216498,20,GET /api/boats,200,OK,500 Utilisateurs simultanees 1-270,text,true,,17251,153,153,20
1784745216504,18,GET /api/boats,200,OK,500 Utilisateurs simultanees 1-306,text,true,,17251,153,153,18
1784745216518,11,GET /api/boats/1,200,OK,500 Utilisateurs simultanees 1-243,text,true,,1788,153,153,11
1784745216538,16,GET /api/boats,200,OK,500 Utilisateurs simultanees 1-250,text,true,,17251,153,153,16
1784745216551,9,GET /api/boats/1,200,OK,500 Utilisateurs simultanees 1-283,text,true,,1788,153,153,9
1784745216560,7,GET /api/boats/1,200,OK,500 Utilisateurs simultanees 1-232,text,true,,1788,153,153,7
1784745216567,8,GET /api/boats/1,200,OK,500 Utilisateurs simultanees 1-240,text,true,,1788,153,153,8
1784745216563,15,GET /api/boats,200,OK,500 Utilisateurs simultanees 1-367,text,true,,17251,153,153,15
1784745216571,9,GET /api/boats/1,200,OK,500 Utilisateurs simultanees 1-228,text,true,,1788,153,153,9
1784745216610,7,GET /api/boats/1,200,OK,500 Utilisateurs simultanees 1-229,text,true,,1788,154,154,7
1784745216620,4,GET /api/articles,200,OK,500 Utilisateurs simultanees 1-318,text,true,,9312,154,154,4
1784745216621,5,GET /api/articles,200,OK,500 Utilisateurs simultanees 1-276,text,true,,9312,154,154,5
1784745216635,24,GET /api/articles,200,OK,500 Utilisateurs simultanees 1-262,text,true,,9312,154,154,24
1784745216637,28,GET /api/boats/1,200,OK,500 Utilisateurs simultanees 1-291,text,true,,1788,154,154,28
1784745216624,48,GET /api/boats,200,OK,500 Utilisateurs simultanees 1-326,text,true,,17251,154,154,48
1784745216638,37,GET /api/boats/1,200,OK,500 Utilisateurs simultanees 1-282,text,true,,1788,154,154,37
1784745216641,35,GET /api/articles,200,OK,500 Utilisateurs simultanees 1-218,text,true,,9312,154,154,35
1784745216648,31,GET /api/boats/1,200,OK,500 Utilisateurs simultanees 1-355,text,true,,1788,153,153,31
1784745216689,3,GET /api/articles,200,OK,500 Utilisateurs simultanees 1-284,text,true,,9312,153,153,3
1784745216720,10,GET /api/boats,200,OK,500 Utilisateurs simultanees 1-237,text,true,,17251,154,154,10
1784745216735,8,GET /api/boats/1,200,OK,500 Utilisateurs simultanees 1-336,text,true,,1788,154,154,8
1784745216739,8,GET /api/boats/1,200,OK,500 Utilisateurs simultanees 1-304,text,true,,1788,154,154,8
1784745216746,7,GET /api/articles,200,OK,500 Utilisateurs simultanees 1-226,text,true,,9312,154,154,7
1784745216777,4,GET /api/articles,200,OK,500 Utilisateurs simultanees 1-279,text,true,,9312,153,153,3
1784745216791,4,GET /api/articles,200,OK,500 Utilisateurs simultanees 1-331,text,true,,9312,153,153,4
1784745216801,19,GET /api/boats,200,OK,500 Utilisateurs simultanees 1-316,text,true,,17251,153,153,19
1784745216808,21,GET /api/boats,200,OK,500 Utilisateurs simultanees 1-362,text,true,,17251,154,154,20
1784745216843,8,GET /api/boats/1,200,OK,500 Utilisateurs simultanees 1-347,text,true,,1788,154,154,8
1784745216855,24,GET /api/boats,200,OK,500 Utilisateurs simultanees 1-354,text,true,,17251,154,154,24
1784745216862,44,GET /api/boats,200,OK,500 Utilisateurs simultanees 1-247,text,true,,17251,154,154,44
1784745216868,45,GET /api/articles,200,OK,500 Utilisateurs simultanees 1-241,text,true,,9312,154,154,45
1784745216864,112,GET /api/boats,200,OK,500 Utilisateurs simultanees 1-292,text,true,,17251,154,154,112
1784745216880,106,GET /api/boats/1,200,OK,500 Utilisateurs simultanees 1-261,text,true,,1788,154,154,106
1784745216876,120,GET /api/boats,200,OK,500 Utilisateurs simultanees 1-296,text,true,,17251,154,154,120
1784745216926,83,GET /api/boats/1,200,OK,500 Utilisateurs simultanees 1-295,text,true,,1788,154,154,83
1784745216876,145,GET /api/boats,200,OK,500 Utilisateurs simultanees 1-256,text,true,,17251,154,154,145
1784745216924,122,GET /api/boats,200,OK,500 Utilisateurs simultanees 1-298,text,true,,17251,154,154,122
1784745216894,161,GET /api/articles,200,OK,500 Utilisateurs simultanees 1-238,text,true,,9312,154,154,161
1784745216932,140,GET /api/boats,200,OK,500 Utilisateurs simultanees 1-260,text,true,,17251,154,154,140
1784745216968,109,GET /api/articles,200,OK,500 Utilisateurs simultanees 1-194,text,true,,9312,154,154,109
1784745216990,89,GET /api/articles,200,OK,500 Utilisateurs simultanees 1-236,text,true,,9312,153,153,89
1784745216995,90,GET /api/articles,200,OK,500 Utilisateurs simultanees 1-290,text,true,,9312,152,152,90
1784745216940,158,GET /api/boats,200,OK,500 Utilisateurs simultanees 1-308,text,true,,17251,152,152,158
1784745217049,55,GET /api/boats/1,200,OK,500 Utilisateurs simultanees 1-337,text,true,,1788,152,152,55
1784745216949,165,GET /api/articles,200,OK,500 Utilisateurs simultanees 1-323,text,true,,9312,152,152,165
1784745216961,155,GET /api/articles,200,OK,500 Utilisateurs simultanees 1-264,text,true,,9312,152,152,155
1784745216963,155,GET /api/boats/1,200,OK,500 Utilisateurs simultanees 1-245,text,true,,1788,152,152,155
1784745217000,123,GET /api/boats/1,200,OK,500 Utilisateurs simultanees 1-259,text,true,,1788,152,152,123
1784745216959,168,GET /api/boats,200,OK,500 Utilisateurs simultanees 1-368,text,true,,17251,152,152,168
1784745217075,60,GET /api/articles,200,OK,500 Utilisateurs simultanees 1-273,text,true,,9312,152,152,60
1784745217041,99,GET /api/boats,200,OK,500 Utilisateurs simultanees 1-370,text,true,,17251,152,152,99
1784745217051,92,GET /api/boats,200,OK,500 Utilisateurs simultanees 1-253,text,true,,17251,152,152,92
1784745217081,75,GET /api/boats,200,OK,500 Utilisateurs simultanees 1-327,text,true,,17251,152,152,75
1784745217083,76,GET /api/boats,200,OK,500 Utilisateurs simultanees 1-267,text,true,,17251,152,152,76
1784745217107,57,GET /api/boats,200,OK,500 Utilisateurs simultanees 1-313,text,true,,17251,152,152,57
1784745217129,39,GET /api/boats,200,OK,500 Utilisateurs simultanees 1-325,text,true,,17251,152,152,39
1784745217166,9,GET /api/boats/1,200,OK,500 Utilisateurs simultanees 1-269,text,true,,1788,152,152,9
1784745217169,8,GET /api/boats/1,200,OK,500 Utilisateurs simultanees 1-244,text,true,,1788,152,152,8
1784745217187,7,GET /api/boats/1,200,OK,500 Utilisateurs simultanees 1-246,text,true,,1788,153,153,7
1784745217208,3,GET /api/articles,200,OK,500 Utilisateurs simultanees 1-274,text,true,,9312,153,153,3
1784745217226,6,GET /api/boats/1,200,OK,500 Utilisateurs simultanees 1-340,text,true,,1788,153,153,6
1784745217238,11,GET /api/boats,200,OK,500 Utilisateurs simultanees 1-311,text,true,,17251,153,153,10
1784745217256,4,GET /api/articles,200,OK,500 Utilisateurs simultanees 1-215,text,true,,9312,153,153,4
1784745217258,4,GET /api/articles,200,OK,500 Utilisateurs simultanees 1-339,text,true,,9312,152,152,4
1784745217263,15,GET /api/boats,200,OK,500 Utilisateurs simultanees 1-366,text,true,,17251,152,152,15
1784745217294,3,GET /api/articles,200,OK,500 Utilisateurs simultanees 1-328,text,true,,9312,152,152,3
1784745217297,12,GET /api/boats,200,OK,500 Utilisateurs simultanees 1-319,text,true,,17251,153,153,11
1784745217318,5,GET /api/articles,200,OK,500 Utilisateurs simultanees 1-343,text,true,,9312,153,153,4
1784745217351,20,GET /api/boats/1,200,OK,500 Utilisateurs simultanees 1-344,text,true,,1788,153,153,20
1784745217362,16,GET /api/boats/1,200,OK,500 Utilisateurs simultanees 1-258,text,true,,1788,153,153,16
1784745217390,33,GET /api/boats,200,OK,500 Utilisateurs simultanees 1-329,text,true,,17251,153,153,33
1784745217437,36,GET /api/articles,200,OK,500 Utilisateurs simultanees 1-335,text,true,,9312,154,154,36
1784745217407,74,GET /api/boats,200,OK,500 Utilisateurs simultanees 1-372,text,true,,17251,154,154,74
1784745217428,58,GET /api/articles,200,OK,500 Utilisateurs simultanees 1-219,text,true,,9312,154,154,58
1784745217428,64,GET /api/articles,200,OK,500 Utilisateurs simultanees 1-281,text,true,,9312,153,153,64
1784745217412,86,GET /api/boats,200,OK,500 Utilisateurs simultanees 1-374,text,true,,17251,153,153,86
1784745217420,100,GET /api/boats,200,OK,500 Utilisateurs simultanees 1-307,text,true,,17251,153,153,100
1784745217438,92,GET /api/boats/1,200,OK,500 Utilisateurs simultanees 1-352,text,true,,1788,153,153,92
1784745217448,101,GET /api/articles,200,OK,500 Utilisateurs simultanees 1-252,text,true,,9312,154,154,100
1784745217467,96,GET /api/boats/1,200,OK,500 Utilisateurs simultanees 1-257,text,true,,1788,153,153,96
1784745217493,81,GET /api/articles,200,OK,500 Utilisateurs simultanees 1-332,text,true,,9312,153,153,81
1784745217516,61,GET /api/articles,200,OK,500 Utilisateurs simultanees 1-293,text,true,,9312,153,153,61
1784745217506,73,GET /api/boats/1,200,OK,500 Utilisateurs simultanees 1-356,text,true,,1788,153,153,73
1784745217552,43,GET /api/boats/1,200,OK,500 Utilisateurs simultanees 1-346,text,true,,1788,153,153,43
1784745217553,43,GET /api/boats/1,200,OK,500 Utilisateurs simultanees 1-254,text,true,,1788,153,153,43
1784745217474,124,GET /api/boats,200,OK,500 Utilisateurs simultanees 1-375,text,true,,17251,153,153,124
1784745217506,95,GET /api/boats,200,OK,500 Utilisateurs simultanees 1-360,text,true,,17251,153,153,95
1784745217503,103,GET /api/boats,200,OK,500 Utilisateurs simultanees 1-363,text,true,,17251,153,153,102
1784745217571,44,GET /api/boats,200,OK,500 Utilisateurs simultanees 1-278,text,true,,17251,153,153,44
1784745217609,13,GET /api/boats/1,200,OK,500 Utilisateurs simultanees 1-348,text,true,,1788,153,153,13
1784745217596,29,GET /api/boats,200,OK,500 Utilisateurs simultanees 1-371,text,true,,17251,153,153,29
1784745217621,15,GET /api/boats,200,OK,500 Utilisateurs simultanees 1-280,text,true,,17251,153,153,15
1784745217658,4,GET /api/boats/1,200,OK,500 Utilisateurs simultanees 1-310,text,true,,1788,154,154,4
1784745217665,12,GET /api/boats,200,OK,500 Utilisateurs simultanees 1-315,text,true,,17251,154,154,12
1784745217672,6,GET /api/boats/1,200,OK,500 Utilisateurs simultanees 1-353,text,true,,1788,154,154,6
1784745217687,11,GET /api/boats,200,OK,500 Utilisateurs simultanees 1-277,text,true,,17251,154,154,11
1784745217689,11,GET /api/boats,200,OK,500 Utilisateurs simultanees 1-321,text,true,,17251,154,154,11
1784745217698,9,GET /api/boats/1,200,OK,500 Utilisateurs simultanees 1-357,text,true,,1788,154,154,9
1784745217706,5,GET /api/boats/1,200,OK,500 Utilisateurs simultanees 1-341,text,true,,1788,154,154,5
1784745217713,7,GET /api/boats/1,200,OK,500 Utilisateurs simultanees 1-342,text,true,,1788,154,154,7
1784745217722,3,GET /api/articles,200,OK,500 Utilisateurs simultanees 1-291,text,true,,9312,154,154,3
1784745217724,3,GET /api/articles,200,OK,500 Utilisateurs simultanees 1-223,text,true,,9312,154,154,3
1784745217732,7,GET /api/boats/1,200,OK,500 Utilisateurs simultanees 1-270,text,true,,1788,153,153,7
1784745217796,13,GET /api/boats/1,200,OK,500 Utilisateurs simultanees 1-345,text,true,,1788,154,154,13
1784745217821,25,GET /api/boats/1,200,OK,500 Utilisateurs simultanees 1-326,text,true,,1788,154,154,25
1784745217812,42,GET /api/boats,200,OK,500 Utilisateurs simultanees 1-279,text,true,,17251,154,154,41
1784745217823,35,GET /api/articles,200,OK,500 Utilisateurs simultanees 1-286,text,true,,9312,154,154,35
1784745217851,27,GET /api/articles,200,OK,500 Utilisateurs simultanees 1-266,text,true,,9312,154,154,26
1784745217830,64,GET /api/boats,200,OK,500 Utilisateurs simultanees 1-242,text,true,,17251,154,154,64
1784745217867,54,GET /api/articles,200,OK,500 Utilisateurs simultanees 1-251,text,true,,9312,155,155,54
1784745217874,69,GET /api/boats/1,200,OK,500 Utilisateurs simultanees 1-301,text,true,,1788,154,154,69
1784745217886,69,GET /api/articles,200,OK,500 Utilisateurs simultanees 1-330,text,true,,9312,154,154,69
1784745217890,68,GET /api/articles,200,OK,500 Utilisateurs simultanees 1-299,text,true,,9312,154,154,68
1784745217906,55,GET /api/boats/1,200,OK,500 Utilisateurs simultanees 1-338,text,true,,1788,154,154,55
1784745217874,95,GET /api/boats,200,OK,500 Utilisateurs simultanees 1-369,text,true,,17251,154,154,95
1784745217894,81,GET /api/boats,200,OK,500 Utilisateurs simultanees 1-373,text,true,,17251,154,154,80
1784745217932,45,GET /api/boats,200,OK,500 Utilisateurs simultanees 1-365,text,true,,17251,154,154,45
1784745217986,3,GET /api/articles,200,OK,500 Utilisateurs simultanees 1-282,text,true,,9312,154,154,3
1784745218001,4,GET /api/articles,200,OK,500 Utilisateurs simultanees 1-288,text,true,,9312,154,154,4
1784745218004,6,GET /api/boats/1,200,OK,500 Utilisateurs simultanees 1-249,text,true,,1788,154,154,6
1784745218005,7,GET /api/boats/1,200,OK,500 Utilisateurs simultanees 1-237,text,true,,1788,154,154,7
1784745218013,10,GET /api/boats,200,OK,500 Utilisateurs simultanees 1-275,text,true,,17251,154,154,10
1784745218025,2,GET /api/articles,200,OK,500 Utilisateurs simultanees 1-336,text,true,,9312,154,154,2
1784745218032,5,GET /api/articles,200,OK,500 Utilisateurs simultanees 1-261,text,true,,9312,155,155,5
1784745218032,8,GET /api/boats/1,200,OK,500 Utilisateurs simultanees 1-314,text,true,,1788,154,154,8
1784745218058,5,GET /api/articles,200,OK,500 Utilisateurs simultanees 1-285,text,true,,9312,154,154,5
1784745218062,13,GET /api/boats/1,200,OK,500 Utilisateurs simultanees 1-361,text,true,,1788,154,154,13
1784745218070,19,GET /api/boats,200,OK,500 Utilisateurs simultanees 1-318,text,true,,17251,154,154,19
1784745218090,6,GET /api/articles,200,OK,500 Utilisateurs simultanees 1-334,text,true,,9312,154,154,6
1784745218076,22,GET /api/boats,200,OK,500 Utilisateurs simultanees 1-377,text,true,,17251,154,154,22
1784745218099,11,GET /api/articles,200,OK,500 Utilisateurs simultanees 1-297,text,true,,9312,154,154,11
1784745218102,9,GET /api/articles,200,OK,500 Utilisateurs simultanees 1-322,text,true,,9312,154,154,9
1784745218101,12,GET /api/boats/1,200,OK,500 Utilisateurs simultanees 1-263,text,true,,1788,154,154,12
1784745218136,3,GET /api/articles,200,OK,500 Utilisateurs simultanees 1-235,text,true,,9312,154,154,3
1784745218140,6,GET /api/boats/1,200,OK,500 Utilisateurs simultanees 1-298,text,true,,1788,154,154,6
1784745218143,5,GET /api/articles,200,OK,500 Utilisateurs simultanees 1-232,text,true,,9312,154,154,5
1784745218160,3,GET /api/articles,200,OK,500 Utilisateurs simultanees 1-337,text,true,,9312,153,153,3
1784745218169,5,GET /api/boats/1,200,OK,500 Utilisateurs simultanees 1-349,text,true,,1788,153,153,5
1784745218177,14,GET /api/boats,200,OK,500 Utilisateurs simultanees 1-289,text,true,,17251,153,153,14
1784745218189,6,GET /api/articles,200,OK,500 Utilisateurs simultanees 1-229,text,true,,9312,153,153,6
1784745218219,4,GET /api/boats/1,200,OK,500 Utilisateurs simultanees 1-325,text,true,,1788,152,152,4
1784745218227,9,GET /api/boats/1,200,OK,500 Utilisateurs simultanees 1-248,text,true,,1788,152,152,9
1784745218230,10,GET /api/boats/1,200,OK,500 Utilisateurs simultanees 1-292,text,true,,1788,152,152,10
1784745218233,11,GET /api/boats/1,200,OK,500 Utilisateurs simultanees 1-350,text,true,,1788,152,152,11
1784745218245,9,GET /api/boats/1,200,OK,500 Utilisateurs simultanees 1-306,text,true,,1788,152,152,9
1784745218252,5,GET /api/articles,200,OK,500 Utilisateurs simultanees 1-255,text,true,,9312,152,152,5
1784745218273,4,GET /api/articles,200,OK,500 Utilisateurs simultanees 1-227,text,true,,9312,152,152,4
1784745218293,7,GET /api/boats/1,200,OK,500 Utilisateurs simultanees 1-366,text,true,,1788,151,151,7
1784745218323,8,GET /api/boats/1,200,OK,500 Utilisateurs simultanees 1-296,text,true,,1788,151,151,8
1784745218327,10,GET /api/boats/1,200,OK,500 Utilisateurs simultanees 1-268,text,true,,1788,151,151,10
1784745218351,6,GET /api/articles,200,OK,500 Utilisateurs simultanees 1-283,text,true,,9312,151,151,6
1784745218357,7,GET /api/articles,200,OK,500 Utilisateurs simultanees 1-234,text,true,,9312,151,151,7
1784745218355,19,GET /api/boats/1,200,OK,500 Utilisateurs simultanees 1-300,text,true,,1788,150,150,19
1784745218363,17,GET /api/boats/1,200,OK,500 Utilisateurs simultanees 1-367,text,true,,1788,150,150,17
1784745218366,31,GET /api/boats,200,OK,500 Utilisateurs simultanees 1-272,text,true,,17251,151,151,31
1784745218397,13,GET /api/boats/1,200,OK,500 Utilisateurs simultanees 1-308,text,true,,1788,151,151,13
1784745218411,12,GET /api/boats/1,200,OK,500 Utilisateurs simultanees 1-303,text,true,,1788,151,151,12
1784745218423,5,GET /api/articles,200,OK,500 Utilisateurs simultanees 1-228,text,true,,9312,151,151,5
1784745218433,13,GET /api/boats/1,200,OK,500 Utilisateurs simultanees 1-358,text,true,,1788,150,150,13
1784745218448,26,GET /api/boats,200,OK,500 Utilisateurs simultanees 1-382,text,true,,17251,150,150,26
1784745218474,7,GET /api/articles,200,OK,500 Utilisateurs simultanees 1-302,text,true,,9312,150,150,6
1784745218475,18,GET /api/boats,200,OK,500 Utilisateurs simultanees 1-376,text,true,,17251,150,150,18
1784745218497,9,GET /api/boats/1,200,OK,500 Utilisateurs simultanees 1-359,text,true,,1788,151,151,9
1784745218527,8,GET /api/boats/1,200,OK,500 Utilisateurs simultanees 1-372,text,true,,1788,151,151,8
1784745218540,4,GET /api/articles,200,OK,500 Utilisateurs simultanees 1-271,text,true,,9312,151,151,4
1784745218570,12,GET /api/boats/1,200,OK,500 Utilisateurs simultanees 1-317,text,true,,1788,151,151,12
1784745218574,24,GET /api/boats,200,OK,500 Utilisateurs simultanees 1-276,text,true,,17251,151,151,24
1784745218575,26,GET /api/boats,200,OK,500 Utilisateurs simultanees 1-379,text,true,,17251,151,151,26
1784745218576,31,GET /api/boats,200,OK,500 Utilisateurs simultanees 1-265,text,true,,17251,151,151,31
1784745218593,20,GET /api/boats,200,OK,500 Utilisateurs simultanees 1-331,text,true,,17251,151,151,20
1784745218619,6,GET /api/boats/1,200,OK,500 Utilisateurs simultanees 1-253,text,true,,1788,152,152,6
1784745218626,4,GET /api/articles,200,OK,500 Utilisateurs simultanees 1-240,text,true,,9312,152,152,4
1784745218626,8,GET /api/boats/1,200,OK,500 Utilisateurs simultanees 1-312,text,true,,1788,151,151,8
1784745218655,14,GET /api/boats,200,OK,500 Utilisateurs simultanees 1-324,text,true,,17251,151,151,14
1784745218666,9,GET /api/boats/1,200,OK,500 Utilisateurs simultanees 1-319,text,true,,1788,151,151,9
1784745218689,13,GET /api/boats,200,OK,500 Utilisateurs simultanees 1-333,text,true,,17251,151,151,13
1784745218700,9,GET /api/boats/1,200,OK,500 Utilisateurs simultanees 1-364,text,true,,1788,151,151,9
1784745218716,5,GET /api/articles,200,OK,500 Utilisateurs simultanees 1-355,text,true,,9312,151,151,5
1784745218735,14,GET /api/boats,200,OK,500 Utilisateurs simultanees 1-309,text,true,,17251,152,152,14
1784745218744,8,GET /api/boats/1,200,OK,500 Utilisateurs simultanees 1-351,text,true,,1788,152,152,8
1784745218752,14,GET /api/boats,200,OK,500 Utilisateurs simultanees 1-320,text,true,,17251,152,152,14
1784745218770,3,GET /api/articles,200,OK,500 Utilisateurs simultanees 1-356,text,true,,9312,152,152,3
1784745218777,3,GET /api/articles,200,OK,500 Utilisateurs simultanees 1-287,text,true,,9312,152,152,3
1784745218803,15,GET /api/boats,200,OK,500 Utilisateurs simultanees 1-323,text,true,,17251,152,152,15
1784745218815,6,GET /api/articles,200,OK,500 Utilisateurs simultanees 1-230,text,true,,9312,152,152,6
1784745218824,14,GET /api/boats,200,OK,500 Utilisateurs simultanees 1-332,text,true,,17251,151,151,14
1784745218840,4,GET /api/articles,200,OK,500 Utilisateurs simultanees 1-239,text,true,,9312,151,151,3
1784745218852,5,GET /api/articles,200,OK,500 Utilisateurs simultanees 1-258,text,true,,9312,150,150,5
1784745218910,16,GET /api/articles,200,OK,500 Utilisateurs simultanees 1-342,text,true,,9312,150,150,16
1784745218913,17,GET /api/boats/1,200,OK,500 Utilisateurs simultanees 1-247,text,true,,1788,150,150,17
1784745218927,9,GET /api/articles,200,OK,500 Utilisateurs simultanees 1-345,text,true,,9312,150,150,9
1784745218928,22,GET /api/boats,200,OK,500 Utilisateurs simultanees 1-273,text,true,,17251,150,150,21
1784745218932,21,GET /api/boats,200,OK,500 Utilisateurs simultanees 1-328,text,true,,17251,150,150,21
1784745218953,9,GET /api/boats/1,200,OK,500 Utilisateurs simultanees 1-316,text,true,,1788,150,150,9
1784745218958,6,GET /api/articles,200,OK,500 Utilisateurs simultanees 1-246,text,true,,9312,150,150,6
1784745218960,12,GET /api/boats/1,200,OK,500 Utilisateurs simultanees 1-260,text,true,,1788,149,149,12
1784745218981,14,GET /api/boats/1,200,OK,500 Utilisateurs simultanees 1-375,text,true,,1788,150,150,14
1784745218980,18,GET /api/boats,200,OK,500 Utilisateurs simultanees 1-380,text,true,,17251,150,150,18
1784745219005,4,GET /api/articles,200,OK,500 Utilisateurs simultanees 1-294,text,true,,9312,150,150,4
1784745219004,7,GET /api/boats/1,200,OK,500 Utilisateurs simultanees 1-305,text,true,,1788,150,150,7
1784745219010,14,GET /api/boats,200,OK,500 Utilisateurs simultanees 1-293,text,true,,17251,150,150,14
1784745219078,13,GET /api/boats/1,200,OK,500 Utilisateurs simultanees 1-242,text,true,,1788,150,150,13
1784745219074,20,GET /api/boats,200,OK,500 Utilisateurs simultanees 1-383,text,true,,17251,150,150,20
1784745219083,12,GET /api/boats/1,200,OK,500 Utilisateurs simultanees 1-313,text,true,,1788,150,150,12
1784745219115,6,GET /api/articles,200,OK,500 Utilisateurs simultanees 1-259,text,true,,9312,151,151,6
1784745219119,10,GET /api/articles,200,OK,500 Utilisateurs simultanees 1-344,text,true,,9312,150,150,10
1784745219118,21,GET /api/boats,200,OK,500 Utilisateurs simultanees 1-284,text,true,,17251,150,150,21
1784745219139,4,GET /api/articles,200,OK,500 Utilisateurs simultanees 1-243,text,true,,9312,150,150,4
1784745219169,19,GET /api/boats,200,OK,500 Utilisateurs simultanees 1-262,text,true,,17251,149,149,19
1784745219175,15,GET /api/boats/1,200,OK,500 Utilisateurs simultanees 1-275,text,true,,1788,149,149,15
1784745219170,23,GET /api/boats,200,OK,500 Utilisateurs simultanees 1-335,text,true,,17251,149,149,23
1784745219190,21,GET /api/boats/1,200,OK,500 Utilisateurs simultanees 1-250,text,true,,1788,149,149,21
1784745219214,7,GET /api/articles,200,OK,500 Utilisateurs simultanees 1-254,text,true,,9312,150,150,7
1784745219237,37,GET /api/boats,200,OK,500 Utilisateurs simultanees 1-343,text,true,,17251,149,149,37
1784745219250,26,GET /api/articles,200,OK,500 Utilisateurs simultanees 1-325,text,true,,9312,149,149,26
1784745219255,25,GET /api/boats/1,200,OK,500 Utilisateurs simultanees 1-315,text,true,,1788,149,149,25
1784745219271,14,GET /api/boats/1,200,OK,500 Utilisateurs simultanees 1-311,text,true,,1788,149,149,14
1784745219286,7,GET /api/articles,200,OK,500 Utilisateurs simultanees 1-326,text,true,,9312,149,149,7
1784745219280,17,GET /api/boats,200,OK,500 Utilisateurs simultanees 1-264,text,true,,17251,149,149,17
1784745219291,8,GET /api/articles,200,OK,500 Utilisateurs simultanees 1-298,text,true,,9312,149,149,8
1784745219291,16,GET /api/boats,200,OK,500 Utilisateurs simultanees 1-334,text,true,,17251,149,149,16
1784745219303,5,GET /api/articles,200,OK,500 Utilisateurs simultanees 1-245,text,true,,9312,149,149,5
1784745219386,4,GET /api/articles,200,OK,500 Utilisateurs simultanees 1-350,text,true,,9312,149,149,4
1784745219421,16,GET /api/boats,200,OK,500 Utilisateurs simultanees 1-282,text,true,,17251,149,149,16
1784745219422,22,GET /api/boats,200,OK,500 Utilisateurs simultanees 1-290,text,true,,17251,149,149,21
1784745219434,11,GET /api/articles,200,OK,500 Utilisateurs simultanees 1-353,text,true,,9312,149,149,11
1784745219452,7,GET /api/boats/1,200,OK,500 Utilisateurs simultanees 1-371,text,true,,1788,149,149,7
1784745219465,10,GET /api/boats/1,200,OK,500 Utilisateurs simultanees 1-354,text,true,,1788,150,150,10
1784745219468,8,GET /api/boats/1,200,OK,500 Utilisateurs simultanees 1-362,text,true,,1788,150,150,8
1784745219469,18,GET /api/boats,200,OK,500 Utilisateurs simultanees 1-266,text,true,,17251,150,150,18
1784745219479,10,GET /api/boats/1,200,OK,500 Utilisateurs simultanees 1-327,text,true,,1788,150,150,10
1784745219488,4,GET /api/articles,200,OK,500 Utilisateurs simultanees 1-268,text,true,,9312,150,150,4
1784745219562,5,GET /api/articles,200,OK,500 Utilisateurs simultanees 1-304,text,true,,9312,149,149,5
1784745219582,7,GET /api/articles,200,OK,500 Utilisateurs simultanees 1-347,text,true,,9312,150,150,7
1784745219581,21,GET /api/boats,200,OK,500 Utilisateurs simultanees 1-297,text,true,,17251,150,150,21
1784745219622,6,GET /api/articles,200,OK,500 Utilisateurs simultanees 1-340,text,true,,9312,150,150,6
1784745219642,10,GET /api/boats/1,200,OK,500 Utilisateurs simultanees 1-360,text,true,,1788,150,150,10
1784745219650,23,GET /api/boats,200,OK,500 Utilisateurs simultanees 1-381,text,true,,17251,150,150,23
1784745219679,6,GET /api/articles,200,OK,500 Utilisateurs simultanees 1-338,text,true,,9312,150,150,6
1784745219679,10,GET /api/articles,200,OK,500 Utilisateurs simultanees 1-269,text,true,,9312,150,150,10
1784745219690,6,GET /api/articles,200,OK,500 Utilisateurs simultanees 1-361,text,true,,9312,150,150,6
1784745219692,9,GET /api/articles,200,OK,500 Utilisateurs simultanees 1-346,text,true,,9312,150,150,9
1784745219708,3,GET /api/articles,200,OK,500 Utilisateurs simultanees 1-358,text,true,,9312,151,151,3
1784745219706,11,GET /api/boats/1,200,OK,500 Utilisateurs simultanees 1-256,text,true,,1788,151,151,11
1784745219725,29,GET /api/articles,200,OK,500 Utilisateurs simultanees 1-257,text,true,,9312,151,151,29
1784745219727,44,GET /api/boats/1,200,OK,500 Utilisateurs simultanees 1-321,text,true,,1788,150,150,44
1784745219713,62,GET /api/boats,200,OK,500 Utilisateurs simultanees 1-378,text,true,,17251,150,150,62
1784745219740,46,GET /api/boats/1,200,OK,500 Utilisateurs simultanees 1-376,text,true,,1788,150,150,46
1784745219747,44,GET /api/boats/1,200,OK,500 Utilisateurs simultanees 1-370,text,true,,1788,150,150,44
1784745219755,38,GET /api/articles,200,OK,500 Utilisateurs simultanees 1-352,text,true,,9312,150,150,38
1784745219762,33,GET /api/articles,200,OK,500 Utilisateurs simultanees 1-357,text,true,,9312,150,150,33
1784745219755,74,GET /api/boats,200,OK,500 Utilisateurs simultanees 1-299,text,true,,17251,151,151,74
1784745219776,66,GET /api/boats/1,200,OK,500 Utilisateurs simultanees 1-368,text,true,,1788,151,151,66
1784745219782,66,GET /api/boats/1,200,OK,500 Utilisateurs simultanees 1-363,text,true,,1788,151,151,66
1784745219823,29,GET /api/articles,200,OK,500 Utilisateurs simultanees 1-296,text,true,,9312,151,151,29
1784745219761,98,GET /api/boats,200,OK,500 Utilisateurs simultanees 1-394,text,true,,17251,151,151,98
1784745219797,63,GET /api/articles,200,OK,500 Utilisateurs simultanees 1-364,text,true,,9312,151,151,63
1784745219806,56,GET /api/articles,200,OK,500 Utilisateurs simultanees 1-341,text,true,,9312,151,151,56
1784745219789,87,GET /api/boats,200,OK,500 Utilisateurs simultanees 1-285,text,true,,17251,151,151,87
1784745219846,37,GET /api/boats/1,200,OK,500 Utilisateurs simultanees 1-277,text,true,,1788,151,151,37
1784745219853,34,GET /api/boats/1,200,OK,500 Utilisateurs simultanees 1-329,text,true,,1788,151,151,34
1784745219798,96,GET /api/boats,200,OK,500 Utilisateurs simultanees 1-384,text,true,,17251,151,151,96
1784745219857,39,GET /api/articles,200,OK,500 Utilisateurs simultanees 1-303,text,true,,9312,151,151,39
1784745219871,29,GET /api/articles,200,OK,500 Utilisateurs simultanees 1-295,text,true,,9312,151,151,29
1784745219853,52,GET /api/boats,200,OK,500 Utilisateurs simultanees 1-339,text,true,,17251,151,151,52
1784745219863,43,GET /api/boats/1,200,OK,500 Utilisateurs simultanees 1-379,text,true,,1788,151,151,43
1784745219878,37,GET /api/articles,200,OK,500 Utilisateurs simultanees 1-244,text,true,,9312,151,151,37
1784745219867,55,GET /api/boats,200,OK,500 Utilisateurs simultanees 1-288,text,true,,17251,150,150,55
1784745219902,25,GET /api/articles,200,OK,500 Utilisateurs simultanees 1-292,text,true,,9312,150,150,25
1784745219898,33,GET /api/boats,200,OK,500 Utilisateurs simultanees 1-283,text,true,,17251,149,149,33
1784745219953,16,GET /api/boats,200,OK,500 Utilisateurs simultanees 1-356,text,true,,17251,150,150,16
1784745219961,14,GET /api/boats,200,OK,500 Utilisateurs simultanees 1-287,text,true,,17251,150,150,14
1784745219959,19,GET /api/boats,200,OK,500 Utilisateurs simultanees 1-389,text,true,,17251,150,150,19
1784745219978,10,GET /api/boats/1,200,OK,500 Utilisateurs simultanees 1-307,text,true,,1788,150,150,10
1784745219977,13,GET /api/boats,200,OK,500 Utilisateurs simultanees 1-387,text,true,,17251,150,150,13
1784745219990,6,GET /api/boats/1,200,OK,500 Utilisateurs simultanees 1-309,text,true,,1788,150,150,6
1784745220001,7,GET /api/boats/1,200,OK,500 Utilisateurs simultanees 1-374,text,true,,1788,150,150,7
1784745220025,4,GET /api/articles,200,OK,500 Utilisateurs simultanees 1-270,text,true,,9312,150,150,4
1784745220064,7,GET /api/boats/1,200,OK,500 Utilisateurs simultanees 1-373,text,true,,1788,150,150,7
1784745220071,6,GET /api/boats/1,200,OK,500 Utilisateurs simultanees 1-320,text,true,,1788,150,150,6
1784745220079,4,GET /api/articles,200,OK,500 Utilisateurs simultanees 1-249,text,true,,9312,150,150,4
1784745220087,3,GET /api/articles,200,OK,500 Utilisateurs simultanees 1-375,text,true,,9312,149,149,3
1784745220091,16,GET /api/boats,200,OK,500 Utilisateurs simultanees 1-390,text,true,,17251,149,149,16
1784745220093,16,GET /api/boats,200,OK,500 Utilisateurs simultanees 1-396,text,true,,17251,149,149,16
1784745220113,5,GET /api/articles,200,OK,500 Utilisateurs simultanees 1-263,text,true,,9312,149,149,5
1784745220136,4,GET /api/articles,200,OK,500 Utilisateurs simultanees 1-237,text,true,,9312,148,148,4
1784745220132,10,GET /api/boats/1,200,OK,500 Utilisateurs simultanees 1-267,text,true,,1788,147,147,10
1784745220182,9,GET /api/boats/1,200,OK,500 Utilisateurs simultanees 1-331,text,true,,1788,148,148,9
1784745220185,11,GET /api/boats/1,200,OK,500 Utilisateurs simultanees 1-318,text,true,,1788,148,148,11
1784745220192,9,GET /api/boats/1,200,OK,500 Utilisateurs simultanees 1-272,text,true,,1788,148,148,9
1784745220206,30,GET /api/boats,200,OK,500 Utilisateurs simultanees 1-274,text,true,,17251,148,148,30
1784745220234,24,GET /api/articles,200,OK,500 Utilisateurs simultanees 1-305,text,true,,9312,148,148,24
1784745220218,44,GET /api/boats,200,OK,500 Utilisateurs simultanees 1-286,text,true,,17251,148,148,44
1784745220241,28,GET /api/boats/1,200,OK,500 Utilisateurs simultanees 1-377,text,true,,1788,148,148,28
1784745220255,19,GET /api/boats/1,200,OK,500 Utilisateurs simultanees 1-284,text,true,,1788,148,148,19
1784745220276,14,GET /api/boats,200,OK,500 Utilisateurs simultanees 1-385,text,true,,17251,148,148,14
1784745220305,4,GET /api/articles,200,OK,500 Utilisateurs simultanees 1-312,text,true,,9312,149,149,4
1784745220316,5,GET /api/articles,200,OK,500 Utilisateurs simultanees 1-308,text,true,,9312,149,149,5
1784745220321,8,GET /api/boats/1,200,OK,500 Utilisateurs simultanees 1-335,text,true,,1788,149,149,8
1784745220337,19,GET /api/boats,200,OK,500 Utilisateurs simultanees 1-393,text,true,,17251,149,149,19
1784745220344,20,GET /api/boats,200,OK,500 Utilisateurs simultanees 1-294,text,true,,17251,149,149,20
1784745220358,16,GET /api/boats,200,OK,500 Utilisateurs simultanees 1-398,text,true,,17251,149,149,16
1784745220372,9,GET /api/boats/1,200,OK,500 Utilisateurs simultanees 1-324,text,true,,1788,149,149,9
1784745220380,10,GET /api/boats/1,200,OK,500 Utilisateurs simultanees 1-369,text,true,,1788,149,149,10
1784745220403,4,GET /api/articles,200,OK,500 Utilisateurs simultanees 1-248,text,true,,9312,149,149,4
1784745220411,11,GET /api/articles,200,OK,500 Utilisateurs simultanees 1-301,text,true,,9312,148,148,11
1784745220412,13,GET /api/boats/1,200,OK,500 Utilisateurs simultanees 1-289,text,true,,1788,148,148,13
1784745220419,8,GET /api/articles,200,OK,500 Utilisateurs simultanees 1-349,text,true,,9312,148,148,8
1784745220425,43,GET /api/boats/1,200,OK,500 Utilisateurs simultanees 1-278,text,true,,1788,149,149,43
1784745220425,66,GET /api/boats,200,OK,500 Utilisateurs simultanees 1-395,text,true,,17251,149,149,66
1784745220446,48,GET /api/boats,200,OK,500 Utilisateurs simultanees 1-281,text,true,,17251,149,149,48
1784745220469,27,GET /api/boats/1,200,OK,500 Utilisateurs simultanees 1-280,text,true,,1788,149,149,27
1784745220448,63,GET /api/boats,200,OK,500 Utilisateurs simultanees 1-353,text,true,,17251,149,149,63
1784745220511,18,GET /api/boats,200,OK,500 Utilisateurs simultanees 1-336,text,true,,17251,149,149,18
1784745220512,21,GET /api/boats,200,OK,500 Utilisateurs simultanees 1-400,text,true,,17251,149,149,21
1784745220530,12,GET /api/boats/1,200,OK,500 Utilisateurs simultanees 1-383,text,true,,1788,149,149,12
1784745220521,23,GET /api/boats,200,OK,500 Utilisateurs simultanees 1-302,text,true,,17251,149,149,23
1784745220574,3,GET /api/articles,200,OK,500 Utilisateurs simultanees 1-311,text,true,,9312,150,150,3
1784745220592,3,GET /api/articles,200,OK,500 Utilisateurs simultanees 1-310,text,true,,9312,150,150,3
1784745220598,5,GET /api/articles,200,OK,500 Utilisateurs simultanees 1-348,text,true,,9312,150,150,5
1784745220617,6,GET /api/articles,200,OK,500 Utilisateurs simultanees 1-351,text,true,,9312,150,150,6
1784745220624,4,GET /api/articles,200,OK,500 Utilisateurs simultanees 1-354,text,true,,9312,150,150,4
1784745220626,11,GET /api/boats/1,200,OK,500 Utilisateurs simultanees 1-273,text,true,,1788,150,150,11
1784745220641,22,GET /api/boats,200,OK,500 Utilisateurs simultanees 1-344,text,true,,17251,151,151,22
1784745220645,26,GET /api/boats,200,OK,500 Utilisateurs simultanees 1-386,text,true,,17251,151,151,26
1784745220659,20,GET /api/boats,200,OK,500 Utilisateurs simultanees 1-388,text,true,,17251,151,151,20
1784745220673,8,GET /api/articles,200,OK,500 Utilisateurs simultanees 1-315,text,true,,9312,151,151,8
1784745220680,15,GET /api/boats/1,200,OK,500 Utilisateurs simultanees 1-328,text,true,,1788,151,151,15
1784745220678,27,GET /api/boats,200,OK,500 Utilisateurs simultanees 1-291,text,true,,17251,151,151,27
1784745220686,21,GET /api/boats/1,200,OK,500 Utilisateurs simultanees 1-279,text,true,,1788,151,151,21
1784745220686,29,GET /api/boats,200,OK,500 Utilisateurs simultanees 1-337,text,true,,17251,151,151,29
1784745220696,25,GET /api/articles,200,OK,500 Utilisateurs simultanees 1-314,text,true,,9312,151,151,25
1784745220705,32,GET /api/boats,200,OK,500 Utilisateurs simultanees 1-325,text,true,,17251,151,151,32
1784745220716,23,GET /api/boats/1,200,OK,500 Utilisateurs simultanees 1-382,text,true,,1788,151,151,23
1784745220695,48,GET /api/boats,200,OK,500 Utilisateurs simultanees 1-399,text,true,,17251,151,151,48
1784745220759,18,GET /api/boats,200,OK,500 Utilisateurs simultanees 1-340,text,true,,17251,151,151,18
1784745220772,9,GET /api/boats/1,200,OK,500 Utilisateurs simultanees 1-365,text,true,,1788,151,151,9
1784745220780,4,GET /api/articles,200,OK,500 Utilisateurs simultanees 1-300,text,true,,9312,152,152,4
1784745220783,5,GET /api/articles,200,OK,500 Utilisateurs simultanees 1-242,text,true,,9312,152,152,5
1784745220792,3,GET /api/articles,200,OK,500 Utilisateurs simultanees 1-306,text,true,,9312,151,151,3
1784745220788,16,GET /api/boats,200,OK,500 Utilisateurs simultanees 1-397,text,true,,17251,151,151,16
1784745220795,17,GET /api/boats,200,OK,500 Utilisateurs simultanees 1-355,text,true,,17251,151,151,16
1784745220805,8,GET /api/articles,200,OK,500 Utilisateurs simultanees 1-313,text,true,,9312,151,151,8
1784745220849,3,GET /api/articles,200,OK,500 Utilisateurs simultanees 1-327,text,true,,9312,151,151,3
1784745220853,7,GET /api/boats/1,200,OK,500 Utilisateurs simultanees 1-380,text,true,,1788,151,151,7
1784745220862,4,GET /api/articles,200,OK,500 Utilisateurs simultanees 1-247,text,true,,9312,151,151,4
1784745220859,16,GET /api/boats,200,OK,500 Utilisateurs simultanees 1-391,text,true,,17251,150,150,16
1784745220877,14,GET /api/boats,200,OK,500 Utilisateurs simultanees 1-347,text,true,,17251,150,150,14
1784745220885,9,GET /api/boats/1,200,OK,500 Utilisateurs simultanees 1-265,text,true,,1788,150,150,9
1784745220920,4,GET /api/articles,200,OK,500 Utilisateurs simultanees 1-367,text,true,,9312,151,151,4
1784745220920,11,GET /api/boats,200,OK,500 Utilisateurs simultanees 1-330,text,true,,17251,151,151,11
1784745220964,5,GET /api/articles,200,OK,500 Utilisateurs simultanees 1-253,text,true,,9312,151,151,5
1784745220979,5,GET /api/articles,200,OK,500 Utilisateurs simultanees 1-372,text,true,,9312,150,150,5
1784745220983,9,GET /api/boats/1,200,OK,500 Utilisateurs simultanees 1-333,text,true,,1788,150,150,9
1784745221004,7,GET /api/boats/1,200,OK,500 Utilisateurs simultanees 1-285,text,true,,1788,150,150,7
1784745221021,4,GET /api/articles,200,OK,500 Utilisateurs simultanees 1-363,text,true,,9312,151,151,4
1784745221030,13,GET /api/boats,200,OK,500 Utilisateurs simultanees 1-326,text,true,,17251,151,151,13
1784745221039,6,GET /api/articles,200,OK,500 Utilisateurs simultanees 1-362,text,true,,9312,151,151,6
1784745221045,4,GET /api/articles,200,OK,500 Utilisateurs simultanees 1-275,text,true,,9312,151,151,4
1784745221049,8,GET /api/boats/1,200,OK,500 Utilisateurs simultanees 1-332,text,true,,1788,150,150,8
1784745221061,4,GET /api/articles,200,OK,500 Utilisateurs simultanees 1-376,text,true,,9312,150,150,4
1784745221076,14,GET /api/boats,200,OK,500 Utilisateurs simultanees 1-322,text,true,,17251,150,150,14
1784745221096,13,GET /api/boats,200,OK,500 Utilisateurs simultanees 1-303,text,true,,17251,150,150,13
1784745221111,7,GET /api/boats/1,200,OK,500 Utilisateurs simultanees 1-283,text,true,,1788,150,150,7
1784745221124,3,GET /api/articles,200,OK,500 Utilisateurs simultanees 1-360,text,true,,9312,150,150,3
1784745221181,7,GET /api/articles,200,OK,500 Utilisateurs simultanees 1-319,text,true,,9312,151,151,7
1784745221194,50,GET /api/boats,200,OK,500 Utilisateurs simultanees 1-342,text,true,,17251,151,151,50
1784745221199,51,GET /api/boats,200,OK,500 Utilisateurs simultanees 1-352,text,true,,17251,151,151,51
1784745221220,34,GET /api/boats/1,200,OK,500 Utilisateurs simultanees 1-288,text,true,,1788,151,151,34
1784745221253,17,GET /api/boats/1,200,OK,500 Utilisateurs simultanees 1-343,text,true,,1788,152,152,17
1784745221279,8,GET /api/articles,200,OK,500 Utilisateurs simultanees 1-366,text,true,,9312,152,152,8
1784745221297,8,GET /api/articles,200,OK,500 Utilisateurs simultanees 1-250,text,true,,9312,152,152,8
1784745221330,10,GET /api/articles,200,OK,500 Utilisateurs simultanees 1-260,text,true,,9312,151,151,10
1784745221319,50,GET /api/boats,200,OK,500 Utilisateurs simultanees 1-392,text,true,,17251,150,150,50
1784745221351,23,GET /api/articles,200,OK,500 Utilisateurs simultanees 1-359,text,true,,9312,150,150,23
1784745221337,41,GET /api/boats/1,200,OK,500 Utilisateurs simultanees 1-276,text,true,,1788,150,150,41
1784745221402,16,GET /api/boats/1,200,OK,500 Utilisateurs simultanees 1-385,text,true,,1788,151,151,16
1784745221424,12,GET /api/articles,200,OK,500 Utilisateurs simultanees 1-317,text,true,,9312,151,151,12
1784745221414,26,GET /api/boats/1,200,OK,500 Utilisateurs simultanees 1-334,text,true,,1788,151,151,26
1784745221425,34,GET /api/boats,200,OK,500 Utilisateurs simultanees 1-345,text,true,,17251,151,151,34
1784745221451,16,GET /api/boats,200,OK,500 Utilisateurs simultanees 1-338,text,true,,17251,151,151,16
1784745221466,13,GET /api/boats,200,OK,500 Utilisateurs simultanees 1-271,text,true,,17251,151,151,13
1784745221521,7,GET /api/boats/1,200,OK,500 Utilisateurs simultanees 1-387,text,true,,1788,152,152,7
1784745221524,7,GET /api/boats/1,200,OK,500 Utilisateurs simultanees 1-290,text,true,,1788,152,152,7
1784745221582,6,GET /api/articles,200,OK,500 Utilisateurs simultanees 1-256,text,true,,9312,152,152,6
1784745221638,7,GET /api/articles,200,OK,500 Utilisateurs simultanees 1-383,text,true,,9312,152,152,7
1784745221635,14,GET /api/boats/1,200,OK,500 Utilisateurs simultanees 1-293,text,true,,1788,152,152,14
1784745221645,12,GET /api/articles,200,OK,500 Utilisateurs simultanees 1-316,text,true,,9312,152,152,12
1784745221650,15,GET /api/boats/1,200,OK,500 Utilisateurs simultanees 1-398,text,true,,1788,152,152,15
1784745221671,53,GET /api/boats,200,OK,500 Utilisateurs simultanees 1-404,text,true,,17251,152,152,53
1784745221678,51,GET /api/boats,200,OK,500 Utilisateurs simultanees 1-351,text,true,,17251,152,152,51
1784745221687,48,GET /api/boats,200,OK,500 Utilisateurs simultanees 1-341,text,true,,17251,152,152,48
1784745221741,37,GET /api/boats/1,200,OK,500 Utilisateurs simultanees 1-323,text,true,,1788,153,153,37
1784745221735,65,GET /api/boats,200,OK,500 Utilisateurs simultanees 1-364,text,true,,17251,153,153,65
1784745221771,55,GET /api/articles,200,OK,500 Utilisateurs simultanees 1-370,text,true,,9312,153,153,55
1784745221773,55,GET /api/articles,200,OK,500 Utilisateurs simultanees 1-320,text,true,,9312,153,153,55
1784745221785,46,GET /api/boats/1,200,OK,500 Utilisateurs simultanees 1-262,text,true,,1788,153,153,46
1784745221750,86,GET /api/boats,200,OK,500 Utilisateurs simultanees 1-357,text,true,,17251,153,153,86
1784745221834,8,GET /api/articles,200,OK,500 Utilisateurs simultanees 1-369,text,true,,9312,153,153,8
1784745221828,20,GET /api/boats,200,OK,500 Utilisateurs simultanees 1-296,text,true,,17251,153,153,20
1784745221854,3,GET /api/articles,200,OK,500 Utilisateurs simultanees 1-278,text,true,,9312,153,153,3
1784745221855,5,GET /api/boats/1,200,OK,500 Utilisateurs simultanees 1-299,text,true,,1788,152,152,5
1784745221862,13,GET /api/boats,200,OK,500 Utilisateurs simultanees 1-304,text,true,,17251,153,153,13
1784745221859,19,GET /api/boats,200,OK,500 Utilisateurs simultanees 1-301,text,true,,17251,153,153,19
1784745221886,17,GET /api/boats/1,200,OK,500 Utilisateurs simultanees 1-282,text,true,,1788,153,153,17
1784745221888,31,GET /api/boats,200,OK,500 Utilisateurs simultanees 1-405,text,true,,17251,153,153,30
1784745221888,34,GET /api/boats,200,OK,500 Utilisateurs simultanees 1-402,text,true,,17251,153,153,34
1784745221910,13,GET /api/articles,200,OK,500 Utilisateurs simultanees 1-289,text,true,,9312,153,153,13
1784745221933,3,GET /api/articles,200,OK,500 Utilisateurs simultanees 1-272,text,true,,9312,152,152,3
1784745221947,5,GET /api/boats/1,200,OK,500 Utilisateurs simultanees 1-390,text,true,,1788,151,151,5
1784745221958,3,GET /api/articles,200,OK,500 Utilisateurs simultanees 1-277,text,true,,9312,151,151,3
1784745221978,10,GET /api/boats/1,200,OK,500 Utilisateurs simultanees 1-355,text,true,,1788,151,151,10
1784745221985,7,GET /api/articles,200,OK,500 Utilisateurs simultanees 1-324,text,true,,9312,151,151,7
1784745222019,21,GET /api/boats,200,OK,500 Utilisateurs simultanees 1-315,text,true,,17251,151,151,21
1784745222027,17,GET /api/articles,200,OK,500 Utilisateurs simultanees 1-379,text,true,,9312,151,151,17
1784745222062,6,GET /api/articles,200,OK,500 Utilisateurs simultanees 1-377,text,true,,9312,151,151,6
1784745222071,31,GET /api/boats,200,OK,500 Utilisateurs simultanees 1-350,text,true,,17251,152,152,31
1784745222081,45,GET /api/boats,200,OK,500 Utilisateurs simultanees 1-372,text,true,,17251,152,152,45
1784745222093,39,GET /api/boats/1,200,OK,500 Utilisateurs simultanees 1-336,text,true,,1788,152,152,39
1784745222098,40,GET /api/articles,200,OK,500 Utilisateurs simultanees 1-331,text,true,,9312,152,152,40
1784745222114,29,GET /api/articles,200,OK,500 Utilisateurs simultanees 1-333,text,true,,9312,152,152,28
1784745222134,10,GET /api/articles,200,OK,500 Utilisateurs simultanees 1-321,text,true,,9312,152,152,10
1784745222147,11,GET /api/boats,200,OK,500 Utilisateurs simultanees 1-403,text,true,,17251,152,152,10
1784745222164,18,GET /api/boats/1,200,OK,500 Utilisateurs simultanees 1-297,text,true,,1788,152,152,18
1784745222158,29,GET /api/boats,200,OK,500 Utilisateurs simultanees 1-313,text,true,,17251,152,152,29
1784745222179,19,GET /api/boats/1,200,OK,500 Utilisateurs simultanees 1-400,text,true,,1788,152,152,19
1784745222215,3,GET /api/articles,200,OK,500 Utilisateurs simultanees 1-273,text,true,,9312,152,152,3
1784745222221,13,GET /api/boats,200,OK,500 Utilisateurs simultanees 1-300,text,true,,17251,152,152,13
1784745222228,8,GET /api/boats/1,200,OK,500 Utilisateurs simultanees 1-266,text,true,,1788,152,152,8
1784745222231,11,GET /api/boats,200,OK,500 Utilisateurs simultanees 1-407,text,true,,17251,152,152,11
1784745222244,7,GET /api/boats/1,200,OK,500 Utilisateurs simultanees 1-325,text,true,,1788,152,152,7
1784745222266,5,GET /api/boats/1,200,OK,500 Utilisateurs simultanees 1-274,text,true,,1788,152,152,5
1784745222267,5,GET /api/boats/1,200,OK,500 Utilisateurs simultanees 1-302,text,true,,1788,152,152,5
1784745222271,10,GET /api/boats,200,OK,500 Utilisateurs simultanees 1-298,text,true,,17251,152,152,10
1784745222283,11,GET /api/boats,200,OK,500 Utilisateurs simultanees 1-409,text,true,,17251,152,152,10
1784745222288,9,GET /api/articles,200,OK,500 Utilisateurs simultanees 1-279,text,true,,9312,152,152,9
1784745222291,9,GET /api/boats/1,200,OK,500 Utilisateurs simultanees 1-264,text,true,,1788,151,151,9
1784745222297,5,GET /api/articles,200,OK,500 Utilisateurs simultanees 1-284,text,true,,9312,151,151,4
1784745222305,10,GET /api/boats,200,OK,500 Utilisateurs simultanees 1-361,text,true,,17251,150,150,10
1784745222309,8,GET /api/articles,200,OK,500 Utilisateurs simultanees 1-332,text,true,,9312,150,150,8
1784745222317,9,GET /api/boats,200,OK,500 Utilisateurs simultanees 1-358,text,true,,17251,150,150,8
1784745222321,7,GET /api/boats/1,200,OK,500 Utilisateurs simultanees 1-394,text,true,,1788,150,150,7
1784745222333,12,GET /api/articles,200,OK,500 Utilisateurs simultanees 1-368,text,true,,9312,151,151,12
1784745222338,11,GET /api/articles,200,OK,500 Utilisateurs simultanees 1-267,text,true,,9312,151,151,11
1784745222333,24,GET /api/boats,200,OK,500 Utilisateurs simultanees 1-346,text,true,,17251,150,150,24
1784745222339,20,GET /api/articles,200,OK,500 Utilisateurs simultanees 1-371,text,true,,9312,150,150,20
1784745222333,32,GET /api/boats,200,OK,500 Utilisateurs simultanees 1-306,text,true,,17251,150,150,32
1784745222354,15,GET /api/boats/1,200,OK,500 Utilisateurs simultanees 1-378,text,true,,1788,150,150,15
1784745222353,24,GET /api/boats,200,OK,500 Utilisateurs simultanees 1-414,text,true,,17251,150,150,24
1784745222378,6,GET /api/articles,200,OK,500 Utilisateurs simultanees 1-328,text,true,,9312,150,150,5
1784745222392,19,GET /api/boats,200,OK,500 Utilisateurs simultanees 1-295,text,true,,17251,150,150,19
1784745222399,13,GET /api/articles,200,OK,500 Utilisateurs simultanees 1-265,text,true,,9312,150,150,13
1784745222401,14,GET /api/boats/1,200,OK,500 Utilisateurs simultanees 1-330,text,true,,1788,149,149,14
1784745222397,21,GET /api/boats,200,OK,500 Utilisateurs simultanees 1-269,text,true,,17251,149,149,21
1784745222412,22,GET /api/boats,200,OK,500 Utilisateurs simultanees 1-366,text,true,,17251,149,149,21
1784745222418,18,GET /api/boats,200,OK,500 Utilisateurs simultanees 1-310,text,true,,17251,149,149,18
1784745222448,4,GET /api/articles,200,OK,500 Utilisateurs simultanees 1-329,text,true,,9312,149,149,4
1784745222470,4,GET /api/articles,200,OK,500 Utilisateurs simultanees 1-335,text,true,,9312,150,150,3
1784745222480,21,GET /api/boats,200,OK,500 Utilisateurs simultanees 1-319,text,true,,17251,150,150,21
1784745222481,25,GET /api/boats,200,OK,500 Utilisateurs simultanees 1-401,text,true,,17251,150,150,25
1784745222496,13,GET /api/boats/1,200,OK,500 Utilisateurs simultanees 1-352,text,true,,1788,150,150,13
1784745222501,10,GET /api/articles,200,OK,500 Utilisateurs simultanees 1-334,text,true,,9312,150,150,10
1784745222518,4,GET /api/articles,200,OK,500 Utilisateurs simultanees 1-307,text,true,,9312,150,150,4
1784745222538,11,GET /api/boats/1,200,OK,500 Utilisateurs simultanees 1-384,text,true,,1788,150,150,11
1784745222538,13,GET /api/boats/1,200,OK,500 Utilisateurs simultanees 1-389,text,true,,1788,150,150,13
1784745222530,24,GET /api/boats,200,OK,500 Utilisateurs simultanees 1-376,text,true,,17251,150,150,24
1784745222547,16,GET /api/boats/1,200,OK,500 Utilisateurs simultanees 1-345,text,true,,1788,150,150,16
1784745222559,10,GET /api/boats/1,200,OK,500 Utilisateurs simultanees 1-356,text,true,,1788,150,150,10
1784745222594,13,GET /api/boats/1,200,OK,500 Utilisateurs simultanees 1-339,text,true,,1788,151,151,13
1784745222596,18,GET /api/boats/1,200,OK,500 Utilisateurs simultanees 1-381,text,true,,1788,151,151,18
1784745222605,17,GET /api/boats/1,200,OK,500 Utilisateurs simultanees 1-287,text,true,,1788,151,151,16
1784745222612,16,GET /api/boats/1,200,OK,500 Utilisateurs simultanees 1-337,text,true,,1788,151,151,16
1784745222623,14,GET /api/boats/1,200,OK,500 Utilisateurs simultanees 1-391,text,true,,1788,151,151,14
1784745222672,13,GET /api/boats/1,200,OK,500 Utilisateurs simultanees 1-392,text,true,,1788,151,151,13
1784745222686,5,GET /api/articles,200,OK,500 Utilisateurs simultanees 1-398,text,true,,9312,151,151,5
1784745222695,22,GET /api/boats,200,OK,500 Utilisateurs simultanees 1-327,text,true,,17251,152,152,22
1784745222714,20,GET /api/boats,200,OK,500 Utilisateurs simultanees 1-312,text,true,,17251,152,152,20
1784745222733,12,GET /api/boats,200,OK,500 Utilisateurs simultanees 1-314,text,true,,17251,152,152,12
1784745222772,5,GET /api/articles,200,OK,500 Utilisateurs simultanees 1-374,text,true,,9312,152,152,4
1784745222773,7,GET /api/boats/1,200,OK,500 Utilisateurs simultanees 1-351,text,true,,1788,152,152,7
1784745222784,15,GET /api/boats,200,OK,500 Utilisateurs simultanees 1-415,text,true,,17251,152,152,14
1784745222807,14,GET /api/boats,200,OK,500 Utilisateurs simultanees 1-417,text,true,,17251,152,152,13
1784745222827,9,GET /api/articles,200,OK,500 Utilisateurs simultanees 1-293,text,true,,9312,153,153,8
1784745222822,16,GET /api/boats,200,OK,500 Utilisateurs simultanees 1-305,text,true,,17251,152,152,16
1784745222841,13,GET /api/boats,200,OK,500 Utilisateurs simultanees 1-363,text,true,,17251,152,152,13
1784745222855,15,GET /api/boats,200,OK,500 Utilisateurs simultanees 1-383,text,true,,17251,152,152,15
1784745222863,8,GET /api/articles,200,OK,500 Utilisateurs simultanees 1-290,text,true,,9312,152,152,8
1784745222870,8,GET /api/boats/1,200,OK,500 Utilisateurs simultanees 1-271,text,true,,1788,151,151,8
1784745222920,3,GET /api/articles,200,OK,500 Utilisateurs simultanees 1-373,text,true,,9312,151,151,3
1784745222933,3,GET /api/articles,200,OK,500 Utilisateurs simultanees 1-318,text,true,,9312,151,151,3
1784745222970,13,GET /api/articles,200,OK,500 Utilisateurs simultanees 1-309,text,true,,9312,152,152,13
1784745222977,32,GET /api/boats/1,200,OK,500 Utilisateurs simultanees 1-281,text,true,,1788,151,151,32
1784745222967,47,GET /api/boats,200,OK,500 Utilisateurs simultanees 1-375,text,true,,17251,151,151,47
1784745222985,38,GET /api/boats/1,200,OK,500 Utilisateurs simultanees 1-296,text,true,,1788,151,151,38
1784745222971,56,GET /api/boats,200,OK,500 Utilisateurs simultanees 1-408,text,true,,17251,151,151,56
1784745222999,34,GET /api/boats/1,200,OK,500 Utilisateurs simultanees 1-395,text,true,,1788,151,151,34
1784745223027,13,GET /api/articles,200,OK,500 Utilisateurs simultanees 1-380,text,true,,9312,151,151,13
1784745223040,20,GET /api/boats/1,200,OK,500 Utilisateurs simultanees 1-303,text,true,,1788,151,151,20
1784745223043,27,GET /api/boats/1,200,OK,500 Utilisateurs simultanees 1-399,text,true,,1788,152,152,27
1784745223057,21,GET /api/boats/1,200,OK,500 Utilisateurs simultanees 1-396,text,true,,1788,152,152,21
1784745223044,42,GET /api/boats,200,OK,500 Utilisateurs simultanees 1-370,text,true,,17251,152,152,42
1784745223091,6,GET /api/articles,200,OK,500 Utilisateurs simultanees 1-299,text,true,,9312,152,152,6
1784745223084,18,GET /api/boats/1,200,OK,500 Utilisateurs simultanees 1-301,text,true,,1788,151,151,18
1784745223098,17,GET /api/boats/1,200,OK,500 Utilisateurs simultanees 1-388,text,true,,1788,151,151,17
1784745223114,28,GET /api/boats,200,OK,500 Utilisateurs simultanees 1-406,text,true,,17251,151,151,28
1784745223147,8,GET /api/articles,200,OK,500 Utilisateurs simultanees 1-288,text,true,,9312,151,151,8
1784745223170,17,GET /api/boats/1,200,OK,500 Utilisateurs simultanees 1-326,text,true,,1788,151,151,17
1784745223165,25,GET /api/boats,200,OK,500 Utilisateurs simultanees 1-308,text,true,,17251,151,151,24
1784745223198,7,GET /api/boats/1,200,OK,500 Utilisateurs simultanees 1-291,text,true,,1788,151,151,7
1784745223204,8,GET /api/boats/1,200,OK,500 Utilisateurs simultanees 1-286,text,true,,1788,151,151,8
1784745223205,9,GET /api/boats/1,200,OK,500 Utilisateurs simultanees 1-404,text,true,,1788,151,151,9
1784745223217,13,GET /api/boats,200,OK,500 Utilisateurs simultanees 1-410,text,true,,17251,151,151,13
1784745223246,13,GET /api/boats,200,OK,500 Utilisateurs simultanees 1-411,text,true,,17251,151,151,13
1784745223273,8,GET /api/boats/1,200,OK,500 Utilisateurs simultanees 1-393,text,true,,1788,151,151,8
1784745223288,4,GET /api/articles,200,OK,500 Utilisateurs simultanees 1-285,text,true,,9312,151,151,4
1784745223288,8,GET /api/boats/1,200,OK,500 Utilisateurs simultanees 1-294,text,true,,1788,150,150,8
1784745223329,14,GET /api/boats/1,200,OK,500 Utilisateurs simultanees 1-347,text,true,,1788,151,151,14
1784745223334,32,GET /api/boats,200,OK,500 Utilisateurs simultanees 1-348,text,true,,17251,151,151,31
1784745223362,46,GET /api/boats/1,200,OK,500 Utilisateurs simultanees 1-353,text,true,,1788,151,151,46
1784745223375,39,GET /api/articles,200,OK,500 Utilisateurs simultanees 1-365,text,true,,9312,151,151,39
1784745223383,61,GET /api/articles,200,OK,500 Utilisateurs simultanees 1-280,text,true,,9312,152,152,61
1784745223380,73,GET /api/boats/1,200,OK,500 Utilisateurs simultanees 1-386,text,true,,1788,151,151,73
1784745223368,91,GET /api/boats,200,OK,500 Utilisateurs simultanees 1-349,text,true,,17251,151,151,91
1784745223393,77,GET /api/boats/1,200,OK,500 Utilisateurs simultanees 1-358,text,true,,1788,151,151,77
1784745223436,53,GET /api/boats/1,200,OK,500 Utilisateurs simultanees 1-403,text,true,,1788,151,151,53
1784745223443,48,GET /api/articles,200,OK,500 Utilisateurs simultanees 1-297,text,true,,9312,151,151,48
1784745223398,102,GET /api/boats,200,OK,500 Utilisateurs simultanees 1-317,text,true,,17251,150,150,102
1784745223437,67,GET /api/boats,200,OK,500 Utilisateurs simultanees 1-321,text,true,,17251,150,150,67
1784745223456,51,GET /api/boats/1,200,OK,500 Utilisateurs simultanees 1-322,text,true,,1788,150,150,51
1784745223467,48,GET /api/boats/1,200,OK,500 Utilisateurs simultanees 1-344,text,true,,1788,150,150,48
1784745223484,36,GET /api/boats/1,200,OK,500 Utilisateurs simultanees 1-397,text,true,,1788,150,150,36
1784745223457,65,GET /api/boats,200,OK,500 Utilisateurs simultanees 1-311,text,true,,17251,150,150,65
1784745223463,62,GET /api/boats,200,OK,500 Utilisateurs simultanees 1-354,text,true,,17251,150,150,62
1784745223504,24,GET /api/articles,200,OK,500 Utilisateurs simultanees 1-382,text,true,,9312,150,150,24
1784745223466,66,GET /api/boats,200,OK,500 Utilisateurs simultanees 1-416,text,true,,17251,150,150,66
1784745223528,14,GET /api/boats/1,200,OK,500 Utilisateurs simultanees 1-340,text,true,,1788,151,151,14
1784745223514,30,GET /api/boats,200,OK,500 Utilisateurs simultanees 1-371,text,true,,17251,151,151,30
1784745223537,10,GET /api/boats/1,200,OK,500 Utilisateurs simultanees 1-402,text,true,,1788,151,151,10
1784745223563,7,GET /api/boats/1,200,OK,500 Utilisateurs simultanees 1-361,text,true,,1788,151,151,7
1784745223583,4,GET /api/articles,200,OK,500 Utilisateurs simultanees 1-352,text,true,,9312,151,151,4
1784745223609,12,GET /api/boats,200,OK,500 Utilisateurs simultanees 1-368,text,true,,17251,151,151,12
1784745223609,13,GET /api/boats,200,OK,500 Utilisateurs simultanees 1-412,text,true,,17251,151,151,13
1784745223625,9,GET /api/boats,200,OK,500 Utilisateurs simultanees 1-362,text,true,,17251,151,151,9
1784745223646,5,GET /api/articles,200,OK,500 Utilisateurs simultanees 1-385,text,true,,9312,151,151,5
1784745223644,8,GET /api/boats/1,200,OK,500 Utilisateurs simultanees 1-304,text,true,,1788,151,151,8
1784745223670,5,GET /api/articles,200,OK,500 Utilisateurs simultanees 1-336,text,true,,9312,152,152,5
1784745223671,14,GET /api/boats,200,OK,500 Utilisateurs simultanees 1-419,text,true,,17251,152,152,14
1784745223715,6,GET /api/articles,200,OK,500 Utilisateurs simultanees 1-262,text,true,,9312,152,152,6
1784745223718,13,GET /api/boats/1,200,OK,500 Utilisateurs simultanees 1-401,text,true,,1788,151,151,13
1784745223716,18,GET /api/boats,200,OK,500 Utilisateurs simultanees 1-418,text,true,,17251,151,151,18
1784745223741,4,GET /api/articles,200,OK,500 Utilisateurs simultanees 1-274,text,true,,9312,151,151,4
1784745223759,13,GET /api/boats,200,OK,500 Utilisateurs simultanees 1-332,text,true,,17251,150,150,13
1784745223775,9,GET /api/boats/1,200,OK,500 Utilisateurs simultanees 1-342,text,true,,1788,151,151,9
1784745223772,17,GET /api/boats,200,OK,500 Utilisateurs simultanees 1-369,text,true,,17251,151,151,16
1784745223782,15,GET /api/boats,200,OK,500 Utilisateurs simultanees 1-359,text,true,,17251,151,151,14
1784745223806,8,GET /api/boats/1,200,OK,500 Utilisateurs simultanees 1-319,text,true,,1788,151,151,8
1784745223807,17,GET /api/boats,200,OK,500 Utilisateurs simultanees 1-421,text,true,,17251,151,151,17
1784745223818,8,GET /api/articles,200,OK,500 Utilisateurs simultanees 1-337,text,true,,9312,151,151,8
1784745223818,10,GET /api/boats/1,200,OK,500 Utilisateurs simultanees 1-269,text,true,,1788,151,151,10
1784745223864,16,GET /api/boats,200,OK,500 Utilisateurs simultanees 1-367,text,true,,17251,151,151,16
1784745223891,7,GET /api/articles,200,OK,500 Utilisateurs simultanees 1-345,text,true,,9312,151,151,7
1784745223931,20,GET /api/boats/1,200,OK,500 Utilisateurs simultanees 1-364,text,true,,1788,152,152,20
1784745223946,23,GET /api/articles,200,OK,500 Utilisateurs simultanees 1-283,text,true,,9312,152,152,23
1784745223947,25,GET /api/articles,200,OK,500 Utilisateurs simultanees 1-356,text,true,,9312,151,151,25
1784745223934,49,GET /api/boats,200,OK,500 Utilisateurs simultanees 1-377,text,true,,17251,151,151,49
1784745223960,55,GET /api/boats,200,OK,500 Utilisateurs simultanees 1-320,text,true,,17251,151,151,55
1784745223972,51,GET /api/boats,200,OK,500 Utilisateurs simultanees 1-334,text,true,,17251,152,152,51
1784745223977,53,GET /api/boats,200,OK,500 Utilisateurs simultanees 1-413,text,true,,17251,152,152,53
1784745223991,43,GET /api/boats,200,OK,500 Utilisateurs simultanees 1-426,text,true,,17251,152,152,43
1784745224078,7,GET /api/boats/1,200,OK,500 Utilisateurs simultanees 1-341,text,true,,1788,152,152,7
1784745224091,4,GET /api/articles,200,OK,500 Utilisateurs simultanees 1-343,text,true,,9312,152,152,4
1784745224094,10,GET /api/boats/1,200,OK,500 Utilisateurs simultanees 1-314,text,true,,1788,152,152,10
1784745224101,5,GET /api/articles,200,OK,500 Utilisateurs simultanees 1-391,text,true,,9312,152,152,5
1784745224095,19,GET /api/boats,200,OK,500 Utilisateurs simultanees 1-328,text,true,,17251,152,152,19
1784745224121,11,GET /api/articles,200,OK,500 Utilisateurs simultanees 1-355,text,true,,9312,152,152,11
1784745224114,27,GET /api/boats,200,OK,500 Utilisateurs simultanees 1-360,text,true,,17251,153,153,27
1784745224122,21,GET /api/articles,200,OK,500 Utilisateurs simultanees 1-400,text,true,,9312,153,153,21
1784745224124,25,GET /api/articles,200,OK,500 Utilisateurs simultanees 1-264,text,true,,9312,153,153,25
1784745224118,35,GET /api/boats,200,OK,500 Utilisateurs simultanees 1-428,text,true,,17251,152,152,35
1784745224133,24,GET /api/boats/1,200,OK,500 Utilisateurs simultanees 1-327,text,true,,1788,152,152,24
1784745224143,19,GET /api/boats/1,200,OK,500 Utilisateurs simultanees 1-366,text,true,,1788,152,152,19
1784745224174,10,GET /api/boats/1,200,OK,500 Utilisateurs simultanees 1-312,text,true,,1788,152,152,10
1784745224178,10,GET /api/boats/1,200,OK,500 Utilisateurs simultanees 1-406,text,true,,1788,152,152,10
1784745224195,14,GET /api/boats/1,200,OK,500 Utilisateurs simultanees 1-375,text,true,,1788,152,152,14
1784745224194,21,GET /api/boats,200,OK,500 Utilisateurs simultanees 1-318,text,true,,17251,152,152,21
1784745224219,18,GET /api/boats,200,OK,500 Utilisateurs simultanees 1-398,text,true,,17251,152,152,18
1784745224230,9,GET /api/articles,200,OK,500 Utilisateurs simultanees 1-325,text,true,,9312,152,152,9
1784745224231,10,GET /api/articles,200,OK,500 Utilisateurs simultanees 1-291,text,true,,9312,151,151,10
1784745224290,5,GET /api/articles,200,OK,500 Utilisateurs simultanees 1-276,text,true,,9312,151,151,5
1784745224305,18,GET /api/boats/1,200,OK,500 Utilisateurs simultanees 1-357,text,true,,1788,150,150,18
1784745224313,25,GET /api/boats/1,200,OK,500 Utilisateurs simultanees 1-376,text,true,,1788,150,150,25
1784745224308,39,GET /api/boats,200,OK,500 Utilisateurs simultanees 1-429,text,true,,17251,150,150,39
1784745224334,26,GET /api/boats/1,200,OK,500 Utilisateurs simultanees 1-313,text,true,,1788,150,150,26
1784745224318,54,GET /api/boats,200,OK,500 Utilisateurs simultanees 1-335,text,true,,17251,150,150,54
1784745224355,20,GET /api/boats/1,200,OK,500 Utilisateurs simultanees 1-405,text,true,,1788,150,150,20
1784745224382,7,GET /api/articles,200,OK,500 Utilisateurs simultanees 1-390,text,true,,9312,151,151,7
1784745224401,13,GET /api/articles,200,OK,500 Utilisateurs simultanees 1-326,text,true,,9312,151,151,13
1784745224401,31,GET /api/boats/1,200,OK,500 Utilisateurs simultanees 1-338,text,true,,1788,150,150,31
1784745224408,30,GET /api/articles,200,OK,500 Utilisateurs simultanees 1-287,text,true,,9312,150,150,30
1784745224417,30,GET /api/articles,200,OK,500 Utilisateurs simultanees 1-395,text,true,,9312,149,149,30
1784745224414,37,GET /api/boats/1,200,OK,500 Utilisateurs simultanees 1-407,text,true,,1788,149,149,37
1784745224420,39,GET /api/boats/1,200,OK,500 Utilisateurs simultanees 1-298,text,true,,1788,149,149,39
1784745224429,34,GET /api/articles,200,OK,500 Utilisateurs simultanees 1-387,text,true,,9312,149,149,34
1784745224441,26,GET /api/boats/1,200,OK,500 Utilisateurs simultanees 1-417,text,true,,1788,149,149,26
1784745224448,23,GET /api/boats/1,200,OK,500 Utilisateurs simultanees 1-300,text,true,,1788,149,149,23
1784745224459,20,GET /api/boats/1,200,OK,500 Utilisateurs simultanees 1-383,text,true,,1788,149,149,20
1784745224454,31,GET /api/boats,200,OK,500 Utilisateurs simultanees 1-316,text,true,,17251,149,149,31
1784745224468,20,GET /api/boats,200,OK,500 Utilisateurs simultanees 1-333,text,true,,17251,149,149,20
1784745224500,3,GET /api/articles,200,OK,500 Utilisateurs simultanees 1-281,text,true,,9312,150,150,3
1784745224520,6,GET /api/boats/1,200,OK,500 Utilisateurs simultanees 1-414,text,true,,1788,149,149,6
1784745224523,5,GET /api/articles,200,OK,500 Utilisateurs simultanees 1-282,text,true,,9312,149,149,5
1784745224526,8,GET /api/boats/1,200,OK,500 Utilisateurs simultanees 1-350,text,true,,1788,148,148,8
1784745224563,10,GET /api/boats,200,OK,500 Utilisateurs simultanees 1-331,text,true,,17251,148,148,9
1784745224611,3,GET /api/articles,200,OK,500 Utilisateurs simultanees 1-322,text,true,,9312,148,148,3
1784745224616,3,GET /api/articles,200,OK,500 Utilisateurs simultanees 1-303,text,true,,9312,149,149,3
1784745224651,4,GET /api/articles,200,OK,500 Utilisateurs simultanees 1-381,text,true,,9312,148,148,4
1784745224680,8,GET /api/articles,200,OK,500 Utilisateurs simultanees 1-323,text,true,,9312,148,148,8
1784745224685,20,GET /api/boats/1,200,OK,500 Utilisateurs simultanees 1-315,text,true,,1788,148,148,20
1784745224691,33,GET /api/boats,200,OK,500 Utilisateurs simultanees 1-329,text,true,,17251,148,148,33
1784745224729,10,GET /api/articles,200,OK,500 Utilisateurs simultanees 1-358,text,true,,9312,149,149,10
1784745224725,62,GET /api/boats,200,OK,500 Utilisateurs simultanees 1-324,text,true,,17251,149,149,62
1784745224752,38,GET /api/boats/1,200,OK,500 Utilisateurs simultanees 1-415,text,true,,1788,149,149,38
1784745224736,62,GET /api/boats,200,OK,500 Utilisateurs simultanees 1-374,text,true,,17251,149,149,62
1784745224737,89,GET /api/boats,200,OK,500 Utilisateurs simultanees 1-425,text,true,,17251,149,149,89
1784745224799,48,GET /api/boats/1,200,OK,500 Utilisateurs simultanees 1-346,text,true,,1788,149,149,48
1784745224816,35,GET /api/articles,200,OK,500 Utilisateurs simultanees 1-339,text,true,,9312,149,149,35
1784745224819,36,GET /api/articles,200,OK,500 Utilisateurs simultanees 1-330,text,true,,9312,149,149,36
1784745224793,78,GET /api/boats,200,OK,500 Utilisateurs simultanees 1-379,text,true,,17251,150,150,78
1784745224841,48,GET /api/boats/1,200,OK,500 Utilisateurs simultanees 1-370,text,true,,1788,150,150,48
1784745224882,35,GET /api/articles,200,OK,500 Utilisateurs simultanees 1-394,text,true,,9312,150,150,35
1784745224846,77,GET /api/boats,200,OK,500 Utilisateurs simultanees 1-352,text,true,,17251,150,150,77
1784745224835,96,GET /api/boats,200,OK,500 Utilisateurs simultanees 1-420,text,true,,17251,150,150,96
1784745224913,39,GET /api/boats/1,200,OK,500 Utilisateurs simultanees 1-416,text,true,,1788,150,150,39
1784745224942,15,GET /api/articles,200,OK,500 Utilisateurs simultanees 1-271,text,true,,9312,150,150,15
1784745224925,37,GET /api/boats/1,200,OK,500 Utilisateurs simultanees 1-332,text,true,,1788,149,149,37
1784745224957,16,GET /api/articles,200,OK,500 Utilisateurs simultanees 1-378,text,true,,9312,149,149,16
1784745224976,39,GET /api/boats,200,OK,500 Utilisateurs simultanees 1-422,text,true,,17251,150,150,39
1784745225007,26,GET /api/boats/1,200,OK,500 Utilisateurs simultanees 1-372,text,true,,1788,150,150,26
1784745225020,17,GET /api/boats/1,200,OK,500 Utilisateurs simultanees 1-310,text,true,,1788,150,150,17
1784745225047,21,GET /api/boats/1,200,OK,500 Utilisateurs simultanees 1-354,text,true,,1788,150,150,21
1784745225065,37,GET /api/articles,200,OK,500 Utilisateurs simultanees 1-266,text,true,,9312,151,151,37
1784745225073,53,GET /api/boats/1,200,OK,500 Utilisateurs simultanees 1-368,text,true,,1788,150,150,53
1784745225089,44,GET /api/articles,200,OK,500 Utilisateurs simultanees 1-401,text,true,,9312,150,150,44
1784745225098,57,GET /api/boats/1,200,OK,500 Utilisateurs simultanees 1-409,text,true,,1788,150,150,57
1784745225084,86,GET /api/boats,200,OK,500 Utilisateurs simultanees 1-427,text,true,,17251,150,150,86
1784745225116,58,GET /api/articles,200,OK,500 Utilisateurs simultanees 1-393,text,true,,9312,150,150,58
1784745225142,40,GET /api/articles,200,OK,500 Utilisateurs simultanees 1-386,text,true,,9312,150,150,40
1784745225146,42,GET /api/boats/1,200,OK,500 Utilisateurs simultanees 1-305,text,true,,1788,150,150,42
1784745225182,22,GET /api/articles,200,OK,500 Utilisateurs simultanees 1-294,text,true,,9312,150,150,22
1784745225182,33,GET /api/boats/1,200,OK,500 Utilisateurs simultanees 1-419,text,true,,1788,149,149,33
1784745225183,36,GET /api/boats/1,200,OK,500 Utilisateurs simultanees 1-306,text,true,,1788,150,150,36
1784745225215,26,GET /api/articles,200,OK,500 Utilisateurs simultanees 1-384,text,true,,9312,150,150,26
1784745225204,49,GET /api/boats,200,OK,500 Utilisateurs simultanees 1-373,text,true,,17251,150,150,49
1784745225216,55,GET /api/boats,200,OK,500 Utilisateurs simultanees 1-423,text,true,,17251,150,150,55
1784745225241,36,GET /api/boats/1,200,OK,500 Utilisateurs simultanees 1-377,text,true,,1788,150,150,36
1784745225244,36,GET /api/articles,200,OK,500 Utilisateurs simultanees 1-406,text,true,,9312,150,150,36
1784745225262,20,GET /api/articles,200,OK,500 Utilisateurs simultanees 1-302,text,true,,9312,150,150,20
1784745225292,28,GET /api/boats,200,OK,500 Utilisateurs simultanees 1-424,text,true,,17251,149,149,28
1784745225318,18,GET /api/articles,200,OK,500 Utilisateurs simultanees 1-399,text,true,,9312,149,149,18
1784745225300,38,GET /api/boats/1,200,OK,500 Utilisateurs simultanees 1-411,text,true,,1788,149,149,38
1784745225323,17,GET /api/articles,200,OK,500 Utilisateurs simultanees 1-301,text,true,,9312,150,150,17
1784745225319,22,GET /api/boats/1,200,OK,500 Utilisateurs simultanees 1-367,text,true,,1788,149,149,22
1784745225341,14,GET /api/boats,200,OK,500 Utilisateurs simultanees 1-436,text,true,,17251,149,149,14
1784745225348,13,GET /api/boats,200,OK,500 Utilisateurs simultanees 1-380,text,true,,17251,149,149,13
1784745225371,6,GET /api/articles,200,OK,500 Utilisateurs simultanees 1-404,text,true,,9312,149,149,6
1784745225386,20,GET /api/boats/1,200,OK,500 Utilisateurs simultanees 1-295,text,true,,1788,149,149,20
1784745225397,20,GET /api/boats/1,200,OK,500 Utilisateurs simultanees 1-418,text,true,,1788,149,149,20
1784745225407,16,GET /api/boats/1,200,OK,500 Utilisateurs simultanees 1-308,text,true,,1788,149,149,16
1784745225424,16,GET /api/articles,200,OK,500 Utilisateurs simultanees 1-351,text,true,,9312,149,149,16
1784745225428,26,GET /api/articles,200,OK,500 Utilisateurs simultanees 1-340,text,true,,9312,149,149,26
1784745225420,47,GET /api/boats,200,OK,500 Utilisateurs simultanees 1-385,text,true,,17251,150,150,47
1784745225438,34,GET /api/articles,200,OK,500 Utilisateurs simultanees 1-312,text,true,,9312,150,150,34
1784745225460,41,GET /api/boats/1,200,OK,500 Utilisateurs simultanees 1-369,text,true,,1788,149,149,41
1784745225458,52,GET /api/boats,200,OK,500 Utilisateurs simultanees 1-395,text,true,,17251,149,149,52
1784745225492,22,GET /api/boats/1,200,OK,500 Utilisateurs simultanees 1-429,text,true,,1788,149,149,22
1784745225494,23,GET /api/boats/1,200,OK,500 Utilisateurs simultanees 1-321,text,true,,1788,149,149,23
1784745225479,42,GET /api/boats,200,OK,500 Utilisateurs simultanees 1-307,text,true,,17251,149,149,42
1784745225511,23,GET /api/articles,200,OK,500 Utilisateurs simultanees 1-327,text,true,,9312,149,149,23
1784745225513,23,GET /api/articles,200,OK,500 Utilisateurs simultanees 1-314,text,true,,9312,148,148,23
1784745225516,21,GET /api/articles,200,OK,500 Utilisateurs simultanees 1-389,text,true,,9312,147,147,21
1784745225497,45,GET /api/boats,200,OK,500 Utilisateurs simultanees 1-430,text,true,,17251,147,147,45
1784745225510,38,GET /api/boats,200,OK,500 Utilisateurs simultanees 1-431,text,true,,17251,147,147,38
1784745225548,7,GET /api/boats/1,200,OK,500 Utilisateurs simultanees 1-421,text,true,,1788,147,147,7
1784745225568,3,GET /api/articles,200,OK,500 Utilisateurs simultanees 1-319,text,true,,9312,147,147,3
1784745225584,7,GET /api/boats/1,200,OK,500 Utilisateurs simultanees 1-371,text,true,,1788,147,147,7
1784745225615,3,GET /api/articles,200,OK,500 Utilisateurs simultanees 1-392,text,true,,9312,147,147,3
1784745225630,11,GET /api/boats,200,OK,500 Utilisateurs simultanees 1-345,text,true,,17251,147,147,11
1784745225650,4,GET /api/articles,200,OK,500 Utilisateurs simultanees 1-366,text,true,,9312,147,147,4
1784745225653,13,GET /api/boats/1,200,OK,500 Utilisateurs simultanees 1-331,text,true,,1788,147,147,13
1784745225687,17,GET /api/boats/1,200,OK,500 Utilisateurs simultanees 1-413,text,true,,1788,148,148,17
1784745225687,38,GET /api/boats,200,OK,500 Utilisateurs simultanees 1-439,text,true,,17251,148,148,38
1784745225705,50,GET /api/boats,200,OK,500 Utilisateurs simultanees 1-438,text,true,,17251,148,148,50
1784745225726,38,GET /api/articles,200,OK,500 Utilisateurs simultanees 1-298,text,true,,9312,148,148,38
1784745225732,43,GET /api/boats/1,200,OK,500 Utilisateurs simultanees 1-333,text,true,,1788,147,147,43
1784745225741,50,GET /api/boats/1,200,OK,500 Utilisateurs simultanees 1-408,text,true,,1788,147,147,50
1784745225751,45,GET /api/articles,200,OK,500 Utilisateurs simultanees 1-403,text,true,,9312,147,147,45
1784745225757,62,GET /api/boats/1,200,OK,500 Utilisateurs simultanees 1-328,text,true,,1788,147,147,62
1784745225752,112,GET /api/boats,200,OK,500 Utilisateurs simultanees 1-382,text,true,,17251,148,148,112
1784745225765,107,GET /api/boats,200,OK,500 Utilisateurs simultanees 1-365,text,true,,17251,148,148,107
1784745225796,79,GET /api/articles,200,OK,500 Utilisateurs simultanees 1-402,text,true,,9312,148,148,79
1784745225804,79,GET /api/articles,200,OK,500 Utilisateurs simultanees 1-353,text,true,,9312,148,148,79
1784745225807,86,GET /api/boats/1,200,OK,500 Utilisateurs simultanees 1-374,text,true,,1788,148,148,86
1784745225838,60,GET /api/boats/1,200,OK,500 Utilisateurs simultanees 1-398,text,true,,1788,148,148,60
1784745225848,52,GET /api/articles,200,OK,500 Utilisateurs simultanees 1-313,text,true,,9312,148,148,52
1784745225847,55,GET /api/boats/1,200,OK,500 Utilisateurs simultanees 1-360,text,true,,1788,147,147,55
1784745225850,53,GET /api/boats/1,200,OK,500 Utilisateurs simultanees 1-363,text,true,,1788,147,147,53
1784745225855,51,GET /api/articles,200,OK,500 Utilisateurs simultanees 1-296,text,true,,9312,147,147,51
1784745225855,54,GET /api/articles,200,OK,500 Utilisateurs simultanees 1-338,text,true,,9312,146,146,54
1784745225852,60,GET /api/boats/1,200,OK,500 Utilisateurs simultanees 1-318,text,true,,1788,146,146,60
1784745225869,55,GET /api/boats,200,OK,500 Utilisateurs simultanees 1-337,text,true,,17251,146,146,55
1784745225864,62,GET /api/boats,200,OK,500 Utilisateurs simultanees 1-435,text,true,,17251,146,146,62
1784745225915,14,GET /api/boats/1,200,OK,500 Utilisateurs simultanees 1-311,text,true,,1788,146,146,14
1784745225926,10,GET /api/boats/1,200,OK,500 Utilisateurs simultanees 1-317,text,true,,1788,146,146,10
1784745225963,3,GET /api/articles,200,OK,500 Utilisateurs simultanees 1-347,text,true,,9312,147,147,3
1784745225977,7,GET /api/boats/1,200,OK,500 Utilisateurs simultanees 1-410,text,true,,1788,147,147,7
1784745225984,14,GET /api/boats,200,OK,500 Utilisateurs simultanees 1-339,text,true,,17251,147,147,14
1784745225991,10,GET /api/boats/1,200,OK,500 Utilisateurs simultanees 1-335,text,true,,1788,147,147,10
1784745226015,6,GET /api/articles,200,OK,500 Utilisateurs simultanees 1-364,text,true,,9312,147,147,6
1784745226015,7,GET /api/articles,200,OK,500 Utilisateurs simultanees 1-396,text,true,,9312,147,147,7
1784745226015,9,GET /api/boats/1,200,OK,500 Utilisateurs simultanees 1-359,text,true,,1788,147,147,9
1784745226031,4,GET /api/articles,200,OK,500 Utilisateurs simultanees 1-375,text,true,,9312,147,147,4
1784745226035,5,GET /api/articles,200,OK,500 Utilisateurs simultanees 1-388,text,true,,9312,147,147,5
1784745226035,7,GET /api/boats/1,200,OK,500 Utilisateurs simultanees 1-348,text,true,,1788,147,147,7
1784745226044,5,GET /api/articles,200,OK,500 Utilisateurs simultanees 1-286,text,true,,9312,147,147,5
1784745226061,19,GET /api/boats,200,OK,500 Utilisateurs simultanees 1-432,text,true,,17251,147,147,19
1784745226084,3,GET /api/articles,200,OK,500 Utilisateurs simultanees 1-310,text,true,,9312,147,147,3
1784745226115,5,GET /api/articles,200,OK,500 Utilisateurs simultanees 1-361,text,true,,9312,146,146,5
1784745226115,6,GET /api/articles,200,OK,500 Utilisateurs simultanees 1-341,text,true,,9312,146,146,6
1784745226115,13,GET /api/boats,200,OK,500 Utilisateurs simultanees 1-356,text,true,,17251,146,146,13
1784745226145,8,GET /api/boats/1,200,OK,500 Utilisateurs simultanees 1-422,text,true,,1788,146,146,8
1784745226179,8,GET /api/boats/1,200,OK,500 Utilisateurs simultanees 1-426,text,true,,1788,147,147,8
1784745226184,7,GET /api/boats/1,200,OK,500 Utilisateurs simultanees 1-349,text,true,,1788,147,147,7
1784745226194,5,GET /api/articles,200,OK,500 Utilisateurs simultanees 1-344,text,true,,9312,147,147,5
1784745226210,13,GET /api/boats,200,OK,500 Utilisateurs simultanees 1-433,text,true,,17251,147,147,13
1784745226226,13,GET /api/boats,200,OK,500 Utilisateurs simultanees 1-401,text,true,,17251,147,147,13
1784745226236,18,GET /api/boats,200,OK,500 Utilisateurs simultanees 1-434,text,true,,17251,147,147,18
1784745226247,8,GET /api/articles,200,OK,500 Utilisateurs simultanees 1-376,text,true,,9312,147,147,8
1784745226280,5,GET /api/articles,200,OK,500 Utilisateurs simultanees 1-269,text,true,,9312,147,147,5
1784745226281,13,GET /api/boats,200,OK,500 Utilisateurs simultanees 1-387,text,true,,17251,146,146,13
1784745226336,3,GET /api/articles,200,OK,500 Utilisateurs simultanees 1-342,text,true,,9312,147,147,3
1784745226361,8,GET /api/boats/1,200,OK,500 Utilisateurs simultanees 1-362,text,true,,1788,147,147,8
1784745226367,24,GET /api/boats,200,OK,500 Utilisateurs simultanees 1-448,text,true,,17251,147,147,24
1784745226378,16,GET /api/articles,200,OK,500 Utilisateurs simultanees 1-397,text,true,,9312,147,147,16
1784745226374,24,GET /api/boats,200,OK,500 Utilisateurs simultanees 1-358,text,true,,17251,147,147,24
1784745226404,17,GET /api/boats,200,OK,500 Utilisateurs simultanees 1-391,text,true,,17251,148,148,17
1784745226410,27,GET /api/boats,200,OK,500 Utilisateurs simultanees 1-381,text,true,,17251,148,148,27
1784745226423,23,GET /api/boats,200,OK,500 Utilisateurs simultanees 1-443,text,true,,17251,148,148,23
1784745226447,5,GET /api/articles,200,OK,500 Utilisateurs simultanees 1-357,text,true,,9312,148,148,5
1784745226448,8,GET /api/boats/1,200,OK,500 Utilisateurs simultanees 1-412,text,true,,1788,148,148,8
1784745226487,5,GET /api/articles,200,OK,500 Utilisateurs simultanees 1-332,text,true,,9312,148,148,5
1784745226483,13,GET /api/boats/1,200,OK,500 Utilisateurs simultanees 1-316,text,true,,1788,147,147,13
1784745226517,3,GET /api/articles,200,OK,500 Utilisateurs simultanees 1-308,text,true,,9312,147,147,3
1784745226545,4,GET /api/articles,200,OK,500 Utilisateurs simultanees 1-305,text,true,,9312,147,147,4
1784745226563,8,GET /api/boats/1,200,OK,500 Utilisateurs simultanees 1-373,text,true,,1788,146,146,8
1784745226604,3,GET /api/articles,200,OK,500 Utilisateurs simultanees 1-304,text,true,,9312,146,146,3
1784745226627,4,GET /api/articles,200,OK,500 Utilisateurs simultanees 1-405,text,true,,9312,145,145,4
1784745226641,14,GET /api/boats/1,200,OK,500 Utilisateurs simultanees 1-352,text,true,,1788,145,145,14
1784745226640,18,GET /api/boats,200,OK,500 Utilisateurs simultanees 1-336,text,true,,17251,145,145,18
1784745226658,9,GET /api/boats/1,200,OK,500 Utilisateurs simultanees 1-334,text,true,,1788,146,146,9
1784745226683,4,GET /api/articles,200,OK,500 Utilisateurs simultanees 1-331,text,true,,9312,146,146,4
1784745226697,4,GET /api/articles,200,OK,500 Utilisateurs simultanees 1-346,text,true,,9312,145,145,4
1784745226694,15,GET /api/boats,200,OK,500 Utilisateurs simultanees 1-404,text,true,,17251,145,145,15
1784745226730,17,GET /api/boats,200,OK,500 Utilisateurs simultanees 1-437,text,true,,17251,145,145,17
1784745226752,8,GET /api/boats/1,200,OK,500 Utilisateurs simultanees 1-431,text,true,,1788,145,145,8
1784745226762,4,GET /api/articles,200,OK,500 Utilisateurs simultanees 1-407,text,true,,9312,145,145,4
1784745226775,18,GET /api/boats,200,OK,500 Utilisateurs simultanees 1-340,text,true,,17251,146,146,18
1784745226776,22,GET /api/boats,200,OK,500 Utilisateurs simultanees 1-366,text,true,,17251,146,146,22
1784745226787,14,GET /api/boats/1,200,OK,500 Utilisateurs simultanees 1-428,text,true,,1788,146,146,14
1784745226806,10,GET /api/boats/1,200,OK,500 Utilisateurs simultanees 1-320,text,true,,1788,146,146,10
1784745226800,21,GET /api/boats,200,OK,500 Utilisateurs simultanees 1-441,text,true,,17251,146,146,21
1784745226813,22,GET /api/boats,200,OK,500 Utilisateurs simultanees 1-444,text,true,,17251,146,146,22
1784745226830,14,GET /api/articles,200,OK,500 Utilisateurs simultanees 1-372,text,true,,9312,146,146,14
1784745226824,26,GET /api/boats,200,OK,500 Utilisateurs simultanees 1-400,text,true,,17251,146,146,26
1784745226846,8,GET /api/articles,200,OK,500 Utilisateurs simultanees 1-415,text,true,,9312,146,146,8
1784745226854,6,GET /api/articles,200,OK,500 Utilisateurs simultanees 1-418,text,true,,9312,146,146,6
1784745226867,9,GET /api/boats/1,200,OK,500 Utilisateurs simultanees 1-329,text,true,,1788,146,146,9
1784745226878,4,GET /api/articles,200,OK,500 Utilisateurs simultanees 1-350,text,true,,9312,146,146,4
1784745226899,13,GET /api/boats,200,OK,500 Utilisateurs simultanees 1-442,text,true,,17251,147,147,13
1784745226911,12,GET /api/boats,200,OK,500 Utilisateurs simultanees 1-355,text,true,,17251,147,147,12
1784745226927,4,GET /api/articles,200,OK,500 Utilisateurs simultanees 1-363,text,true,,9312,147,147,4
1784745226921,16,GET /api/boats,200,OK,500 Utilisateurs simultanees 1-452,text,true,,17251,147,147,16
1784745226961,22,GET /api/boats,200,OK,500 Utilisateurs simultanees 1-330,text,true,,17251,147,147,22
1784745226990,7,GET /api/articles,200,OK,500 Utilisateurs simultanees 1-377,text,true,,9312,147,147,7
1784745226991,8,GET /api/articles,200,OK,500 Utilisateurs simultanees 1-383,text,true,,9312,147,147,8
1784745227017,3,GET /api/articles,200,OK,500 Utilisateurs simultanees 1-306,text,true,,9312,148,148,3
1784745227026,5,GET /api/articles,200,OK,500 Utilisateurs simultanees 1-398,text,true,,9312,147,147,5
1784745227031,7,GET /api/boats/1,200,OK,500 Utilisateurs simultanees 1-395,text,true,,1788,147,147,7
1784745227057,8,GET /api/articles,200,OK,500 Utilisateurs simultanees 1-411,text,true,,9312,147,147,8
1784745227058,17,GET /api/boats,200,OK,500 Utilisateurs simultanees 1-396,text,true,,17251,147,147,17
1784745227073,16,GET /api/boats,200,OK,500 Utilisateurs simultanees 1-378,text,true,,17251,147,147,16
1784745227081,19,GET /api/boats,200,OK,500 Utilisateurs simultanees 1-343,text,true,,17251,147,147,18
1784745227090,18,GET /api/boats,200,OK,500 Utilisateurs simultanees 1-390,text,true,,17251,147,147,18
1784745227103,8,GET /api/articles,200,OK,500 Utilisateurs simultanees 1-374,text,true,,9312,147,147,8
1784745227120,11,GET /api/boats/1,200,OK,500 Utilisateurs simultanees 1-379,text,true,,1788,147,147,11
1784745227135,3,GET /api/articles,200,OK,500 Utilisateurs simultanees 1-311,text,true,,9312,147,147,3
1784745227144,5,GET /api/articles,200,OK,500 Utilisateurs simultanees 1-416,text,true,,9312,147,147,5
1784745227151,7,GET /api/boats/1,200,OK,500 Utilisateurs simultanees 1-423,text,true,,1788,147,147,7
1784745227149,13,GET /api/boats,200,OK,500 Utilisateurs simultanees 1-394,text,true,,17251,147,147,13
1784745227160,5,GET /api/articles,200,OK,500 Utilisateurs simultanees 1-421,text,true,,9312,147,147,5
1784745227177,17,GET /api/boats,200,OK,500 Utilisateurs simultanees 1-440,text,true,,17251,147,147,17
1784745227198,7,GET /api/boats/1,200,OK,500 Utilisateurs simultanees 1-436,text,true,,1788,147,147,7
1784745227221,4,GET /api/articles,200,OK,500 Utilisateurs simultanees 1-429,text,true,,9312,147,147,4
1784745227231,4,GET /api/articles,200,OK,500 Utilisateurs simultanees 1-354,text,true,,9312,147,147,4
1784745227229,8,GET /api/boats/1,200,OK,500 Utilisateurs simultanees 1-420,text,true,,1788,147,147,8
1784745227244,4,GET /api/articles,200,OK,500 Utilisateurs simultanees 1-410,text,true,,9312,147,147,4
1784745227263,5,GET /api/articles,200,OK,500 Utilisateurs simultanees 1-414,text,true,,9312,148,148,5
1784745227269,18,GET /api/boats/1,200,OK,500 Utilisateurs simultanees 1-385,text,true,,1788,148,148,18
1784745227271,45,GET /api/boats,200,OK,500 Utilisateurs simultanees 1-386,text,true,,17251,148,148,45
1784745227276,47,GET /api/boats,200,OK,500 Utilisateurs simultanees 1-393,text,true,,17251,148,148,47
1784745227322,38,GET /api/boats/1,200,OK,500 Utilisateurs simultanees 1-380,text,true,,1788,148,148,38
1784745227315,52,GET /api/boats,200,OK,500 Utilisateurs simultanees 1-364,text,true,,17251,148,148,52
1784745227341,41,GET /api/articles,200,OK,500 Utilisateurs simultanees 1-413,text,true,,9312,149,149,41
1784745227343,45,GET /api/articles,200,OK,500 Utilisateurs simultanees 1-371,text,true,,9312,149,149,45
1784745227328,82,GET /api/boats,200,OK,500 Utilisateurs simultanees 1-322,text,true,,17251,149,149,82
1784745227358,55,GET /api/articles,200,OK,500 Utilisateurs simultanees 1-295,text,true,,9312,149,149,55
1784745227360,57,GET /api/articles,200,OK,500 Utilisateurs simultanees 1-417,text,true,,9312,148,148,57
1784745227376,46,GET /api/boats/1,200,OK,500 Utilisateurs simultanees 1-337,text,true,,1788,148,148,46
1784745227360,64,GET /api/boats/1,200,OK,500 Utilisateurs simultanees 1-439,text,true,,1788,148,148,64
1784745227375,54,GET /api/boats/1,200,OK,500 Utilisateurs simultanees 1-324,text,true,,1788,148,148,54
1784745227409,27,GET /api/articles,200,OK,500 Utilisateurs simultanees 1-300,text,true,,9312,148,148,27
1784745227412,26,GET /api/articles,200,OK,500 Utilisateurs simultanees 1-370,text,true,,9312,147,147,26
1784745227447,3,GET /api/articles,200,OK,500 Utilisateurs simultanees 1-359,text,true,,9312,147,147,3
1784745227484,3,GET /api/articles,200,OK,500 Utilisateurs simultanees 1-369,text,true,,9312,147,147,3
1784745227487,10,GET /api/boats/1,200,OK,500 Utilisateurs simultanees 1-425,text,true,,1788,147,147,10
1784745227490,15,GET /api/boats,200,OK,500 Utilisateurs simultanees 1-450,text,true,,17251,148,148,15
1784745227503,13,GET /api/boats/1,200,OK,500 Utilisateurs simultanees 1-427,text,true,,1788,148,148,13
1784745227500,18,GET /api/boats,200,OK,500 Utilisateurs simultanees 1-399,text,true,,17251,148,148,18
1784745227509,14,GET /api/boats,200,OK,500 Utilisateurs simultanees 1-376,text,true,,17251,148,148,14
1784745227532,3,GET /api/articles,200,OK,500 Utilisateurs simultanees 1-412,text,true,,9312,148,148,3
1784745227556,16,GET /api/boats/1,200,OK,500 Utilisateurs simultanees 1-307,text,true,,1788,148,148,16
1784745227573,11,GET /api/articles,200,OK,500 Utilisateurs simultanees 1-315,text,true,,9312,148,148,11
1784745227571,34,GET /api/boats,200,OK,500 Utilisateurs simultanees 1-351,text,true,,17251,147,147,34
1784745227603,26,GET /api/articles,200,OK,500 Utilisateurs simultanees 1-316,text,true,,9312,148,148,26
1784745227584,73,GET /api/boats,200,OK,500 Utilisateurs simultanees 1-447,text,true,,17251,147,147,73
1784745227600,74,GET /api/boats,200,OK,500 Utilisateurs simultanees 1-323,text,true,,17251,147,147,73
1784745227601,81,GET /api/boats,200,OK,500 Utilisateurs simultanees 1-392,text,true,,17251,147,147,81
1784745227623,65,GET /api/articles,200,OK,500 Utilisateurs simultanees 1-368,text,true,,9312,147,147,65
1784745227627,66,GET /api/boats/1,200,OK,500 Utilisateurs simultanees 1-387,text,true,,1788,147,147,65
1784745227705,42,GET /api/boats,200,OK,500 Utilisateurs simultanees 1-449,text,true,,17251,148,148,42
1784745227739,29,GET /api/boats/1,200,OK,500 Utilisateurs simultanees 1-438,text,true,,1788,148,148,29
1784745227731,41,GET /api/boats,200,OK,500 Utilisateurs simultanees 1-445,text,true,,17251,148,148,41
1784745227735,45,GET /api/boats,200,OK,500 Utilisateurs simultanees 1-353,text,true,,17251,148,148,45
1784745227753,34,GET /api/boats,200,OK,500 Utilisateurs simultanees 1-460,text,true,,17251,148,148,34
1784745227775,22,GET /api/boats,200,OK,500 Utilisateurs simultanees 1-405,text,true,,17251,148,148,22
1784745227821,5,GET /api/articles,200,OK,500 Utilisateurs simultanees 1-352,text,true,,9312,148,148,5
1784745227864,17,GET /api/boats,200,OK,500 Utilisateurs simultanees 1-361,text,true,,17251,148,148,17
1784745227865,22,GET /api/boats,200,OK,500 Utilisateurs simultanees 1-451,text,true,,17251,148,148,22
1784745227870,21,GET /api/boats,200,OK,500 Utilisateurs simultanees 1-446,text,true,,17251,148,148,21
1784745227889,11,GET /api/boats/1,200,OK,500 Utilisateurs simultanees 1-365,text,true,,1788,148,148,11
1784745227927,8,GET /api/boats/1,200,OK,500 Utilisateurs simultanees 1-345,text,true,,1788,148,148,8
1784745227956,14,GET /api/boats,200,OK,500 Utilisateurs simultanees 1-384,text,true,,17251,148,148,14
1784745227980,7,GET /api/boats/1,200,OK,500 Utilisateurs simultanees 1-430,text,true,,1788,149,149,7
1784745227984,4,GET /api/articles,200,OK,500 Utilisateurs simultanees 1-328,text,true,,9312,149,149,4
1784745227998,4,GET /api/articles,200,OK,500 Utilisateurs simultanees 1-318,text,true,,9312,148,148,4
1784745228020,5,GET /api/articles,200,OK,500 Utilisateurs simultanees 1-367,text,true,,9312,147,147,5
1784745228022,10,GET /api/articles,200,OK,500 Utilisateurs simultanees 1-409,text,true,,9312,147,147,10
1784745228038,13,GET /api/boats/1,200,OK,500 Utilisateurs simultanees 1-448,text,true,,1788,147,147,13
1784745228055,8,GET /api/articles,200,OK,500 Utilisateurs simultanees 1-419,text,true,,9312,147,147,8
1784745228062,18,GET /api/boats,200,OK,500 Utilisateurs simultanees 1-458,text,true,,17251,147,147,18
1784745228084,15,GET /api/boats,200,OK,500 Utilisateurs simultanees 1-406,text,true,,17251,147,147,15
1784745228098,13,GET /api/boats,200,OK,500 Utilisateurs simultanees 1-347,text,true,,17251,148,148,13
1784745228128,7,GET /api/boats/1,200,OK,500 Utilisateurs simultanees 1-358,text,true,,1788,148,148,7
1784745228133,4,GET /api/articles,200,OK,500 Utilisateurs simultanees 1-320,text,true,,9312,148,148,4
1784745228138,9,GET /api/boats/1,200,OK,500 Utilisateurs simultanees 1-381,text,true,,1788,147,147,9
1784745228155,8,GET /api/boats/1,200,OK,500 Utilisateurs simultanees 1-339,text,true,,1788,147,147,8
1784745228159,5,GET /api/articles,200,OK,500 Utilisateurs simultanees 1-362,text,true,,9312,147,147,5
1784745228161,22,GET /api/boats,200,OK,500 Utilisateurs simultanees 1-464,text,true,,17251,147,147,22
1784745228165,21,GET /api/boats,200,OK,500 Utilisateurs simultanees 1-346,text,true,,17251,147,147,21
1784745228177,10,GET /api/articles,200,OK,500 Utilisateurs simultanees 1-321,text,true,,9312,147,147,10
1784745228187,7,GET /api/boats/1,200,OK,500 Utilisateurs simultanees 1-400,text,true,,1788,146,146,7
1784745228199,6,GET /api/boats/1,200,OK,500 Utilisateurs simultanees 1-433,text,true,,1788,146,146,6
1784745228201,11,GET /api/boats,200,OK,500 Utilisateurs simultanees 1-372,text,true,,17251,146,146,11
1784745228220,3,GET /api/articles,200,OK,500 Utilisateurs simultanees 1-317,text,true,,9312,147,147,2
1784745228228,10,GET /api/boats,200,OK,500 Utilisateurs simultanees 1-415,text,true,,17251,146,146,10
1784745228256,6,GET /api/articles,200,OK,500 Utilisateurs simultanees 1-349,text,true,,9312,146,146,6
1784745228255,9,GET /api/boats/1,200,OK,500 Utilisateurs simultanees 1-444,text,true,,1788,146,146,9
1784745228271,5,GET /api/articles,200,OK,500 Utilisateurs simultanees 1-408,text,true,,9312,146,146,5
1784745228307,12,GET /api/boats/1,200,OK,500 Utilisateurs simultanees 1-424,text,true,,1788,146,146,12
1784745228308,37,GET /api/boats,200,OK,500 Utilisateurs simultanees 1-459,text,true,,17251,147,147,37
1784745228323,26,GET /api/boats/1,200,OK,500 Utilisateurs simultanees 1-432,text,true,,1788,147,147,26
1784745228324,31,GET /api/boats/1,200,OK,500 Utilisateurs simultanees 1-437,text,true,,1788,147,147,31
1784745228345,29,GET /api/boats,200,OK,500 Utilisateurs simultanees 1-403,text,true,,17251,147,147,29
1784745228367,13,GET /api/articles,200,OK,500 Utilisateurs simultanees 1-379,text,true,,9312,147,147,13
1784745228383,25,GET /api/boats,200,OK,500 Utilisateurs simultanees 1-455,text,true,,17251,147,147,25
1784745228407,24,GET /api/boats,200,OK,500 Utilisateurs simultanees 1-350,text,true,,17251,147,147,24
1784745228433,7,GET /api/articles,200,OK,500 Utilisateurs simultanees 1-360,text,true,,9312,147,147,7
1784745228480,5,GET /api/articles,200,OK,500 Utilisateurs simultanees 1-348,text,true,,9312,148,148,5
1784745228468,20,GET /api/boats/1,200,OK,500 Utilisateurs simultanees 1-393,text,true,,1788,148,148,20
1784745228475,16,GET /api/boats/1,200,OK,500 Utilisateurs simultanees 1-382,text,true,,1788,148,148,16
1784745228490,7,GET /api/articles,200,OK,500 Utilisateurs simultanees 1-380,text,true,,9312,148,148,7
1784745228499,36,GET /api/boats,200,OK,500 Utilisateurs simultanees 1-375,text,true,,17251,148,148,36
1784745228516,22,GET /api/articles,200,OK,500 Utilisateurs simultanees 1-436,text,true,,9312,148,148,22
1784745228508,38,GET /api/boats,200,OK,500 Utilisateurs simultanees 1-389,text,true,,17251,148,148,37
1784745228535,18,GET /api/articles,200,OK,500 Utilisateurs simultanees 1-335,text,true,,9312,148,148,18
1784745228536,27,GET /api/boats/1,200,OK,500 Utilisateurs simultanees 1-404,text,true,,1788,147,147,27
1784745228571,6,GET /api/articles,200,OK,500 Utilisateurs simultanees 1-334,text,true,,9312,147,147,6
1784745228592,14,GET /api/boats/1,200,OK,500 Utilisateurs simultanees 1-396,text,true,,1788,147,147,14
1784745228627,14,GET /api/articles,200,OK,500 Utilisateurs simultanees 1-422,text,true,,9312,147,147,14
1784745228628,24,GET /api/articles,200,OK,500 Utilisateurs simultanees 1-385,text,true,,9312,147,147,24
1784745228629,26,GET /api/boats/1,200,OK,500 Utilisateurs simultanees 1-435,text,true,,1788,147,147,26
1784745228624,36,GET /api/boats,200,OK,500 Utilisateurs simultanees 1-338,text,true,,17251,147,147,36
1784745228662,28,GET /api/boats,200,OK,500 Utilisateurs simultanees 1-461,text,true,,17251,147,147,28
1784745228683,27,GET /api/boats,200,OK,500 Utilisateurs simultanees 1-341,text,true,,17251,148,148,26
1784745228700,17,GET /api/boats/1,200,OK,500 Utilisateurs simultanees 1-450,text,true,,1788,148,148,17
1784745228703,17,GET /api/articles,200,OK,500 Utilisateurs simultanees 1-307,text,true,,9312,148,148,17
1784745228720,13,GET /api/articles,200,OK,500 Utilisateurs simultanees 1-337,text,true,,9312,147,147,13
1784745228715,37,GET /api/boats,200,OK,500 Utilisateurs simultanees 1-397,text,true,,17251,146,146,37
1784745228733,22,GET /api/articles,200,OK,500 Utilisateurs simultanees 1-333,text,true,,9312,146,146,22
1784745228750,33,GET /api/boats,200,OK,500 Utilisateurs simultanees 1-469,text,true,,17251,145,145,33
1784745228793,26,GET /api/boats,200,OK,500 Utilisateurs simultanees 1-402,text,true,,17251,146,146,26
1784745228802,33,GET /api/boats,200,OK,500 Utilisateurs simultanees 1-453,text,true,,17251,146,146,33
1784745228826,12,GET /api/articles,200,OK,500 Utilisateurs simultanees 1-439,text,true,,9312,146,146,11
1784745228831,31,GET /api/boats,200,OK,500 Utilisateurs simultanees 1-407,text,true,,17251,146,146,31
1784745228865,12,GET /api/boats/1,200,OK,500 Utilisateurs simultanees 1-340,text,true,,1788,146,146,12
1784745228868,13,GET /api/boats/1,200,OK,500 Utilisateurs simultanees 1-434,text,true,,1788,146,146,13
1784745228880,14,GET /api/articles,200,OK,500 Utilisateurs simultanees 1-431,text,true,,9312,146,146,14
1784745228879,41,GET /api/boats,200,OK,500 Utilisateurs simultanees 1-467,text,true,,17251,146,146,41
1784745228901,26,GET /api/articles,200,OK,500 Utilisateurs simultanees 1-423,text,true,,9312,146,146,26
1784745228885,48,GET /api/boats,200,OK,500 Utilisateurs simultanees 1-454,text,true,,17251,146,146,48
1784745228908,35,GET /api/boats/1,200,OK,500 Utilisateurs simultanees 1-356,text,true,,1788,147,147,35
1784745228920,28,GET /api/boats/1,200,OK,500 Utilisateurs simultanees 1-452,text,true,,1788,147,147,28
1784745228924,43,GET /api/boats,200,OK,500 Utilisateurs simultanees 1-370,text,true,,17251,147,147,43
1784745228948,22,GET /api/articles,200,OK,500 Utilisateurs simultanees 1-426,text,true,,9312,147,147,22
1784745229021,20,GET /api/boats/1,200,OK,500 Utilisateurs simultanees 1-391,text,true,,1788,147,147,20
1784745229015,34,GET /api/boats,200,OK,500 Utilisateurs simultanees 1-388,text,true,,17251,147,147,34
1784745229037,27,GET /api/articles,200,OK,500 Utilisateurs simultanees 1-427,text,true,,9312,148,148,27
1784745229029,48,GET /api/boats,200,OK,500 Utilisateurs simultanees 1-342,text,true,,17251,148,148,48
1784745229060,29,GET /api/boats,200,OK,500 Utilisateurs simultanees 1-363,text,true,,17251,148,148,29
1784745229086,18,GET /api/boats/1,200,OK,500 Utilisateurs simultanees 1-322,text,true,,1788,148,148,18
1784745229108,22,GET /api/boats/1,200,OK,500 Utilisateurs simultanees 1-440,text,true,,1788,148,148,22
1784745229102,39,GET /api/boats,200,OK,500 Utilisateurs simultanees 1-374,text,true,,17251,148,148,39
1784745229124,22,GET /api/boats/1,200,OK,500 Utilisateurs simultanees 1-401,text,true,,1788,148,148,22
1784745229148,29,GET /api/boats,200,OK,500 Utilisateurs simultanees 1-369,text,true,,17251,148,148,29
1784745229150,30,GET /api/boats,200,OK,500 Utilisateurs simultanees 1-418,text,true,,17251,149,149,30
1784745229162,22,GET /api/boats/1,200,OK,500 Utilisateurs simultanees 1-449,text,true,,1788,149,149,22
1784745229147,42,GET /api/boats,200,OK,500 Utilisateurs simultanees 1-456,text,true,,17251,149,149,42
1784745229171,30,GET /api/articles,200,OK,500 Utilisateurs simultanees 1-395,text,true,,9312,149,149,30
1784745229174,31,GET /api/boats/1,200,OK,500 Utilisateurs simultanees 1-330,text,true,,1788,149,149,31
1784745229197,9,GET /api/articles,200,OK,500 Utilisateurs simultanees 1-425,text,true,,9312,149,149,9
1784745229184,30,GET /api/boats,200,OK,500 Utilisateurs simultanees 1-344,text,true,,17251,149,149,30
1784745229209,11,GET /api/boats,200,OK,500 Utilisateurs simultanees 1-367,text,true,,17251,149,149,11
1784745229230,10,GET /api/boats,200,OK,500 Utilisateurs simultanees 1-419,text,true,,17251,149,149,10
1784745229249,7,GET /api/boats/1,200,OK,500 Utilisateurs simultanees 1-364,text,true,,1788,149,149,7
1784745229250,13,GET /api/boats,200,OK,500 Utilisateurs simultanees 1-429,text,true,,17251,149,149,13
1784745229264,14,GET /api/boats,200,OK,500 Utilisateurs simultanees 1-466,text,true,,17251,149,149,14
1784745229274,18,GET /api/boats,200,OK,500 Utilisateurs simultanees 1-457,text,true,,17251,149,149,18
1784745229293,4,GET /api/articles,200,OK,500 Utilisateurs simultanees 1-339,text,true,,9312,149,149,4
1784745229305,6,GET /api/articles,200,OK,500 Utilisateurs simultanees 1-373,text,true,,9312,149,149,6
1784745229314,17,GET /api/boats,200,OK,500 Utilisateurs simultanees 1-357,text,true,,17251,149,149,17
1784745229323,11,GET /api/boats/1,200,OK,500 Utilisateurs simultanees 1-447,text,true,,1788,149,149,11
1784745229336,9,GET /api/boats/1,200,OK,500 Utilisateurs simultanees 1-443,text,true,,1788,149,149,9
1784745229358,11,GET /api/boats/1,200,OK,500 Utilisateurs simultanees 1-390,text,true,,1788,149,149,11
1784745229363,11,GET /api/boats/1,200,OK,500 Utilisateurs simultanees 1-336,text,true,,1788,149,149,11
1784745229363,14,GET /api/boats/1,200,OK,500 Utilisateurs simultanees 1-405,text,true,,1788,149,149,14
1784745229365,20,GET /api/boats,200,OK,500 Utilisateurs simultanees 1-362,text,true,,17251,149,149,20
1784745229419,14,GET /api/boats,200,OK,500 Utilisateurs simultanees 1-359,text,true,,17251,150,150,14
1784745229429,12,GET /api/boats,200,OK,500 Utilisateurs simultanees 1-383,text,true,,17251,150,150,12
1784745229467,8,GET /api/boats/1,200,OK,500 Utilisateurs simultanees 1-355,text,true,,1788,150,150,8
1784745229476,7,GET /api/boats/1,200,OK,500 Utilisateurs simultanees 1-343,text,true,,1788,150,150,7
1784745229507,12,GET /api/boats,200,OK,500 Utilisateurs simultanees 1-414,text,true,,17251,150,150,12
1784745229517,15,GET /api/boats,200,OK,500 Utilisateurs simultanees 1-470,text,true,,17251,150,150,15
1784745229548,6,GET /api/boats/1,200,OK,500 Utilisateurs simultanees 1-451,text,true,,1788,151,151,6
1784745229544,13,GET /api/boats,200,OK,500 Utilisateurs simultanees 1-411,text,true,,17251,151,151,13
1784745229564,4,GET /api/articles,200,OK,500 Utilisateurs simultanees 1-448,text,true,,9312,151,151,4
1784745229593,5,GET /api/articles,200,OK,500 Utilisateurs simultanees 1-393,text,true,,9312,151,151,5
1784745229597,10,GET /api/boats/1,200,OK,500 Utilisateurs simultanees 1-441,text,true,,1788,151,151,10
1784745229632,17,GET /api/boats,200,OK,500 Utilisateurs simultanees 1-472,text,true,,17251,151,151,17
1784745229660,23,GET /api/boats,200,OK,500 Utilisateurs simultanees 1-474,text,true,,17251,152,152,23
1784745229665,26,GET /api/boats,200,OK,500 Utilisateurs simultanees 1-354,text,true,,17251,152,152,26
1784745229678,16,GET /api/articles,200,OK,500 Utilisateurs simultanees 1-329,text,true,,9312,152,152,16
1784745229676,21,GET /api/boats/1,200,OK,500 Utilisateurs simultanees 1-366,text,true,,1788,151,151,21
1784745229697,8,GET /api/boats/1,200,OK,500 Utilisateurs simultanees 1-394,text,true,,1788,151,151,8
1784745229703,13,GET /api/boats/1,200,OK,500 Utilisateurs simultanees 1-389,text,true,,1788,151,151,13
1784745229716,10,GET /api/boats/1,200,OK,500 Utilisateurs simultanees 1-347,text,true,,1788,151,151,10
1784745229708,23,GET /api/boats,200,OK,500 Utilisateurs simultanees 1-422,text,true,,17251,151,151,23
1784745229725,10,GET /api/articles,200,OK,500 Utilisateurs simultanees 1-428,text,true,,9312,151,151,10
1784745229733,20,GET /api/boats,200,OK,500 Utilisateurs simultanees 1-462,text,true,,17251,151,151,20
1784745229741,24,GET /api/boats,200,OK,500 Utilisateurs simultanees 1-412,text,true,,17251,151,151,24
1784745229757,12,GET /api/boats/1,200,OK,500 Utilisateurs simultanees 1-442,text,true,,1788,151,151,12
1784745229765,18,GET /api/boats,200,OK,500 Utilisateurs simultanees 1-413,text,true,,17251,152,152,18
1784745229782,19,GET /api/boats,200,OK,500 Utilisateurs simultanees 1-348,text,true,,17251,152,152,19
1784745229794,10,GET /api/boats/1,200,OK,500 Utilisateurs simultanees 1-460,text,true,,1788,152,152,10
1784745229809,21,GET /api/boats,200,OK,500 Utilisateurs simultanees 1-475,text,true,,17251,152,152,21
1784745229858,5,GET /api/articles,200,OK,500 Utilisateurs simultanees 1-430,text,true,,9312,152,152,5
1784745229862,16,GET /api/boats,200,OK,500 Utilisateurs simultanees 1-421,text,true,,17251,152,152,16
1784745229913,6,GET /api/articles,200,OK,500 Utilisateurs simultanees 1-365,text,true,,9312,153,153,6
1784745229911,10,GET /api/boats/1,200,OK,500 Utilisateurs simultanees 1-392,text,true,,1788,153,153,10
1784745229919,6,GET /api/articles,200,OK,500 Utilisateurs simultanees 1-400,text,true,,9312,153,153,6
1784745229926,21,GET /api/boats,200,OK,500 Utilisateurs simultanees 1-398,text,true,,17251,153,153,21
1784745229946,10,GET /api/boats/1,200,OK,500 Utilisateurs simultanees 1-378,text,true,,1788,153,153,10
1784745229936,27,GET /api/boats,200,OK,500 Utilisateurs simultanees 1-468,text,true,,17251,153,153,26
1784745229949,24,GET /api/boats,200,OK,500 Utilisateurs simultanees 1-463,text,true,,17251,153,153,24
1784745229963,20,GET /api/boats,200,OK,500 Utilisateurs simultanees 1-377,text,true,,17251,153,153,20
1784745229992,5,GET /api/articles,200,OK,500 Utilisateurs simultanees 1-420,text,true,,9312,153,153,5
1784745229996,5,GET /api/articles,200,OK,500 Utilisateurs simultanees 1-437,text,true,,9312,153,153,5
1784745230008,6,GET /api/articles,200,OK,500 Utilisateurs simultanees 1-424,text,true,,9312,153,153,6
1784745230010,8,GET /api/boats/1,200,OK,500 Utilisateurs simultanees 1-372,text,true,,1788,154,154,8
1784745230018,8,GET /api/articles,200,OK,500 Utilisateurs simultanees 1-432,text,true,,9312,154,154,8
1784745230028,9,GET /api/articles,200,OK,500 Utilisateurs simultanees 1-358,text,true,,9312,154,154,8
1784745230025,14,GET /api/boats/1,200,OK,500 Utilisateurs simultanees 1-375,text,true,,1788,153,153,14
1784745230019,26,GET /api/boats,200,OK,500 Utilisateurs simultanees 1-423,text,true,,17251,153,153,26
1784745230035,19,GET /api/boats,200,OK,500 Utilisateurs simultanees 1-416,text,true,,17251,153,153,19
1784745230060,16,GET /api/boats,200,OK,500 Utilisateurs simultanees 1-408,text,true,,17251,153,153,16
1784745230082,19,GET /api/boats,200,OK,500 Utilisateurs simultanees 1-349,text,true,,17251,153,153,19
1784745230095,23,GET /api/boats,200,OK,500 Utilisateurs simultanees 1-371,text,true,,17251,153,153,23
1784745230108,33,GET /api/boats,200,OK,500 Utilisateurs simultanees 1-465,text,true,,17251,154,154,33
1784745230110,39,GET /api/boats,200,OK,500 Utilisateurs simultanees 1-480,text,true,,17251,154,154,39
1784745230132,30,GET /api/boats,200,OK,500 Utilisateurs simultanees 1-360,text,true,,17251,154,154,30
1784745230159,15,GET /api/boats/1,200,OK,500 Utilisateurs simultanees 1-361,text,true,,1788,154,154,15
1784745230169,17,GET /api/boats,200,OK,500 Utilisateurs simultanees 1-410,text,true,,17251,154,154,17
1784745230194,5,GET /api/articles,200,OK,500 Utilisateurs simultanees 1-324,text,true,,9312,154,154,5
1784745230209,23,GET /api/boats/1,200,OK,500 Utilisateurs simultanees 1-453,text,true,,1788,153,153,23
1784745230220,17,GET /api/boats/1,200,OK,500 Utilisateurs simultanees 1-386,text,true,,1788,153,153,17
1784745230233,8,GET /api/boats/1,200,OK,500 Utilisateurs simultanees 1-469,text,true,,1788,153,153,8
1784745230240,5,GET /api/articles,200,OK,500 Utilisateurs simultanees 1-391,text,true,,9312,153,153,5
1784745230246,6,GET /api/articles,200,OK,500 Utilisateurs simultanees 1-404,text,true,,9312,153,153,6
1784745230246,17,GET /api/boats,200,OK,500 Utilisateurs simultanees 1-478,text,true,,17251,154,154,17
1784745230267,7,GET /api/boats/1,200,OK,500 Utilisateurs simultanees 1-399,text,true,,1788,154,154,7
1784745230274,6,GET /api/boats/1,200,OK,500 Utilisateurs simultanees 1-429,text,true,,1788,154,154,6
1784745230277,4,GET /api/boats/1,200,OK,500 Utilisateurs simultanees 1-446,text,true,,1788,154,154,4
1784745230284,10,GET /api/boats,200,OK,500 Utilisateurs simultanees 1-417,text,true,,17251,154,154,10
1784745230317,10,GET /api/boats,200,OK,500 Utilisateurs simultanees 1-482,text,true,,17251,154,154,10
1784745230342,3,GET /api/articles,200,OK,500 Utilisateurs simultanees 1-345,text,true,,9312,154,154,3
1784745230374,10,GET /api/boats/1,200,OK,500 Utilisateurs simultanees 1-458,text,true,,1788,154,154,10
1784745230406,17,GET /api/articles,200,OK,500 Utilisateurs simultanees 1-443,text,true,,9312,154,154,17
1784745230402,27,GET /api/boats/1,200,OK,500 Utilisateurs simultanees 1-376,text,true,,1788,154,154,27
1784745230405,56,GET /api/boats,200,OK,500 Utilisateurs simultanees 1-368,text,true,,17251,154,154,55
1784745230447,81,GET /api/boats/1,200,OK,500 Utilisateurs simultanees 1-406,text,true,,1788,155,155,81
1784745230426,114,GET /api/boats,200,OK,500 Utilisateurs simultanees 1-395,text,true,,17251,155,155,114
1784745230423,122,GET /api/boats,200,OK,500 Utilisateurs simultanees 1-477,text,true,,17251,155,155,122
1784745230479,68,GET /api/boats/1,200,OK,500 Utilisateurs simultanees 1-351,text,true,,1788,155,155,68
1784745230466,85,GET /api/boats/1,200,OK,500 Utilisateurs simultanees 1-341,text,true,,1788,155,155,85
1784745230467,90,GET /api/boats/1,200,OK,500 Utilisateurs simultanees 1-350,text,true,,1788,155,155,90
1784745230475,85,GET /api/boats/1,200,OK,500 Utilisateurs simultanees 1-418,text,true,,1788,155,155,85
1784745230479,90,GET /api/boats/1,200,OK,500 Utilisateurs simultanees 1-374,text,true,,1788,155,155,90
1784745230525,70,GET /api/boats/1,200,OK,500 Utilisateurs simultanees 1-445,text,true,,1788,155,155,70
1784745230539,64,GET /api/articles,200,OK,500 Utilisateurs simultanees 1-381,text,true,,9312,155,155,64
1784745230551,64,GET /api/boats/1,200,OK,500 Utilisateurs simultanees 1-455,text,true,,1788,155,155,64
1784745230496,127,GET /api/boats,200,OK,500 Utilisateurs simultanees 1-481,text,true,,17251,156,156,127
1784745230560,79,GET /api/boats/1,200,OK,500 Utilisateurs simultanees 1-323,text,true,,1788,156,156,79
1784745230533,116,GET /api/boats,200,OK,500 Utilisateurs simultanees 1-471,text,true,,17251,156,156,116
1784745230596,60,GET /api/boats/1,200,OK,500 Utilisateurs simultanees 1-470,text,true,,1788,156,156,60
1784745230611,61,GET /api/boats/1,200,OK,500 Utilisateurs simultanees 1-397,text,true,,1788,156,156,60
1784745230626,52,GET /api/articles,200,OK,500 Utilisateurs simultanees 1-387,text,true,,9312,156,156,52
1784745230602,83,GET /api/boats,200,OK,500 Utilisateurs simultanees 1-427,text,true,,17251,156,156,83
1784745230642,47,GET /api/articles,200,OK,500 Utilisateurs simultanees 1-405,text,true,,9312,156,156,47
1784745230671,32,GET /api/articles,200,OK,500 Utilisateurs simultanees 1-340,text,true,,9312,156,156,32
1784745230685,34,GET /api/boats,200,OK,500 Utilisateurs simultanees 1-483,text,true,,17251,155,155,34
1784745230719,11,GET /api/articles,200,OK,500 Utilisateurs simultanees 1-450,text,true,,9312,155,155,11
1784745230723,10,GET /api/boats/1,200,OK,500 Utilisateurs simultanees 1-346,text,true,,1788,155,155,10
1784745230743,6,GET /api/boats/1,200,OK,500 Utilisateurs simultanees 1-369,text,true,,1788,156,156,6
1784745230752,12,GET /api/boats/1,200,OK,500 Utilisateurs simultanees 1-353,text,true,,1788,156,156,12
1784745230748,28,GET /api/boats,200,OK,500 Utilisateurs simultanees 1-425,text,true,,17251,156,156,28
1784745230760,19,GET /api/articles,200,OK,500 Utilisateurs simultanees 1-438,text,true,,9312,156,156,19
1784745230754,28,GET /api/boats,200,OK,500 Utilisateurs simultanees 1-393,text,true,,17251,156,156,28
1784745230764,24,GET /api/boats/1,200,OK,500 Utilisateurs simultanees 1-464,text,true,,1788,156,156,24
1784745230775,23,GET /api/boats,200,OK,500 Utilisateurs simultanees 1-385,text,true,,17251,156,156,23
1784745230799,5,GET /api/boats/1,200,OK,500 Utilisateurs simultanees 1-384,text,true,,1788,156,156,5
1784745230801,11,GET /api/boats,200,OK,500 Utilisateurs simultanees 1-473,text,true,,17251,156,156,11
1784745230825,8,GET /api/articles,200,OK,500 Utilisateurs simultanees 1-441,text,true,,9312,156,156,8
1784745230845,8,GET /api/articles,200,OK,500 Utilisateurs simultanees 1-447,text,true,,9312,156,156,7
1784745230863,18,GET /api/boats/1,200,OK,500 Utilisateurs simultanees 1-456,text,true,,1788,157,157,18
1784745230876,12,GET /api/articles,200,OK,500 Utilisateurs simultanees 1-355,text,true,,9312,157,157,12
1784745230897,30,GET /api/boats,200,OK,500 Utilisateurs simultanees 1-431,text,true,,17251,156,156,30
1784745230929,7,GET /api/articles,200,OK,500 Utilisateurs simultanees 1-364,text,true,,9312,156,156,7
1784745230938,31,GET /api/boats,200,OK,500 Utilisateurs simultanees 1-409,text,true,,17251,155,155,31
1784745230965,33,GET /api/boats,200,OK,500 Utilisateurs simultanees 1-380,text,true,,17251,156,156,33
1784745231000,19,GET /api/boats/1,200,OK,500 Utilisateurs simultanees 1-414,text,true,,1788,156,156,19
1784745231030,10,GET /api/articles,200,OK,500 Utilisateurs simultanees 1-396,text,true,,9312,156,156,9
1784745231017,28,GET /api/boats/1,200,OK,500 Utilisateurs simultanees 1-415,text,true,,1788,156,156,28
1784745231037,17,GET /api/articles,200,OK,500 Utilisateurs simultanees 1-444,text,true,,9312,156,156,17
1784745231052,20,GET /api/articles,200,OK,500 Utilisateurs simultanees 1-378,text,true,,9312,156,156,20
1784745231050,28,GET /api/boats/1,200,OK,500 Utilisateurs simultanees 1-362,text,true,,1788,156,156,28
1784745231053,48,GET /api/boats,200,OK,500 Utilisateurs simultanees 1-430,text,true,,17251,157,157,47
1784745231097,41,GET /api/articles,200,OK,500 Utilisateurs simultanees 1-435,text,true,,9312,157,157,41
1784745231091,52,GET /api/boats/1,200,OK,500 Utilisateurs simultanees 1-411,text,true,,1788,157,157,52
1784745231084,69,GET /api/boats,200,OK,500 Utilisateurs simultanees 1-379,text,true,,17251,157,157,69
1784745231091,80,GET /api/boats,200,OK,500 Utilisateurs simultanees 1-436,text,true,,17251,157,157,80
1784745231130,66,GET /api/boats/1,200,OK,500 Utilisateurs simultanees 1-421,text,true,,1788,157,157,66
1784745231139,67,GET /api/articles,200,OK,500 Utilisateurs simultanees 1-433,text,true,,9312,157,157,66
1784745231144,64,GET /api/articles,200,OK,500 Utilisateurs simultanees 1-322,text,true,,9312,157,157,64
1784745231123,90,GET /api/boats,200,OK,500 Utilisateurs simultanees 1-373,text,true,,17251,156,156,90
1784745231130,86,GET /api/boats,200,OK,500 Utilisateurs simultanees 1-439,text,true,,17251,156,156,86
1784745231147,72,GET /api/boats/1,200,OK,500 Utilisateurs simultanees 1-377,text,true,,1788,157,157,72
1784745231171,50,GET /api/boats/1,200,OK,500 Utilisateurs simultanees 1-422,text,true,,1788,157,157,50
1784745231191,38,GET /api/boats/1,200,OK,500 Utilisateurs simultanees 1-354,text,true,,1788,157,157,38
1784745231219,16,GET /api/boats/1,200,OK,500 Utilisateurs simultanees 1-467,text,true,,1788,157,157,16
1784745231212,25,GET /api/boats,200,OK,500 Utilisateurs simultanees 1-476,text,true,,17251,157,157,25
1784745231242,3,GET /api/articles,200,OK,500 Utilisateurs simultanees 1-336,text,true,,9312,157,157,3
1784745231261,14,GET /api/boats,200,OK,500 Utilisateurs simultanees 1-404,text,true,,17251,156,156,14
1784745231268,10,GET /api/boats/1,200,OK,500 Utilisateurs simultanees 1-338,text,true,,1788,156,156,10
1784745231286,10,GET /api/boats/1,200,OK,500 Utilisateurs simultanees 1-459,text,true,,1788,156,156,10
1784745231291,8,GET /api/boats/1,200,OK,500 Utilisateurs simultanees 1-468,text,true,,1788,156,156,8
1784745231312,16,GET /api/boats,200,OK,500 Utilisateurs simultanees 1-484,text,true,,17251,156,156,16
1784745231329,13,GET /api/boats/1,200,OK,500 Utilisateurs simultanees 1-402,text,true,,1788,157,157,13
1784745231325,23,GET /api/boats,200,OK,500 Utilisateurs simultanees 1-488,text,true,,17251,157,157,23
1784745231345,13,GET /api/articles,200,OK,500 Utilisateurs simultanees 1-452,text,true,,9312,157,157,13
1784745231342,20,GET /api/boats/1,200,OK,500 Utilisateurs simultanees 1-388,text,true,,1788,157,157,20
1784745231339,26,GET /api/boats,200,OK,500 Utilisateurs simultanees 1-424,text,true,,17251,157,157,26
1784745231352,14,GET /api/articles,200,OK,500 Utilisateurs simultanees 1-382,text,true,,9312,157,157,14
1784745231374,8,GET /api/boats/1,200,OK,500 Utilisateurs simultanees 1-403,text,true,,1788,157,157,8
1784745231382,4,GET /api/articles,200,OK,500 Utilisateurs simultanees 1-347,text,true,,9312,157,157,4
1784745231397,8,GET /api/boats/1,200,OK,500 Utilisateurs simultanees 1-475,text,true,,1788,156,156,8
1784745231417,14,GET /api/boats,200,OK,500 Utilisateurs simultanees 1-428,text,true,,17251,156,156,14
1784745231425,9,GET /api/boats/1,200,OK,500 Utilisateurs simultanees 1-461,text,true,,1788,156,156,9
1784745231438,5,GET /api/articles,200,OK,500 Utilisateurs simultanees 1-401,text,true,,9312,156,156,5
1784745231461,6,GET /api/boats/1,200,OK,500 Utilisateurs simultanees 1-463,text,true,,1788,157,157,6
1784745231479,7,GET /api/boats/1,200,OK,500 Utilisateurs simultanees 1-383,text,true,,1788,157,157,7
1784745231486,9,GET /api/boats/1,200,OK,500 Utilisateurs simultanees 1-417,text,true,,1788,157,157,9
1784745231513,11,GET /api/boats/1,200,OK,500 Utilisateurs simultanees 1-416,text,true,,1788,157,157,11
1784745231518,8,GET /api/articles,200,OK,500 Utilisateurs simultanees 1-460,text,true,,9312,157,157,8
1784745231518,11,GET /api/boats/1,200,OK,500 Utilisateurs simultanees 1-342,text,true,,1788,157,157,11
1784745231521,11,GET /api/boats/1,200,OK,500 Utilisateurs simultanees 1-407,text,true,,1788,157,157,11
1784745231541,7,GET /api/boats/1,200,OK,500 Utilisateurs simultanees 1-462,text,true,,1788,157,157,7
1784745231572,7,GET /api/articles,200,OK,500 Utilisateurs simultanees 1-341,text,true,,9312,157,157,7
1784745231572,13,GET /api/boats/1,200,OK,500 Utilisateurs simultanees 1-370,text,true,,1788,156,156,13
1784745231577,10,GET /api/articles,200,OK,500 Utilisateurs simultanees 1-356,text,true,,9312,156,156,10
1784745231576,25,GET /api/boats,200,OK,500 Utilisateurs simultanees 1-426,text,true,,17251,155,155,25
1784745231589,22,GET /api/boats,200,OK,500 Utilisateurs simultanees 1-487,text,true,,17251,155,155,22
1784745231610,5,GET /api/articles,200,OK,500 Utilisateurs simultanees 1-442,text,true,,9312,155,155,5
1784745231617,16,GET /api/boats,200,OK,500 Utilisateurs simultanees 1-365,text,true,,17251,155,155,15
1784745231648,4,GET /api/articles,200,OK,500 Utilisateurs simultanees 1-390,text,true,,9312,155,155,4
1784745231650,6,GET /api/articles,200,OK,500 Utilisateurs simultanees 1-451,text,true,,9312,155,155,6
1784745231664,5,GET /api/articles,200,OK,500 Utilisateurs simultanees 1-330,text,true,,9312,155,155,5
1784745231665,9,GET /api/boats/1,200,OK,500 Utilisateurs simultanees 1-360,text,true,,1788,154,154,9
1784745231680,18,GET /api/boats,200,OK,500 Utilisateurs simultanees 1-479,text,true,,17251,154,154,18
1784745231696,7,GET /api/articles,200,OK,500 Utilisateurs simultanees 1-389,text,true,,9312,154,154,7
1784745231697,8,GET /api/articles,200,OK,500 Utilisateurs simultanees 1-351,text,true,,9312,154,154,8
1784745231705,10,GET /api/boats/1,200,OK,500 Utilisateurs simultanees 1-419,text,true,,1788,153,153,10
1784745231716,5,GET /api/articles,200,OK,500 Utilisateurs simultanees 1-374,text,true,,9312,153,153,5
1784745231726,10,GET /api/boats/1,200,OK,500 Utilisateurs simultanees 1-367,text,true,,1788,152,152,10
1784745231761,8,GET /api/boats/1,200,OK,500 Utilisateurs simultanees 1-472,text,true,,1788,152,152,8
1784745231782,10,GET /api/boats/1,200,OK,500 Utilisateurs simultanees 1-408,text,true,,1788,152,152,10
1784745231790,13,GET /api/boats/1,200,OK,500 Utilisateurs simultanees 1-344,text,true,,1788,152,152,13
1784745231799,10,GET /api/boats/1,200,OK,500 Utilisateurs simultanees 1-371,text,true,,1788,152,152,10
1784745231824,5,GET /api/articles,200,OK,500 Utilisateurs simultanees 1-440,text,true,,9312,152,152,5
1784745231842,16,GET /api/boats,200,OK,500 Utilisateurs simultanees 1-448,text,true,,17251,152,152,16
1784745231865,7,GET /api/articles,200,OK,500 Utilisateurs simultanees 1-434,text,true,,9312,152,152,7
1784745231873,10,GET /api/articles,200,OK,500 Utilisateurs simultanees 1-343,text,true,,9312,152,152,10
1784745231866,20,GET /api/boats,200,OK,500 Utilisateurs simultanees 1-491,text,true,,17251,151,151,20
1784745231893,11,GET /api/boats/1,200,OK,500 Utilisateurs simultanees 1-359,text,true,,1788,151,151,11
1784745231900,10,GET /api/boats/1,200,OK,500 Utilisateurs simultanees 1-454,text,true,,1788,151,151,10
1784745231911,11,GET /api/boats/1,200,OK,500 Utilisateurs simultanees 1-477,text,true,,1788,151,151,11
1784745231911,13,GET /api/boats/1,200,OK,500 Utilisateurs simultanees 1-363,text,true,,1788,151,151,13
1784745231917,10,GET /api/articles,200,OK,500 Utilisateurs simultanees 1-346,text,true,,9312,151,151,10
1784745231912,17,GET /api/boats/1,200,OK,500 Utilisateurs simultanees 1-413,text,true,,1788,150,150,17
1784745231942,5,GET /api/articles,200,OK,500 Utilisateurs simultanees 1-458,text,true,,9312,150,150,5
1784745231950,17,GET /api/boats,200,OK,500 Utilisateurs simultanees 1-437,text,true,,17251,150,150,17
1784745231970,11,GET /api/boats/1,200,OK,500 Utilisateurs simultanees 1-482,text,true,,1788,150,150,11
1784745231976,9,GET /api/boats/1,200,OK,500 Utilisateurs simultanees 1-481,text,true,,1788,150,150,9
1784745231979,9,GET /api/articles,200,OK,500 Utilisateurs simultanees 1-464,text,true,,9312,150,150,9
1784745231992,20,GET /api/boats,200,OK,500 Utilisateurs simultanees 1-496,text,true,,17251,150,150,20
1784745232012,15,GET /api/boats/1,200,OK,500 Utilisateurs simultanees 1-483,text,true,,1788,150,150,15
1784745232011,22,GET /api/boats,200,OK,500 Utilisateurs simultanees 1-447,text,true,,17251,150,150,22
1784745232020,27,GET /api/boats,200,OK,500 Utilisateurs simultanees 1-489,text,true,,17251,150,150,27
1784745232037,14,GET /api/boats/1,200,OK,500 Utilisateurs simultanees 1-457,text,true,,1788,150,150,14
1784745232047,6,GET /api/articles,200,OK,500 Utilisateurs simultanees 1-449,text,true,,9312,150,150,6
1784745232106,23,GET /api/boats,200,OK,500 Utilisateurs simultanees 1-494,text,true,,17251,150,150,23
1784745232127,18,GET /api/boats/1,200,OK,500 Utilisateurs simultanees 1-425,text,true,,1788,150,150,18
1784745232118,49,GET /api/boats,200,OK,500 Utilisateurs simultanees 1-381,text,true,,17251,150,150,49
1784745232158,36,GET /api/articles,200,OK,500 Utilisateurs simultanees 1-411,text,true,,9312,150,150,36
1784745232141,57,GET /api/boats/1,200,OK,500 Utilisateurs simultanees 1-466,text,true,,1788,150,150,57
1784745232171,30,GET /api/boats/1,200,OK,500 Utilisateurs simultanees 1-357,text,true,,1788,150,150,30
1784745232152,60,GET /api/boats,200,OK,500 Utilisateurs simultanees 1-490,text,true,,17251,150,150,59
1784745232196,17,GET /api/articles,200,OK,500 Utilisateurs simultanees 1-369,text,true,,9312,150,150,17
1784745232258,9,GET /api/boats/1,200,OK,500 Utilisateurs simultanees 1-431,text,true,,1788,149,149,9
1784745232287,12,GET /api/boats,200,OK,500 Utilisateurs simultanees 1-492,text,true,,17251,149,149,12
1784745232311,4,GET /api/articles,200,OK,500 Utilisateurs simultanees 1-453,text,true,,9312,149,149,4
1784745232306,19,GET /api/boats,200,OK,500 Utilisateurs simultanees 1-400,text,true,,17251,149,149,18
1784745232316,17,GET /api/boats/1,200,OK,500 Utilisateurs simultanees 1-439,text,true,,1788,149,149,17
1784745232343,2,GET /api/articles,200,OK,500 Utilisateurs simultanees 1-386,text,true,,9312,149,149,2
1784745232340,6,GET /api/boats/1,200,OK,500 Utilisateurs simultanees 1-398,text,true,,1788,149,149,6
1784745232348,12,GET /api/boats,200,OK,500 Utilisateurs simultanees 1-493,text,true,,17251,149,149,12
1784745232355,7,GET /api/boats/1,200,OK,500 Utilisateurs simultanees 1-410,text,true,,1788,149,149,7
1784745232380,7,GET /api/boats/1,200,OK,500 Utilisateurs simultanees 1-412,text,true,,1788,149,149,7
1784745232407,8,GET /api/articles,200,OK,500 Utilisateurs simultanees 1-350,text,true,,9312,149,149,8
1784745232440,8,GET /api/articles,200,OK,500 Utilisateurs simultanees 1-354,text,true,,9312,148,148,8
1784745232456,12,GET /api/articles,200,OK,500 Utilisateurs simultanees 1-338,text,true,,9312,147,147,12
1784745232460,26,GET /api/boats/1,200,OK,500 Utilisateurs simultanees 1-368,text,true,,1788,146,146,26
1784745232467,26,GET /api/articles,200,OK,500 Utilisateurs simultanees 1-366,text,true,,9312,146,146,26
1784745232460,61,GET /api/boats,200,OK,500 Utilisateurs simultanees 1-485,text,true,,17251,145,145,61
1784745232497,26,GET /api/articles,200,OK,500 Utilisateurs simultanees 1-372,text,true,,9312,145,145,26
1784745232500,25,GET /api/articles,200,OK,500 Utilisateurs simultanees 1-376,text,true,,9312,144,144,25
1784745232497,30,GET /api/boats/1,200,OK,500 Utilisateurs simultanees 1-473,text,true,,1788,143,143,30
1784745232525,10,GET /api/articles,200,OK,500 Utilisateurs simultanees 1-394,text,true,,9312,143,143,10
1784745232526,12,GET /api/boats/1,200,OK,500 Utilisateurs simultanees 1-427,text,true,,1788,143,143,11
1784745232543,3,GET /api/articles,200,OK,500 Utilisateurs simultanees 1-399,text,true,,9312,143,143,3
1784745232562,25,GET /api/boats/1,200,OK,500 Utilisateurs simultanees 1-409,text,true,,1788,143,143,25
1784745232562,31,GET /api/boats/1,200,OK,500 Utilisateurs simultanees 1-404,text,true,,1788,143,143,31
1784745232575,35,GET /api/boats/1,200,OK,500 Utilisateurs simultanees 1-474,text,true,,1788,143,143,35
1784745232574,48,GET /api/boats,200,OK,500 Utilisateurs simultanees 1-432,text,true,,17251,143,143,48
1784745232597,33,GET /api/articles,200,OK,500 Utilisateurs simultanees 1-429,text,true,,9312,143,143,33
1784745232616,42,GET /api/boats/1,200,OK,500 Utilisateurs simultanees 1-480,text,true,,1788,143,143,42
1784745232627,38,GET /api/boats/1,200,OK,500 Utilisateurs simultanees 1-380,text,true,,1788,143,143,38
1784745232642,25,GET /api/boats/1,200,OK,500 Utilisateurs simultanees 1-423,text,true,,1788,143,143,25
1784745232606,64,GET /api/boats,200,OK,500 Utilisateurs simultanees 1-486,text,true,,17251,143,143,64
1784745232680,3,GET /api/articles,200,OK,500 Utilisateurs simultanees 1-456,text,true,,9312,143,143,3
1784745232693,8,GET /api/boats/1,200,OK,500 Utilisateurs simultanees 1-430,text,true,,1788,143,143,8
1784745232698,4,GET /api/articles,200,OK,500 Utilisateurs simultanees 1-392,text,true,,9312,143,143,4
1784745232722,4,GET /api/articles,200,OK,500 Utilisateurs simultanees 1-383,text,true,,9312,143,143,4
1784745232760,75,GET /api/boats/1,200,OK,500 Utilisateurs simultanees 1-348,text,true,,1788,142,142,75
1784745232764,81,GET /api/articles,200,OK,500 Utilisateurs simultanees 1-388,text,true,,9312,142,142,81
1784745232765,114,GET /api/boats/1,200,OK,500 Utilisateurs simultanees 1-349,text,true,,1788,142,142,114
1784745232767,122,GET /api/boats/1,200,OK,500 Utilisateurs simultanees 1-426,text,true,,1788,142,142,122
1784745232789,102,GET /api/articles,200,OK,500 Utilisateurs simultanees 1-469,text,true,,9312,142,142,102
1784745232764,140,GET /api/boats,200,OK,500 Utilisateurs simultanees 1-438,text,true,,17251,142,142,140
1784745232791,128,GET /api/articles,200,OK,500 Utilisateurs simultanees 1-445,text,true,,9312,142,142,128
1784745232803,123,GET /api/articles,200,OK,500 Utilisateurs simultanees 1-470,text,true,,9312,142,142,123
1784745232806,129,GET /api/articles,200,OK,500 Utilisateurs simultanees 1-467,text,true,,9312,142,142,129
1784745232809,135,GET /api/boats/1,200,OK,500 Utilisateurs simultanees 1-471,text,true,,1788,142,142,135
1784745232822,127,GET /api/articles,200,OK,500 Utilisateurs simultanees 1-446,text,true,,9312,142,142,127
1784745232830,130,GET /api/articles,200,OK,500 Utilisateurs simultanees 1-419,text,true,,9312,142,142,130
1784745232836,128,GET /api/articles,200,OK,500 Utilisateurs simultanees 1-361,text,true,,9312,142,142,128
1784745232791,193,GET /api/boats,200,OK,500 Utilisateurs simultanees 1-389,text,true,,17251,141,141,193
1784745232858,132,GET /api/boats,200,OK,500 Utilisateurs simultanees 1-433,text,true,,17251,141,141,132
1784745232852,166,GET /api/boats,200,OK,500 Utilisateurs simultanees 1-443,text,true,,17251,141,141,166
1784745232912,120,GET /api/boats/1,200,OK,500 Utilisateurs simultanees 1-488,text,true,,1788,141,141,120
1784745232768,276,GET /api/boats,200,OK,500 Utilisateurs simultanees 1-498,text,true,,17251,141,141,276
1784745232921,126,GET /api/boats/1,200,OK,500 Utilisateurs simultanees 1-478,text,true,,1788,141,141,126
1784745232957,95,GET /api/articles,200,OK,500 Utilisateurs simultanees 1-417,text,true,,9312,141,141,95
1784745232961,95,GET /api/articles,200,OK,500 Utilisateurs simultanees 1-353,text,true,,9312,141,141,95
1784745232901,163,GET /api/boats,200,OK,500 Utilisateurs simultanees 1-391,text,true,,17251,140,140,163
1784745232950,118,GET /api/boats/1,200,OK,500 Utilisateurs simultanees 1-436,text,true,,1788,140,140,118
1784745232901,183,GET /api/boats,200,OK,500 Utilisateurs simultanees 1-441,text,true,,17251,140,140,183
1784745233022,64,GET /api/articles,200,OK,500 Utilisateurs simultanees 1-375,text,true,,9312,140,140,64
1784745233023,66,GET /api/articles,200,OK,500 Utilisateurs simultanees 1-418,text,true,,9312,139,139,66
1784745232956,136,GET /api/boats,200,OK,500 Utilisateurs simultanees 1-390,text,true,,17251,139,139,136
1784745233045,50,GET /api/articles,200,OK,500 Utilisateurs simultanees 1-342,text,true,,9312,139,139,50
1784745232976,122,GET /api/boats,200,OK,500 Utilisateurs simultanees 1-420,text,true,,17251,138,138,122
1784745232911,189,GET /api/boats,200,OK,500 Utilisateurs simultanees 1-500,text,true,,17251,138,138,189
1784745233063,39,GET /api/articles,200,OK,500 Utilisateurs simultanees 1-406,text,true,,9312,138,138,39
1784745232999,105,GET /api/boats/1,200,OK,500 Utilisateurs simultanees 1-395,text,true,,1788,138,138,105
1784745233065,59,GET /api/articles,200,OK,500 Utilisateurs simultanees 1-459,text,true,,9312,138,138,59
1784745233048,80,GET /api/boats,200,OK,500 Utilisateurs simultanees 1-435,text,true,,17251,138,138,80
1784745233091,38,GET /api/articles,200,OK,500 Utilisateurs simultanees 1-455,text,true,,9312,138,138,38
1784745233092,39,GET /api/articles,200,OK,500 Utilisateurs simultanees 1-408,text,true,,9312,138,138,39
1784745233101,31,GET /api/articles,200,OK,500 Utilisateurs simultanees 1-407,text,true,,9312,138,138,31
1784745233106,32,GET /api/boats/1,200,OK,500 Utilisateurs simultanees 1-465,text,true,,1788,138,138,32
1784745233082,60,GET /api/boats,200,OK,500 Utilisateurs simultanees 1-495,text,true,,17251,138,138,60
1784745233155,7,GET /api/boats/1,200,OK,500 Utilisateurs simultanees 1-437,text,true,,1788,138,138,7
1784745233180,7,GET /api/boats/1,200,OK,500 Utilisateurs simultanees 1-447,text,true,,1788,138,138,7
1784745233185,9,GET /api/boats/1,200,OK,500 Utilisateurs simultanees 1-484,text,true,,1788,138,138,9
1784745233223,3,GET /api/articles,200,OK,500 Utilisateurs simultanees 1-362,text,true,,9312,138,138,3
1784745233285,12,GET /api/articles,200,OK,500 Utilisateurs simultanees 1-482,text,true,,9312,137,137,12
1784745233283,51,GET /api/boats,200,OK,500 Utilisateurs simultanees 1-452,text,true,,17251,137,137,51
1784745233303,37,GET /api/articles,200,OK,500 Utilisateurs simultanees 1-414,text,true,,9312,137,137,37
1784745233304,46,GET /api/boats/1,200,OK,500 Utilisateurs simultanees 1-385,text,true,,1788,137,137,46
1784745233317,48,GET /api/boats/1,200,OK,500 Utilisateurs simultanees 1-373,text,true,,1788,137,137,48
1784745233335,50,GET /api/boats/1,200,OK,500 Utilisateurs simultanees 1-428,text,true,,1788,137,137,50
1784745233360,33,GET /api/articles,200,OK,500 Utilisateurs simultanees 1-323,text,true,,9312,137,137,33
1784745233363,40,GET /api/articles,200,OK,500 Utilisateurs simultanees 1-360,text,true,,9312,136,136,40
1784745233377,35,GET /api/boats/1,200,OK,500 Utilisateurs simultanees 1-393,text,true,,1788,135,135,35
1784745233392,31,GET /api/boats,200,OK,500 Utilisateurs simultanees 1-444,text,true,,17251,135,135,31
1784745233428,11,GET /api/boats,200,OK,500 Utilisateurs simultanees 1-405,text,true,,17251,135,135,11
1784745233434,8,GET /api/articles,200,OK,500 Utilisateurs simultanees 1-377,text,true,,9312,135,135,8
1784745233440,16,GET /api/boats,200,OK,500 Utilisateurs simultanees 1-434,text,true,,17251,134,134,15
1784745233446,19,GET /api/boats,200,OK,500 Utilisateurs simultanees 1-378,text,true,,17251,134,134,19
1784745233459,18,GET /api/boats,200,OK,500 Utilisateurs simultanees 1-396,text,true,,17251,134,134,18
1784745233468,12,GET /api/boats/1,200,OK,500 Utilisateurs simultanees 1-489,text,true,,1788,134,134,12
1784745233471,16,GET /api/boats,200,OK,500 Utilisateurs simultanees 1-450,text,true,,17251,134,134,15
1784745233501,3,GET /api/articles,200,OK,500 Utilisateurs simultanees 1-425,text,true,,9312,134,134,3
1784745233524,3,GET /api/articles,200,OK,500 Utilisateurs simultanees 1-439,text,true,,9312,134,134,3
1784745233542,13,GET /api/boats,200,OK,500 Utilisateurs simultanees 1-460,text,true,,17251,134,134,13
1784745233584,10,GET /api/articles,200,OK,500 Utilisateurs simultanees 1-427,text,true,,9312,134,134,10
1784745233579,19,GET /api/boats,200,OK,500 Utilisateurs simultanees 1-449,text,true,,17251,134,134,19
1784745233617,8,GET /api/articles,200,OK,500 Utilisateurs simultanees 1-384,text,true,,9312,134,134,8
1784745233617,21,GET /api/boats,200,OK,500 Utilisateurs simultanees 1-387,text,true,,17251,134,134,21
1784745233627,13,GET /api/articles,200,OK,500 Utilisateurs simultanees 1-357,text,true,,9312,134,134,13
1784745233630,15,GET /api/articles,200,OK,500 Utilisateurs simultanees 1-462,text,true,,9312,133,133,15
1784745233633,15,GET /api/articles,200,OK,500 Utilisateurs simultanees 1-403,text,true,,9312,133,133,15
1784745233634,16,GET /api/articles,200,OK,500 Utilisateurs simultanees 1-397,text,true,,9312,133,133,16
1784745233650,14,GET /api/boats,200,OK,500 Utilisateurs simultanees 1-497,text,true,,17251,133,133,14
1784745233658,9,GET /api/boats/1,200,OK,500 Utilisateurs simultanees 1-424,text,true,,1788,133,133,9
1784745233697,8,GET /api/boats/1,200,OK,500 Utilisateurs simultanees 1-493,text,true,,1788,133,133,8
1784745233710,4,GET /api/articles,200,OK,500 Utilisateurs simultanees 1-415,text,true,,9312,133,133,4
1784745233724,4,GET /api/articles,200,OK,500 Utilisateurs simultanees 1-371,text,true,,9312,133,133,4
1784745233740,4,GET /api/articles,200,OK,500 Utilisateurs simultanees 1-363,text,true,,9312,132,132,4
1784745233743,18,GET /api/boats,200,OK,500 Utilisateurs simultanees 1-442,text,true,,17251,131,131,18
1784745233755,21,GET /api/boats,200,OK,500 Utilisateurs simultanees 1-382,text,true,,17251,131,131,20
1784745233757,21,GET /api/boats,200,OK,500 Utilisateurs simultanees 1-411,text,true,,17251,131,131,21
1784745233805,7,GET /api/boats/1,200,OK,500 Utilisateurs simultanees 1-479,text,true,,1788,131,131,7
1784745233828,4,GET /api/articles,200,OK,500 Utilisateurs simultanees 1-475,text,true,,9312,131,131,4
1784745233854,22,GET /api/articles,200,OK,500 Utilisateurs simultanees 1-416,text,true,,9312,131,131,22
1784745233853,27,GET /api/boats/1,200,OK,500 Utilisateurs simultanees 1-432,text,true,,1788,131,131,27
1784745233858,26,GET /api/articles,200,OK,500 Utilisateurs simultanees 1-413,text,true,,9312,131,131,26
1784745233856,50,GET /api/boats,200,OK,500 Utilisateurs simultanees 1-440,text,true,,17251,131,131,50
1784745233888,23,GET /api/articles,200,OK,500 Utilisateurs simultanees 1-421,text,true,,9312,131,131,23
1784745233922,19,GET /api/articles,200,OK,500 Utilisateurs simultanees 1-481,text,true,,9312,131,131,19
1784745233927,19,GET /api/articles,200,OK,500 Utilisateurs simultanees 1-431,text,true,,9312,131,131,19
1784745233922,31,GET /api/boats/1,200,OK,500 Utilisateurs simultanees 1-438,text,true,,1788,131,131,31
1784745233939,31,GET /api/articles,200,OK,500 Utilisateurs simultanees 1-483,text,true,,9312,131,131,31
1784745233923,58,GET /api/boats,200,OK,500 Utilisateurs simultanees 1-464,text,true,,17251,131,131,58
1784745233967,31,GET /api/articles,200,OK,500 Utilisateurs simultanees 1-380,text,true,,9312,131,131,31
1784745233981,26,GET /api/articles,200,OK,500 Utilisateurs simultanees 1-474,text,true,,9312,130,130,26
1784745233972,41,GET /api/boats/1,200,OK,500 Utilisateurs simultanees 1-379,text,true,,1788,130,130,41
1784745233988,46,GET /api/boats,200,OK,500 Utilisateurs simultanees 1-456,text,true,,17251,130,130,45
1784745234026,18,GET /api/articles,200,OK,500 Utilisateurs simultanees 1-463,text,true,,9312,130,130,18
1784745234051,18,GET /api/articles,200,OK,500 Utilisateurs simultanees 1-477,text,true,,9312,130,130,18
1784745234060,14,GET /api/articles,200,OK,500 Utilisateurs simultanees 1-422,text,true,,9312,130,130,14
1784745234051,29,GET /api/boats/1,200,OK,500 Utilisateurs simultanees 1-476,text,true,,1788,130,130,29
1784745234097,31,GET /api/boats,200,OK,500 Utilisateurs simultanees 1-401,text,true,,17251,130,130,30
1784745234127,9,GET /api/articles,200,OK,500 Utilisateurs simultanees 1-349,text,true,,9312,130,130,9
1784745234133,20,GET /api/articles,200,OK,500 Utilisateurs simultanees 1-468,text,true,,9312,129,129,20
1784745234141,16,GET /api/articles,200,OK,500 Utilisateurs simultanees 1-472,text,true,,9312,129,129,16
1784745234141,21,GET /api/boats/1,200,OK,500 Utilisateurs simultanees 1-491,text,true,,1788,129,129,21
1784745234166,9,GET /api/articles,200,OK,500 Utilisateurs simultanees 1-461,text,true,,9312,129,129,9
1784745234187,19,GET /api/boats/1,200,OK,500 Utilisateurs simultanees 1-448,text,true,,1788,129,129,19
1784745234206,11,GET /api/articles,200,OK,500 Utilisateurs simultanees 1-367,text,true,,9312,129,129,11
1784745234218,28,GET /api/articles,200,OK,500 Utilisateurs simultanees 1-473,text,true,,9312,128,128,28
1784745234213,37,GET /api/boats/1,200,OK,500 Utilisateurs simultanees 1-487,text,true,,1788,128,128,37
1784745234226,28,GET /api/boats/1,200,OK,500 Utilisateurs simultanees 1-498,text,true,,1788,128,128,28
1784745234240,26,GET /api/boats,200,OK,500 Utilisateurs simultanees 1-459,text,true,,17251,128,128,26
1784745234250,30,GET /api/boats,200,OK,500 Utilisateurs simultanees 1-419,text,true,,17251,128,128,30
1784745234256,27,GET /api/boats,200,OK,500 Utilisateurs simultanees 1-499,text,true,,17251,128,128,27
1784745234295,4,GET /api/articles,200,OK,500 Utilisateurs simultanees 1-402,text,true,,9312,128,128,4
1784745234300,9,GET /api/boats/1,200,OK,500 Utilisateurs simultanees 1-365,text,true,,1788,128,128,9
1784745234310,4,GET /api/articles,200,OK,500 Utilisateurs simultanees 1-488,text,true,,9312,128,128,3
1784745234310,15,GET /api/boats,200,OK,500 Utilisateurs simultanees 1-482,text,true,,17251,128,128,15
1784745234318,8,GET /api/articles,200,OK,500 Utilisateurs simultanees 1-398,text,true,,9312,128,128,8
1784745234352,4,GET /api/articles,200,OK,500 Utilisateurs simultanees 1-437,text,true,,9312,127,127,4
1784745234361,8,GET /api/boats/1,200,OK,500 Utilisateurs simultanees 1-390,text,true,,1788,127,127,8
1784745234369,5,GET /api/articles,200,OK,500 Utilisateurs simultanees 1-370,text,true,,9312,127,127,5
1784745234365,16,GET /api/boats,200,OK,500 Utilisateurs simultanees 1-451,text,true,,17251,126,126,16
1784745234394,10,GET /api/boats/1,200,OK,500 Utilisateurs simultanees 1-494,text,true,,1788,126,126,10
1784745234397,16,GET /api/boats/1,200,OK,500 Utilisateurs simultanees 1-400,text,true,,1788,126,126,16
1784745234395,22,GET /api/boats,200,OK,500 Utilisateurs simultanees 1-418,text,true,,17251,126,126,22
1784745234462,4,GET /api/articles,200,OK,500 Utilisateurs simultanees 1-447,text,true,,9312,126,126,4
1784745234498,5,GET /api/articles,200,OK,500 Utilisateurs simultanees 1-385,text,true,,9312,126,126,5
1784745234525,4,GET /api/articles,200,OK,500 Utilisateurs simultanees 1-454,text,true,,9312,125,125,4
1784745234567,5,GET /api/articles,200,OK,500 Utilisateurs simultanees 1-430,text,true,,9312,125,125,5
1784745234591,4,GET /api/articles,200,OK,500 Utilisateurs simultanees 1-428,text,true,,9312,125,125,4
1784745234619,6,GET /api/articles,200,OK,500 Utilisateurs simultanees 1-489,text,true,,9312,125,125,6
1784745234620,6,GET /api/articles,200,OK,500 Utilisateurs simultanees 1-412,text,true,,9312,125,125,6
1784745234642,3,GET /api/articles,200,OK,500 Utilisateurs simultanees 1-344,text,true,,9312,125,125,3
1784745234638,24,GET /api/boats,200,OK,500 Utilisateurs simultanees 1-414,text,true,,17251,124,124,24
1784745234647,17,GET /api/boats/1,200,OK,500 Utilisateurs simultanees 1-486,text,true,,1788,124,124,17
1784745234649,16,GET /api/boats/1,200,OK,500 Utilisateurs simultanees 1-460,text,true,,1788,124,124,16
1784745234644,24,GET /api/boats,200,OK,500 Utilisateurs simultanees 1-417,text,true,,17251,124,124,24
1784745234663,23,GET /api/boats,200,OK,500 Utilisateurs simultanees 1-458,text,true,,17251,124,124,22
1784745234675,13,GET /api/boats/1,200,OK,500 Utilisateurs simultanees 1-490,text,true,,1788,124,124,13
1784745234672,19,GET /api/boats,200,OK,500 Utilisateurs simultanees 1-403,text,true,,17251,124,124,19
1784745234697,3,GET /api/articles,200,OK,500 Utilisateurs simultanees 1-395,text,true,,9312,124,124,3
1784745234708,10,GET /api/boats/1,200,OK,500 Utilisateurs simultanees 1-434,text,true,,1788,123,123,10
1784745234706,18,GET /api/boats,200,OK,500 Utilisateurs simultanees 1-429,text,true,,17251,123,123,18
1784745234714,20,GET /api/boats,200,OK,500 Utilisateurs simultanees 1-467,text,true,,17251,123,123,20
1784745234717,20,GET /api/boats,200,OK,500 Utilisateurs simultanees 1-470,text,true,,17251,123,123,20
1784745234734,16,GET /api/boats,200,OK,500 Utilisateurs simultanees 1-415,text,true,,17251,123,123,15
1784745234754,8,GET /api/boats/1,200,OK,500 Utilisateurs simultanees 1-492,text,true,,1788,123,123,8
1784745234758,12,GET /api/boats,200,OK,500 Utilisateurs simultanees 1-386,text,true,,17251,123,123,12
1784745234773,12,GET /api/boats,200,OK,500 Utilisateurs simultanees 1-406,text,true,,17251,123,123,12
1784745234788,4,GET /api/articles,200,OK,500 Utilisateurs simultanees 1-404,text,true,,9312,123,123,4
1784745234817,8,GET /api/boats/1,200,OK,500 Utilisateurs simultanees 1-500,text,true,,1788,122,122,8
1784745234835,8,GET /api/boats/1,200,OK,500 Utilisateurs simultanees 1-420,text,true,,1788,122,122,8
1784745234856,5,GET /api/articles,200,OK,500 Utilisateurs simultanees 1-359,text,true,,9312,122,122,5
1784745234881,29,GET /api/boats,200,OK,500 Utilisateurs simultanees 1-394,text,true,,17251,121,121,29
1784745234898,41,GET /api/articles,200,OK,500 Utilisateurs simultanees 1-423,text,true,,9312,121,121,41
1784745234912,48,GET /api/articles,200,OK,500 Utilisateurs simultanees 1-457,text,true,,9312,121,121,48
1784745234912,83,GET /api/boats/1,200,OK,500 Utilisateurs simultanees 1-496,text,true,,1788,121,121,83
1784745234932,93,GET /api/boats/1,200,OK,500 Utilisateurs simultanees 1-381,text,true,,1788,121,121,93
1784745234932,97,GET /api/boats/1,200,OK,500 Utilisateurs simultanees 1-396,text,true,,1788,121,121,97
1784745234919,126,GET /api/boats,200,OK,500 Utilisateurs simultanees 1-392,text,true,,17251,121,121,126
1784745234968,81,GET /api/boats/1,200,OK,500 Utilisateurs simultanees 1-405,text,true,,1788,121,121,81
1784745234968,111,GET /api/boats,200,OK,500 Utilisateurs simultanees 1-455,text,true,,17251,121,121,111
1784745235003,89,GET /api/boats,200,OK,500 Utilisateurs simultanees 1-425,text,true,,17251,121,121,89
1784745235053,74,GET /api/boats/1,200,OK,500 Utilisateurs simultanees 1-443,text,true,,1788,121,121,74
1784745235066,62,GET /api/boats/1,200,OK,500 Utilisateurs simultanees 1-440,text,true,,1788,121,121,62
1784745235103,35,GET /api/articles,200,OK,500 Utilisateurs simultanees 1-373,text,true,,9312,121,121,35
1784745235083,57,GET /api/boats/1,200,OK,500 Utilisateurs simultanees 1-389,text,true,,1788,120,120,57
1784745235075,67,GET /api/boats,200,OK,500 Utilisateurs simultanees 1-475,text,true,,17251,120,120,67
1784745235080,67,GET /api/boats,200,OK,500 Utilisateurs simultanees 1-408,text,true,,17251,120,120,67
1784745235138,23,GET /api/articles,200,OK,500 Utilisateurs simultanees 1-466,text,true,,9312,120,120,23
1784745235147,17,GET /api/articles,200,OK,500 Utilisateurs simultanees 1-426,text,true,,9312,120,120,17
1784745235159,16,GET /api/boats/1,200,OK,500 Utilisateurs simultanees 1-495,text,true,,1788,120,120,16
1784745235163,13,GET /api/articles,200,OK,500 Utilisateurs simultanees 1-409,text,true,,9312,120,120,13
1784745235189,3,GET /api/articles,200,OK,500 Utilisateurs simultanees 1-368,text,true,,9312,120,120,3
1784745235200,9,GET /api/boats/1,200,OK,500 Utilisateurs simultanees 1-449,text,true,,1788,119,119,9
1784745235206,11,GET /api/boats,200,OK,500 Utilisateurs simultanees 1-453,text,true,,17251,119,119,11
1784745235245,4,GET /api/articles,200,OK,500 Utilisateurs simultanees 1-484,text,true,,9312,119,119,4
1784745235251,12,GET /api/boats,200,OK,500 Utilisateurs simultanees 1-431,text,true,,17251,119,119,12
1784745235317,9,GET /api/articles,200,OK,500 Utilisateurs simultanees 1-410,text,true,,9312,119,119,9
1784745235322,36,GET /api/boats,200,OK,500 Utilisateurs simultanees 1-427,text,true,,17251,119,119,36
1784745235345,17,GET /api/articles,200,OK,500 Utilisateurs simultanees 1-498,text,true,,9312,119,119,17
1784745235366,30,GET /api/boats/1,200,OK,500 Utilisateurs simultanees 1-442,text,true,,1788,119,119,29
1784745235359,47,GET /api/boats,200,OK,500 Utilisateurs simultanees 1-399,text,true,,17251,119,119,47
1784745235413,20,GET /api/boats/1,200,OK,500 Utilisateurs simultanees 1-456,text,true,,1788,119,119,20
1784745235414,46,GET /api/boats,200,OK,500 Utilisateurs simultanees 1-463,text,true,,17251,119,119,46
1784745235440,22,GET /api/articles,200,OK,500 Utilisateurs simultanees 1-478,text,true,,9312,119,119,22
1784745235446,24,GET /api/boats/1,200,OK,500 Utilisateurs simultanees 1-485,text,true,,1788,119,119,24
1784745235436,38,GET /api/boats,200,OK,500 Utilisateurs simultanees 1-469,text,true,,17251,119,119,38
1784745235465,15,GET /api/articles,200,OK,500 Utilisateurs simultanees 1-493,text,true,,9312,119,119,15
1784745235469,12,GET /api/articles,200,OK,500 Utilisateurs simultanees 1-432,text,true,,9312,119,119,12
1784745235459,25,GET /api/boats,200,OK,500 Utilisateurs simultanees 1-445,text,true,,17251,119,119,25
1784745235487,11,GET /api/boats,200,OK,500 Utilisateurs simultanees 1-407,text,true,,17251,119,119,11
1784745235493,7,GET /api/articles,200,OK,500 Utilisateurs simultanees 1-465,text,true,,9312,119,119,7
1784745235501,4,GET /api/articles,200,OK,500 Utilisateurs simultanees 1-471,text,true,,9312,119,119,4
1784745235530,12,GET /api/boats,200,OK,500 Utilisateurs simultanees 1-388,text,true,,17251,119,119,12
1784745235616,21,GET /api/articles,200,OK,500 Utilisateurs simultanees 1-479,text,true,,9312,119,119,21
1784745235617,27,GET /api/boats/1,200,OK,500 Utilisateurs simultanees 1-433,text,true,,1788,119,119,27
1784745235619,49,GET /api/boats/1,200,OK,500 Utilisateurs simultanees 1-497,text,true,,1788,119,119,49
1784745235626,46,GET /api/articles,200,OK,500 Utilisateurs simultanees 1-480,text,true,,9312,119,119,46
1784745235633,44,GET /api/boats/1,200,OK,500 Utilisateurs simultanees 1-459,text,true,,1788,119,119,44
1784745235618,70,GET /api/boats,200,OK,500 Utilisateurs simultanees 1-384,text,true,,17251,119,119,70
1784745235637,76,GET /api/boats,200,OK,500 Utilisateurs simultanees 1-446,text,true,,17251,119,119,76
1784745235660,61,GET /api/boats,200,OK,500 Utilisateurs simultanees 1-439,text,true,,17251,119,119,61
1784745235711,29,GET /api/articles,200,OK,500 Utilisateurs simultanees 1-436,text,true,,9312,119,119,29
1784745235723,23,GET /api/articles,200,OK,500 Utilisateurs simultanees 1-424,text,true,,9312,119,119,23
1784745235724,37,GET /api/boats/1,200,OK,500 Utilisateurs simultanees 1-387,text,true,,1788,119,119,37
1784745235735,34,GET /api/articles,200,OK,500 Utilisateurs simultanees 1-348,text,true,,9312,119,119,34
1784745235745,40,GET /api/boats/1,200,OK,500 Utilisateurs simultanees 1-470,text,true,,1788,118,118,40
1784745235733,62,GET /api/boats,200,OK,500 Utilisateurs simultanees 1-468,text,true,,17251,118,118,62
1784745235800,36,GET /api/boats,200,OK,500 Utilisateurs simultanees 1-397,text,true,,17251,118,118,36
1784745235809,32,GET /api/boats,200,OK,500 Utilisateurs simultanees 1-461,text,true,,17251,118,118,32
1784745235838,9,GET /api/boats/1,200,OK,500 Utilisateurs simultanees 1-418,text,true,,1788,118,118,9
1784745235842,7,GET /api/boats/1,200,OK,500 Utilisateurs simultanees 1-391,text,true,,1788,118,118,7
1784745235850,6,GET /api/articles,200,OK,500 Utilisateurs simultanees 1-500,text,true,,9312,118,118,6
1784745235848,17,GET /api/boats,200,OK,500 Utilisateurs simultanees 1-474,text,true,,17251,118,118,17
1784745235870,6,GET /api/articles,200,OK,500 Utilisateurs simultanees 1-379,text,true,,9312,118,118,6
1784745235868,10,GET /api/boats/1,200,OK,500 Utilisateurs simultanees 1-444,text,true,,1788,117,117,10
1784745235872,8,GET /api/articles,200,OK,500 Utilisateurs simultanees 1-393,text,true,,9312,117,117,8
1784745235880,15,GET /api/boats,200,OK,500 Utilisateurs simultanees 1-402,text,true,,17251,116,116,15
1784745235907,6,GET /api/articles,200,OK,500 Utilisateurs simultanees 1-491,text,true,,9312,116,116,6
1784745235900,16,GET /api/boats,200,OK,500 Utilisateurs simultanees 1-421,text,true,,17251,116,116,16
1784745235914,10,GET /api/boats/1,200,OK,500 Utilisateurs simultanees 1-441,text,true,,1788,116,116,10
1784745235951,9,GET /api/boats/1,200,OK,500 Utilisateurs simultanees 1-378,text,true,,1788,116,116,9
1784745235947,15,GET /api/boats,200,OK,500 Utilisateurs simultanees 1-488,text,true,,17251,116,116,15
1784745235983,5,GET /api/articles,200,OK,500 Utilisateurs simultanees 1-476,text,true,,9312,116,116,5
1784745236011,7,GET /api/boats/1,200,OK,500 Utilisateurs simultanees 1-450,text,true,,1788,116,116,7
1784745236044,14,GET /api/boats,200,OK,500 Utilisateurs simultanees 1-447,text,true,,17251,116,116,14
1784745236052,12,GET /api/boats,200,OK,500 Utilisateurs simultanees 1-472,text,true,,17251,116,116,12
1784745236072,3,GET /api/articles,200,OK,500 Utilisateurs simultanees 1-400,text,true,,9312,116,116,3
1784745236080,7,GET /api/boats/1,200,OK,500 Utilisateurs simultanees 1-382,text,true,,1788,115,115,7
1784745236107,6,GET /api/boats/1,200,OK,500 Utilisateurs simultanees 1-435,text,true,,1788,115,115,6
1784745236114,8,GET /api/boats/1,200,OK,500 Utilisateurs simultanees 1-482,text,true,,1788,115,115,8
1784745236227,11,GET /api/articles,200,OK,500 Utilisateurs simultanees 1-486,text,true,,9312,115,115,11
1784745236240,10,GET /api/articles,200,OK,500 Utilisateurs simultanees 1-487,text,true,,9312,115,115,10
1784745236231,26,GET /api/boats,200,OK,500 Utilisateurs simultanees 1-416,text,true,,17251,115,115,25
1784745236269,39,GET /api/boats,200,OK,500 Utilisateurs simultanees 1-473,text,true,,17251,115,115,39
1784745236275,38,GET /api/boats,200,OK,500 Utilisateurs simultanees 1-454,text,true,,17251,115,115,38
1784745236331,12,GET /api/articles,200,OK,500 Utilisateurs simultanees 1-448,text,true,,9312,115,115,12
1784745236330,16,GET /api/boats/1,200,OK,500 Utilisateurs simultanees 1-452,text,true,,1788,115,115,16
1784745236361,13,GET /api/articles,200,OK,500 Utilisateurs simultanees 1-365,text,true,,9312,115,115,12
1784745236363,48,GET /api/boats,200,OK,500 Utilisateurs simultanees 1-423,text,true,,17251,114,114,48
1784745236375,53,GET /api/boats,200,OK,500 Utilisateurs simultanees 1-413,text,true,,17251,114,114,53
1784745236383,72,GET /api/boats,200,OK,500 Utilisateurs simultanees 1-437,text,true,,17251,114,114,72
1784745236416,49,GET /api/articles,200,OK,500 Utilisateurs simultanees 1-438,text,true,,9312,114,114,49
1784745236420,53,GET /api/boats/1,200,OK,500 Utilisateurs simultanees 1-451,text,true,,1788,114,114,53
1784745236394,87,GET /api/boats,200,OK,500 Utilisateurs simultanees 1-481,text,true,,17251,114,114,87
1784745236428,63,GET /api/articles,200,OK,500 Utilisateurs simultanees 1-449,text,true,,9312,114,114,63
1784745236448,51,GET /api/boats/1,200,OK,500 Utilisateurs simultanees 1-417,text,true,,1788,114,114,51
1784745236426,83,GET /api/boats,200,OK,500 Utilisateurs simultanees 1-428,text,true,,17251,114,114,83
1784745236487,23,GET /api/articles,200,OK,500 Utilisateurs simultanees 1-494,text,true,,9312,114,114,23
1784745236473,38,GET /api/boats/1,200,OK,500 Utilisateurs simultanees 1-425,text,true,,1788,114,114,38
1784745236488,24,GET /api/articles,200,OK,500 Utilisateurs simultanees 1-490,text,true,,9312,114,114,24
1784745236452,63,GET /api/boats,200,OK,500 Utilisateurs simultanees 1-462,text,true,,17251,114,114,63
1784745236507,17,GET /api/boats/1,200,OK,500 Utilisateurs simultanees 1-429,text,true,,1788,114,114,17
1784745236519,14,GET /api/boats,200,OK,500 Utilisateurs simultanees 1-422,text,true,,17251,114,114,14
1784745236527,9,GET /api/boats/1,200,OK,500 Utilisateurs simultanees 1-401,text,true,,1788,114,114,9
1784745236569,8,GET /api/boats/1,200,OK,500 Utilisateurs simultanees 1-464,text,true,,1788,114,114,8
1784745236577,3,GET /api/articles,200,OK,500 Utilisateurs simultanees 1-442,text,true,,9312,114,114,3
1784745236610,4,GET /api/articles,200,OK,500 Utilisateurs simultanees 1-405,text,true,,9312,114,114,4
1784745236643,6,GET /api/articles,200,OK,500 Utilisateurs simultanees 1-443,text,true,,9312,113,113,6
1784745236647,27,GET /api/boats,200,OK,500 Utilisateurs simultanees 1-457,text,true,,17251,113,113,27
1784745236687,5,GET /api/articles,200,OK,500 Utilisateurs simultanees 1-460,text,true,,9312,113,113,5
1784745236721,23,GET /api/boats,200,OK,500 Utilisateurs simultanees 1-489,text,true,,17251,113,113,23
1784745236740,23,GET /api/boats/1,200,OK,500 Utilisateurs simultanees 1-499,text,true,,1788,113,113,23
1784745236737,32,GET /api/boats,200,OK,500 Utilisateurs simultanees 1-483,text,true,,17251,113,113,32
1784745236752,44,GET /api/boats,200,OK,500 Utilisateurs simultanees 1-493,text,true,,17251,113,113,44
1784745236775,32,GET /api/boats/1,200,OK,500 Utilisateurs simultanees 1-411,text,true,,1788,113,113,32
1784745236758,55,GET /api/boats,200,OK,500 Utilisateurs simultanees 1-478,text,true,,17251,113,113,55
1784745236802,30,GET /api/boats/1,200,OK,500 Utilisateurs simultanees 1-414,text,true,,1788,113,113,30
1784745236782,57,GET /api/boats,200,OK,500 Utilisateurs simultanees 1-430,text,true,,17251,113,113,57
1784745236825,27,GET /api/boats,200,OK,500 Utilisateurs simultanees 1-477,text,true,,17251,113,113,27
1784745236922,19,GET /api/boats/1,200,OK,500 Utilisateurs simultanees 1-421,text,true,,1788,113,113,19
1784745236919,27,GET /api/boats,200,OK,500 Utilisateurs simultanees 1-500,text,true,,17251,113,113,27
1784745236942,20,GET /api/articles,200,OK,500 Utilisateurs simultanees 1-434,text,true,,9312,113,113,20
1784745236930,38,GET /api/boats,200,OK,500 Utilisateurs simultanees 1-498,text,true,,17251,113,113,37
1784745236948,24,GET /api/boats/1,200,OK,500 Utilisateurs simultanees 1-468,text,true,,1788,113,113,24
1784745236971,13,GET /api/boats/1,200,OK,500 Utilisateurs simultanees 1-431,text,true,,1788,113,113,13
1784745236983,8,GET /api/articles,200,OK,500 Utilisateurs simultanees 1-433,text,true,,9312,113,113,8
1784745236988,28,GET /api/boats,200,OK,500 Utilisateurs simultanees 1-484,text,true,,17251,113,113,28
1784745237002,17,GET /api/articles,200,OK,500 Utilisateurs simultanees 1-456,text,true,,9312,113,113,17
1784745237017,17,GET /api/boats/1,200,OK,500 Utilisateurs simultanees 1-463,text,true,,1788,113,113,17
1784745237040,6,GET /api/articles,200,OK,500 Utilisateurs simultanees 1-495,text,true,,9312,113,113,6
1784745237060,6,GET /api/articles,200,OK,500 Utilisateurs simultanees 1-390,text,true,,9312,113,113,6
1784745237088,16,GET /api/boats/1,200,OK,500 Utilisateurs simultanees 1-445,text,true,,1788,112,112,16
1784745237081,34,GET /api/boats,200,OK,500 Utilisateurs simultanees 1-480,text,true,,17251,112,112,34
1784745237091,30,GET /api/boats,200,OK,500 Utilisateurs simultanees 1-412,text,true,,17251,112,112,30
1784745237112,15,GET /api/articles,200,OK,500 Utilisateurs simultanees 1-485,text,true,,9312,112,112,15
1784745237125,14,GET /api/boats/1,200,OK,500 Utilisateurs simultanees 1-419,text,true,,1788,112,112,14
1784745237143,25,GET /api/boats,200,OK,500 Utilisateurs simultanees 1-466,text,true,,17251,112,112,25
1784745237158,14,GET /api/boats/1,200,OK,500 Utilisateurs simultanees 1-402,text,true,,1788,112,112,14
1784745237197,14,GET /api/boats/1,200,OK,500 Utilisateurs simultanees 1-384,text,true,,1788,112,112,14
1784745237274,16,GET /api/boats/1,200,OK,500 Utilisateurs simultanees 1-467,text,true,,1788,112,112,16
1784745237287,20,GET /api/boats/1,200,OK,500 Utilisateurs simultanees 1-399,text,true,,1788,112,112,20
1784745237295,24,GET /api/boats/1,200,OK,500 Utilisateurs simultanees 1-458,text,true,,1788,112,112,24
1784745237304,61,GET /api/boats/1,200,OK,500 Utilisateurs simultanees 1-447,text,true,,1788,112,112,61
1784745237322,56,GET /api/boats/1,200,OK,500 Utilisateurs simultanees 1-415,text,true,,1788,112,112,56
1784745237372,31,GET /api/boats/1,200,OK,500 Utilisateurs simultanees 1-475,text,true,,1788,112,112,31
1784745237386,21,GET /api/articles,200,OK,500 Utilisateurs simultanees 1-497,text,true,,9312,112,112,21
1784745237379,32,GET /api/boats/1,200,OK,500 Utilisateurs simultanees 1-455,text,true,,1788,112,112,32
1784745237400,19,GET /api/boats/1,200,OK,500 Utilisateurs simultanees 1-453,text,true,,1788,112,112,19
1784745237410,20,GET /api/boats/1,200,OK,500 Utilisateurs simultanees 1-403,text,true,,1788,112,112,20
1784745237424,25,GET /api/articles,200,OK,500 Utilisateurs simultanees 1-450,text,true,,9312,112,112,25
1784745237438,21,GET /api/boats/1,200,OK,500 Utilisateurs simultanees 1-439,text,true,,1788,112,112,21
1784745237459,4,GET /api/articles,200,OK,500 Utilisateurs simultanees 1-389,text,true,,9312,112,112,4
1784745237471,5,GET /api/articles,200,OK,500 Utilisateurs simultanees 1-470,text,true,,9312,111,111,5
1784745237469,18,GET /api/boats,200,OK,500 Utilisateurs simultanees 1-426,text,true,,17251,111,111,18
1784745237537,3,GET /api/articles,200,OK,500 Utilisateurs simultanees 1-418,text,true,,9312,111,111,3
1784745237544,3,GET /api/articles,200,OK,500 Utilisateurs simultanees 1-382,text,true,,9312,110,110,3
1784745237556,3,GET /api/articles,200,OK,500 Utilisateurs simultanees 1-444,text,true,,9312,109,109,3
1784745237605,6,GET /api/boats/1,200,OK,500 Utilisateurs simultanees 1-462,text,true,,1788,109,109,6
1784745237611,3,GET /api/articles,200,OK,500 Utilisateurs simultanees 1-429,text,true,,9312,109,109,3
1784745237638,13,GET /api/boats/1,200,OK,500 Utilisateurs simultanees 1-454,text,true,,1788,108,108,13
1784745237645,9,GET /api/articles,200,OK,500 Utilisateurs simultanees 1-440,text,true,,9312,108,108,9
1784745237654,6,GET /api/articles,200,OK,500 Utilisateurs simultanees 1-381,text,true,,9312,108,108,6
1784745237673,6,GET /api/articles,200,OK,500 Utilisateurs simultanees 1-420,text,true,,9312,107,107,6
1784745237690,22,GET /api/boats/1,200,OK,500 Utilisateurs simultanees 1-406,text,true,,1788,107,107,22
1784745237690,30,GET /api/boats,200,OK,500 Utilisateurs simultanees 1-436,text,true,,17251,107,107,30
1784745237701,23,GET /api/articles,200,OK,500 Utilisateurs simultanees 1-378,text,true,,9312,107,107,23
1784745237707,20,GET /api/boats/1,200,OK,500 Utilisateurs simultanees 1-408,text,true,,1788,106,106,20
1784745237729,14,GET /api/boats/1,200,OK,500 Utilisateurs simultanees 1-392,text,true,,1788,106,106,14
1784745237740,17,GET /api/boats/1,200,OK,500 Utilisateurs simultanees 1-469,text,true,,1788,106,106,17
1784745237761,11,GET /api/articles,200,OK,500 Utilisateurs simultanees 1-492,text,true,,9312,106,106,11
1784745237753,27,GET /api/boats/1,200,OK,500 Utilisateurs simultanees 1-386,text,true,,1788,106,106,27
1784745237761,27,GET /api/boats/1,200,OK,500 Utilisateurs simultanees 1-472,text,true,,1788,106,106,27
1784745237767,32,GET /api/boats/1,200,OK,500 Utilisateurs simultanees 1-422,text,true,,1788,106,106,32
1784745237826,15,GET /api/articles,200,OK,500 Utilisateurs simultanees 1-417,text,true,,9312,106,106,15
1784745237823,22,GET /api/boats/1,200,OK,500 Utilisateurs simultanees 1-427,text,true,,1788,105,105,22
1784745237815,43,GET /api/boats,200,OK,500 Utilisateurs simultanees 1-424,text,true,,17251,105,105,43
1784745237834,30,GET /api/boats/1,200,OK,500 Utilisateurs simultanees 1-473,text,true,,1788,105,105,30
1784745237860,16,GET /api/articles,200,OK,500 Utilisateurs simultanees 1-387,text,true,,9312,105,105,16
1784745237866,19,GET /api/boats/1,200,OK,500 Utilisateurs simultanees 1-394,text,true,,1788,104,104,19
1784745237917,12,GET /api/articles,200,OK,500 Utilisateurs simultanees 1-496,text,true,,9312,104,104,12
1784745237912,31,GET /api/boats,200,OK,500 Utilisateurs simultanees 1-410,text,true,,17251,104,104,31
1784745237952,4,GET /api/articles,200,OK,500 Utilisateurs simultanees 1-396,text,true,,9312,104,104,4
1784745237963,21,GET /api/boats,200,OK,500 Utilisateurs simultanees 1-465,text,true,,17251,103,103,21
1784745237978,16,GET /api/boats/1,200,OK,500 Utilisateurs simultanees 1-489,text,true,,1788,103,103,16
1784745237978,17,GET /api/boats/1,200,OK,500 Utilisateurs simultanees 1-474,text,true,,1788,103,103,17
1784745237973,30,GET /api/boats,200,OK,500 Utilisateurs simultanees 1-448,text,true,,17251,103,103,30
1784745237985,27,GET /api/boats/1,200,OK,500 Utilisateurs simultanees 1-413,text,true,,1788,103,103,27
1784745237990,39,GET /api/boats,200,OK,500 Utilisateurs simultanees 1-476,text,true,,17251,103,103,39
1784745238010,24,GET /api/articles,200,OK,500 Utilisateurs simultanees 1-391,text,true,,9312,103,103,24
1784745238026,13,GET /api/boats/1,200,OK,500 Utilisateurs simultanees 1-397,text,true,,1788,102,102,13
1784745238071,3,GET /api/articles,200,OK,500 Utilisateurs simultanees 1-463,text,true,,9312,102,102,3
1784745238087,16,GET /api/boats,200,OK,500 Utilisateurs simultanees 1-432,text,true,,17251,102,102,16
1784745238107,18,GET /api/boats,200,OK,500 Utilisateurs simultanees 1-479,text,true,,17251,102,102,18
1784745238123,17,GET /api/boats/1,200,OK,500 Utilisateurs simultanees 1-488,text,true,,1788,102,102,17
1784745238129,14,GET /api/articles,200,OK,500 Utilisateurs simultanees 1-425,text,true,,9312,102,102,13
1784745238127,28,GET /api/boats,200,OK,500 Utilisateurs simultanees 1-409,text,true,,17251,101,101,28
1784745238196,10,GET /api/boats/1,200,OK,500 Utilisateurs simultanees 1-388,text,true,,1788,101,101,10
1784745238210,4,GET /api/articles,200,OK,500 Utilisateurs simultanees 1-401,text,true,,9312,101,101,4
1784745238208,20,GET /api/boats,200,OK,500 Utilisateurs simultanees 1-471,text,true,,17251,100,100,20
1784745238215,16,GET /api/boats/1,200,OK,500 Utilisateurs simultanees 1-484,text,true,,1788,100,100,16
1784745238228,11,GET /api/boats/1,200,OK,500 Utilisateurs simultanees 1-407,text,true,,1788,100,100,11
1784745238245,5,GET /api/articles,200,OK,500 Utilisateurs simultanees 1-402,text,true,,9312,100,100,5
1784745238246,15,GET /api/boats,200,OK,500 Utilisateurs simultanees 1-460,text,true,,17251,99,99,15
1784745238254,11,GET /api/boats,200,OK,500 Utilisateurs simultanees 1-490,text,true,,17251,99,99,11
1784745238267,4,GET /api/articles,200,OK,500 Utilisateurs simultanees 1-459,text,true,,9312,99,99,4
1784745238274,4,GET /api/articles,200,OK,500 Utilisateurs simultanees 1-431,text,true,,9312,99,99,4
1784745238274,8,GET /api/boats/1,200,OK,500 Utilisateurs simultanees 1-466,text,true,,1788,98,98,8
1784745238286,4,GET /api/articles,200,OK,500 Utilisateurs simultanees 1-464,text,true,,9312,98,98,4
1784745238283,14,GET /api/boats,200,OK,500 Utilisateurs simultanees 1-443,text,true,,17251,98,98,13
1784745238294,4,GET /api/articles,200,OK,500 Utilisateurs simultanees 1-452,text,true,,9312,98,98,4
1784745238317,4,GET /api/articles,200,OK,500 Utilisateurs simultanees 1-441,text,true,,9312,98,98,4
1784745238348,9,GET /api/articles,200,OK,500 Utilisateurs simultanees 1-421,text,true,,9312,98,98,9
1784745238372,33,GET /api/boats,200,OK,500 Utilisateurs simultanees 1-491,text,true,,17251,97,97,33
1784745238406,7,GET /api/articles,200,OK,500 Utilisateurs simultanees 1-447,text,true,,9312,97,97,7
1784745238415,13,GET /api/articles,200,OK,500 Utilisateurs simultanees 1-419,text,true,,9312,96,96,13
1784745238415,16,GET /api/articles,200,OK,500 Utilisateurs simultanees 1-435,text,true,,9312,95,95,16
1784745238428,12,GET /api/articles,200,OK,500 Utilisateurs simultanees 1-499,text,true,,9312,95,95,12
1784745238439,7,GET /api/articles,200,OK,500 Utilisateurs simultanees 1-468,text,true,,9312,95,95,7
1784745238523,5,GET /api/articles,200,OK,500 Utilisateurs simultanees 1-451,text,true,,9312,95,95,5
1784745238518,23,GET /api/boats,200,OK,500 Utilisateurs simultanees 1-494,text,true,,17251,95,95,23
1784745238544,16,GET /api/boats/1,200,OK,500 Utilisateurs simultanees 1-423,text,true,,1788,95,95,16
1784745238558,16,GET /api/boats/1,200,OK,500 Utilisateurs simultanees 1-446,text,true,,1788,95,95,16
1784745238558,20,GET /api/boats/1,200,OK,500 Utilisateurs simultanees 1-480,text,true,,1788,95,95,20
1784745238625,14,GET /api/boats/1,200,OK,500 Utilisateurs simultanees 1-437,text,true,,1788,95,95,14
1784745238646,10,GET /api/articles,200,OK,500 Utilisateurs simultanees 1-462,text,true,,9312,95,95,10
1784745238641,20,GET /api/boats/1,200,OK,500 Utilisateurs simultanees 1-478,text,true,,1788,95,95,20
1784745238746,17,GET /api/boats/1,200,OK,500 Utilisateurs simultanees 1-461,text,true,,1788,95,95,17
1784745238754,17,GET /api/boats/1,200,OK,500 Utilisateurs simultanees 1-481,text,true,,1788,95,95,17
1784745238762,31,GET /api/boats,200,OK,500 Utilisateurs simultanees 1-449,text,true,,17251,95,95,31
1784745238816,9,GET /api/articles,200,OK,500 Utilisateurs simultanees 1-455,text,true,,9312,95,95,9
1784745238822,17,GET /api/articles,200,OK,500 Utilisateurs simultanees 1-439,text,true,,9312,95,95,17
1784745238851,16,GET /api/articles,200,OK,500 Utilisateurs simultanees 1-399,text,true,,9312,94,94,15
1784745238851,22,GET /api/boats/1,200,OK,500 Utilisateurs simultanees 1-477,text,true,,1788,93,93,22
1784745238868,19,GET /api/articles,200,OK,500 Utilisateurs simultanees 1-482,text,true,,9312,93,93,18
1784745238890,15,GET /api/articles,200,OK,500 Utilisateurs simultanees 1-392,text,true,,9312,93,93,15
1784745238895,21,GET /api/boats,200,OK,500 Utilisateurs simultanees 1-470,text,true,,17251,92,92,21
1784745238926,16,GET /api/boats,200,OK,500 Utilisateurs simultanees 1-487,text,true,,17251,92,92,15
1784745238948,8,GET /api/boats/1,200,OK,500 Utilisateurs simultanees 1-430,text,true,,1788,92,92,8
1784745238989,7,GET /api/boats/1,200,OK,500 Utilisateurs simultanees 1-465,text,true,,1788,92,92,7
1784745239020,3,GET /api/articles,200,OK,500 Utilisateurs simultanees 1-469,text,true,,9312,92,92,3
1784745239047,8,GET /api/boats/1,200,OK,500 Utilisateurs simultanees 1-416,text,true,,1788,92,92,8
1784745239042,15,GET /api/boats,200,OK,500 Utilisateurs simultanees 1-486,text,true,,17251,92,92,15
1784745239086,5,GET /api/articles,200,OK,500 Utilisateurs simultanees 1-473,text,true,,9312,92,92,5
1784745239087,22,GET /api/boats,200,OK,500 Utilisateurs simultanees 1-442,text,true,,17251,92,92,22
1784745239110,15,GET /api/articles,200,OK,500 Utilisateurs simultanees 1-474,text,true,,9312,92,92,15
1784745239101,32,GET /api/boats,200,OK,500 Utilisateurs simultanees 1-485,text,true,,17251,92,92,32
1784745239117,21,GET /api/articles,200,OK,500 Utilisateurs simultanees 1-415,text,true,,9312,92,92,21
1784745239172,6,GET /api/articles,200,OK,500 Utilisateurs simultanees 1-397,text,true,,9312,91,91,6
1784745239178,13,GET /api/boats/1,200,OK,500 Utilisateurs simultanees 1-457,text,true,,1788,90,90,13
1784745239195,6,GET /api/articles,200,OK,500 Utilisateurs simultanees 1-458,text,true,,9312,90,90,6
1784745239199,45,GET /api/boats,200,OK,500 Utilisateurs simultanees 1-433,text,true,,17251,90,90,45
1784745239219,43,GET /api/boats/1,200,OK,500 Utilisateurs simultanees 1-476,text,true,,1788,90,90,43
1784745239229,43,GET /api/boats/1,200,OK,500 Utilisateurs simultanees 1-448,text,true,,1788,90,90,43
1784745239267,9,GET /api/articles,200,OK,500 Utilisateurs simultanees 1-407,text,true,,9312,90,90,9
1784745239259,27,GET /api/boats,200,OK,500 Utilisateurs simultanees 1-440,text,true,,17251,89,89,27
1784745239275,14,GET /api/boats/1,200,OK,500 Utilisateurs simultanees 1-483,text,true,,1788,89,89,14
1784745239314,7,GET /api/boats/1,200,OK,500 Utilisateurs simultanees 1-424,text,true,,1788,89,89,7
1784745239396,33,GET /api/boats,200,OK,500 Utilisateurs simultanees 1-420,text,true,,17251,89,89,33
1784745239407,27,GET /api/boats/1,200,OK,500 Utilisateurs simultanees 1-428,text,true,,1788,89,89,27
1784745239416,29,GET /api/articles,200,OK,500 Utilisateurs simultanees 1-489,text,true,,9312,89,89,28
1784745239411,40,GET /api/boats,200,OK,500 Utilisateurs simultanees 1-438,text,true,,17251,89,89,40
1784745239454,13,GET /api/boats/1,200,OK,500 Utilisateurs simultanees 1-490,text,true,,1788,89,89,13
1784745239469,13,GET /api/boats/1,200,OK,500 Utilisateurs simultanees 1-479,text,true,,1788,89,89,13
1784745239486,8,GET /api/articles,200,OK,500 Utilisateurs simultanees 1-484,text,true,,9312,89,89,8
1784745239489,22,GET /api/articles,200,OK,500 Utilisateurs simultanees 1-414,text,true,,9312,89,89,22
1784745239491,26,GET /api/boats/1,200,OK,500 Utilisateurs simultanees 1-500,text,true,,1788,88,88,26
1784745239482,41,GET /api/boats,200,OK,500 Utilisateurs simultanees 1-496,text,true,,17251,88,88,41
1784745239497,30,GET /api/articles,200,OK,500 Utilisateurs simultanees 1-388,text,true,,9312,88,88,29
1784745239523,16,GET /api/articles,200,OK,500 Utilisateurs simultanees 1-411,text,true,,9312,87,87,16
1784745239520,22,GET /api/boats/1,200,OK,500 Utilisateurs simultanees 1-493,text,true,,1788,86,86,22
1784745239583,15,GET /api/articles,200,OK,500 Utilisateurs simultanees 1-427,text,true,,9312,86,86,15
1784745239577,25,GET /api/boats/1,200,OK,500 Utilisateurs simultanees 1-409,text,true,,1788,85,85,25
1784745239574,33,GET /api/boats,200,OK,500 Utilisateurs simultanees 1-434,text,true,,17251,85,85,33
1784745239597,26,GET /api/boats/1,200,OK,500 Utilisateurs simultanees 1-432,text,true,,1788,85,85,26
1784745239640,12,GET /api/articles,200,OK,500 Utilisateurs simultanees 1-422,text,true,,9312,85,85,12
1784745239640,17,GET /api/articles,200,OK,500 Utilisateurs simultanees 1-475,text,true,,9312,84,84,17
1784745239641,20,GET /api/articles,200,OK,500 Utilisateurs simultanees 1-480,text,true,,9312,84,84,20
1784745239653,38,GET /api/boats,200,OK,500 Utilisateurs simultanees 1-468,text,true,,17251,84,84,38
1784745239662,31,GET /api/boats/1,200,OK,500 Utilisateurs simultanees 1-460,text,true,,1788,84,84,31
1784745239735,7,GET /api/boats/1,200,OK,500 Utilisateurs simultanees 1-471,text,true,,1788,84,84,7
1784745239744,6,GET /api/articles,200,OK,500 Utilisateurs simultanees 1-406,text,true,,9312,84,84,5
1784745239764,9,GET /api/boats/1,200,OK,500 Utilisateurs simultanees 1-412,text,true,,1788,83,83,9
1784745239790,9,GET /api/boats/1,200,OK,500 Utilisateurs simultanees 1-498,text,true,,1788,83,83,9
1784745239820,7,GET /api/boats/1,200,OK,500 Utilisateurs simultanees 1-443,text,true,,1788,83,83,7
1784745239827,4,GET /api/articles,200,OK,500 Utilisateurs simultanees 1-403,text,true,,9312,83,83,4
1784745239833,5,GET /api/articles,200,OK,500 Utilisateurs simultanees 1-454,text,true,,9312,82,82,4
1784745239837,15,GET /api/boats,200,OK,500 Utilisateurs simultanees 1-495,text,true,,17251,82,82,15
1784745239880,31,GET /api/boats,200,OK,500 Utilisateurs simultanees 1-497,text,true,,17251,82,82,31
1784745239927,20,GET /api/articles,200,OK,500 Utilisateurs simultanees 1-488,text,true,,9312,82,82,20
1784745239913,50,GET /api/boats,200,OK,500 Utilisateurs simultanees 1-456,text,true,,17251,82,82,50
1784745239941,33,GET /api/articles,200,OK,500 Utilisateurs simultanees 1-445,text,true,,9312,82,82,33
1784745239949,41,GET /api/articles,200,OK,500 Utilisateurs simultanees 1-453,text,true,,9312,82,82,41
1784745239941,59,GET /api/boats,200,OK,500 Utilisateurs simultanees 1-444,text,true,,17251,82,82,59
1784745239979,36,GET /api/articles,200,OK,500 Utilisateurs simultanees 1-408,text,true,,9312,82,82,35
1784745239986,44,GET /api/articles,200,OK,500 Utilisateurs simultanees 1-423,text,true,,9312,81,81,44
1784745240091,8,GET /api/boats/1,200,OK,500 Utilisateurs simultanees 1-410,text,true,,1788,80,80,8
1784745240116,9,GET /api/boats/1,200,OK,500 Utilisateurs simultanees 1-487,text,true,,1788,80,80,9
1784745240121,9,GET /api/boats/1,200,OK,500 Utilisateurs simultanees 1-436,text,true,,1788,80,80,9
1784745240165,5,GET /api/articles,200,OK,500 Utilisateurs simultanees 1-394,text,true,,9312,80,80,5
1784745240202,3,GET /api/articles,200,OK,500 Utilisateurs simultanees 1-384,text,true,,9312,79,79,3
1784745240200,8,GET /api/boats/1,200,OK,500 Utilisateurs simultanees 1-442,text,true,,1788,78,78,8
1784745240240,13,GET /api/boats,200,OK,500 Utilisateurs simultanees 1-492,text,true,,17251,78,78,13
1784745240251,25,GET /api/boats/1,200,OK,500 Utilisateurs simultanees 1-485,text,true,,1788,78,78,25
1784745240258,21,GET /api/articles,200,OK,500 Utilisateurs simultanees 1-465,text,true,,9312,78,78,21
1784745240258,23,GET /api/boats/1,200,OK,500 Utilisateurs simultanees 1-426,text,true,,1788,78,78,23
1784745240285,6,GET /api/articles,200,OK,500 Utilisateurs simultanees 1-467,text,true,,9312,78,78,6
1784745240280,23,GET /api/boats,200,OK,500 Utilisateurs simultanees 1-435,text,true,,17251,78,78,23
1784745240310,14,GET /api/boats,200,OK,500 Utilisateurs simultanees 1-464,text,true,,17251,78,78,14
1784745240318,7,GET /api/articles,200,OK,500 Utilisateurs simultanees 1-472,text,true,,9312,78,78,7
1784745240345,13,GET /api/boats,200,OK,500 Utilisateurs simultanees 1-459,text,true,,17251,78,78,13
1784745240377,4,GET /api/articles,200,OK,500 Utilisateurs simultanees 1-483,text,true,,9312,78,78,4
1784745240385,13,GET /api/boats,200,OK,500 Utilisateurs simultanees 1-450,text,true,,17251,78,78,13
1784745240451,4,GET /api/articles,200,OK,500 Utilisateurs simultanees 1-424,text,true,,9312,78,78,4
1784745240506,13,GET /api/boats,200,OK,500 Utilisateurs simultanees 1-455,text,true,,17251,77,77,13
1784745240581,7,GET /api/articles,200,OK,500 Utilisateurs simultanees 1-413,text,true,,9312,77,77,7
1784745240583,16,GET /api/boats,200,OK,500 Utilisateurs simultanees 1-463,text,true,,17251,76,76,15
1784745240600,4,GET /api/articles,200,OK,500 Utilisateurs simultanees 1-481,text,true,,9312,76,76,4
1784745240608,4,GET /api/articles,200,OK,500 Utilisateurs simultanees 1-478,text,true,,9312,76,76,4
1784745240618,4,GET /api/articles,200,OK,500 Utilisateurs simultanees 1-416,text,true,,9312,76,76,4
1784745240620,11,GET /api/boats/1,200,OK,500 Utilisateurs simultanees 1-420,text,true,,1788,75,75,11
1784745240618,17,GET /api/boats,200,OK,500 Utilisateurs simultanees 1-452,text,true,,17251,75,75,17
1784745240626,11,GET /api/articles,200,OK,500 Utilisateurs simultanees 1-490,text,true,,9312,75,75,10
1784745240634,6,GET /api/articles,200,OK,500 Utilisateurs simultanees 1-386,text,true,,9312,75,75,6
1784745240691,5,GET /api/articles,200,OK,500 Utilisateurs simultanees 1-461,text,true,,9312,74,74,5
1784745240732,13,GET /api/boats/1,200,OK,500 Utilisateurs simultanees 1-494,text,true,,1788,74,74,13
1784745240771,14,GET /api/articles,200,OK,500 Utilisateurs simultanees 1-437,text,true,,9312,74,74,14
1784745240762,27,GET /api/boats,200,OK,500 Utilisateurs simultanees 1-441,text,true,,17251,73,73,27
1784745240792,6,GET /api/articles,200,OK,500 Utilisateurs simultanees 1-448,text,true,,9312,73,73,6
1784745240827,14,GET /api/boats/1,200,OK,500 Utilisateurs simultanees 1-486,text,true,,1788,72,72,14
1784745240856,6,GET /api/articles,200,OK,500 Utilisateurs simultanees 1-466,text,true,,9312,72,72,6
1784745240884,6,GET /api/articles,200,OK,500 Utilisateurs simultanees 1-443,text,true,,9312,72,72,6
1784745240939,5,GET /api/articles,200,OK,500 Utilisateurs simultanees 1-412,text,true,,9312,71,71,5
1784745241007,9,GET /api/articles,200,OK,500 Utilisateurs simultanees 1-460,text,true,,9312,70,70,8
1784745241036,29,GET /api/boats,200,OK,500 Utilisateurs simultanees 1-473,text,true,,17251,69,69,29
1784745241066,8,GET /api/articles,200,OK,500 Utilisateurs simultanees 1-477,text,true,,9312,69,69,8
1784745241130,28,GET /api/boats,200,OK,500 Utilisateurs simultanees 1-482,text,true,,17251,69,69,28
1784745241153,38,GET /api/boats,200,OK,500 Utilisateurs simultanees 1-499,text,true,,17251,69,69,38
1784745241196,22,GET /api/boats/1,200,OK,500 Utilisateurs simultanees 1-468,text,true,,1788,69,69,22
1784745241197,26,GET /api/boats/1,200,OK,500 Utilisateurs simultanees 1-491,text,true,,1788,69,69,26
1784745241244,20,GET /api/boats/1,200,OK,500 Utilisateurs simultanees 1-449,text,true,,1788,69,69,20
1784745241251,38,GET /api/boats,200,OK,500 Utilisateurs simultanees 1-458,text,true,,17251,69,69,38
1784745241268,23,GET /api/articles,200,OK,500 Utilisateurs simultanees 1-487,text,true,,9312,69,69,23
1784745241282,14,GET /api/articles,200,OK,500 Utilisateurs simultanees 1-436,text,true,,9312,69,69,14
1784745241284,16,GET /api/boats/1,200,OK,500 Utilisateurs simultanees 1-470,text,true,,1788,68,68,16
1784745241290,16,GET /api/boats,200,OK,500 Utilisateurs simultanees 1-484,text,true,,17251,68,68,16
1784745241317,10,GET /api/boats,200,OK,500 Utilisateurs simultanees 1-451,text,true,,17251,68,68,10
1784745241328,16,GET /api/boats,200,OK,500 Utilisateurs simultanees 1-489,text,true,,17251,68,68,16
1784745241332,18,GET /api/boats,200,OK,500 Utilisateurs simultanees 1-480,text,true,,17251,68,68,18
1784745241338,20,GET /api/boats,200,OK,500 Utilisateurs simultanees 1-462,text,true,,17251,68,68,19
1784745241360,8,GET /api/boats/1,200,OK,500 Utilisateurs simultanees 1-495,text,true,,1788,68,68,8
1784745241382,4,GET /api/articles,200,OK,500 Utilisateurs simultanees 1-409,text,true,,9312,68,68,4
1784745241416,7,GET /api/boats/1,200,OK,500 Utilisateurs simultanees 1-496,text,true,,1788,67,67,7
1784745241450,7,GET /api/articles,200,OK,500 Utilisateurs simultanees 1-446,text,true,,9312,67,67,7
1784745241496,13,GET /api/articles,200,OK,500 Utilisateurs simultanees 1-500,text,true,,9312,67,67,13
1784745241495,22,GET /api/boats/1,200,OK,500 Utilisateurs simultanees 1-434,text,true,,1788,67,67,22
1784745241505,17,GET /api/articles,200,OK,500 Utilisateurs simultanees 1-442,text,true,,9312,67,67,16
1784745241525,46,GET /api/boats,200,OK,500 Utilisateurs simultanees 1-474,text,true,,17251,66,66,46
1784745241542,46,GET /api/boats,200,OK,500 Utilisateurs simultanees 1-483,text,true,,17251,66,66,45
1784745241623,18,GET /api/boats/1,200,OK,500 Utilisateurs simultanees 1-433,text,true,,1788,66,66,18
1784745241634,31,GET /api/boats,200,OK,500 Utilisateurs simultanees 1-454,text,true,,17251,66,66,30
1784745241655,15,GET /api/articles,200,OK,500 Utilisateurs simultanees 1-457,text,true,,9312,66,66,15
1784745241672,31,GET /api/boats,200,OK,500 Utilisateurs simultanees 1-490,text,true,,17251,66,66,30
1784745241741,20,GET /api/boats/1,200,OK,500 Utilisateurs simultanees 1-438,text,true,,1788,66,66,20
1784745241759,30,GET /api/articles,200,OK,500 Utilisateurs simultanees 1-430,text,true,,9312,66,66,30
1784745241764,31,GET /api/articles,200,OK,500 Utilisateurs simultanees 1-410,text,true,,9312,65,65,30
1784745241752,55,GET /api/boats,200,OK,500 Utilisateurs simultanees 1-465,text,true,,17251,64,64,55
1784745241766,45,GET /api/articles,200,OK,500 Utilisateurs simultanees 1-428,text,true,,9312,64,64,45
1784745241787,45,GET /api/boats/1,200,OK,500 Utilisateurs simultanees 1-435,text,true,,1788,63,63,45
1784745241821,14,GET /api/articles,200,OK,500 Utilisateurs simultanees 1-432,text,true,,9312,63,63,14
1784745241809,28,GET /api/boats/1,200,OK,500 Utilisateurs simultanees 1-452,text,true,,1788,62,62,28
1784745241876,12,GET /api/boats,200,OK,500 Utilisateurs simultanees 1-481,text,true,,17251,62,62,11
1784745241918,4,GET /api/articles,200,OK,500 Utilisateurs simultanees 1-476,text,true,,9312,62,62,4
1784745241915,9,GET /api/boats/1,200,OK,500 Utilisateurs simultanees 1-492,text,true,,1788,62,62,9
1784745241924,8,GET /api/boats/1,200,OK,500 Utilisateurs simultanees 1-440,text,true,,1788,62,62,8
1784745241941,4,GET /api/articles,200,OK,500 Utilisateurs simultanees 1-493,text,true,,9312,62,62,4
1784745241983,35,GET /api/boats,200,OK,500 Utilisateurs simultanees 1-469,text,true,,17251,62,62,34
1784745242000,36,GET /api/boats,200,OK,500 Utilisateurs simultanees 1-472,text,true,,17251,62,62,36
1784745242169,16,GET /api/boats/1,200,OK,500 Utilisateurs simultanees 1-497,text,true,,1788,62,62,16
1784745242171,33,GET /api/boats,200,OK,500 Utilisateurs simultanees 1-478,text,true,,17251,62,62,33
1784745242215,10,GET /api/articles,200,OK,500 Utilisateurs simultanees 1-498,text,true,,9312,62,62,10
1784745242243,43,GET /api/boats,200,OK,500 Utilisateurs simultanees 1-453,text,true,,17251,62,62,43
1784745242316,9,GET /api/articles,200,OK,500 Utilisateurs simultanees 1-420,text,true,,9312,62,62,9
1784745242344,23,GET /api/articles,200,OK,500 Utilisateurs simultanees 1-479,text,true,,9312,61,61,22
1784745242343,35,GET /api/boats/1,200,OK,500 Utilisateurs simultanees 1-473,text,true,,1788,61,61,35
1784745242358,37,GET /api/articles,200,OK,500 Utilisateurs simultanees 1-449,text,true,,9312,61,61,37
1784745242345,60,GET /api/boats,200,OK,500 Utilisateurs simultanees 1-467,text,true,,17251,60,60,60
1784745242382,26,GET /api/boats/1,200,OK,500 Utilisateurs simultanees 1-464,text,true,,1788,60,60,26
1784745242399,11,GET /api/articles,200,OK,500 Utilisateurs simultanees 1-491,text,true,,9312,60,60,11
1784745242387,26,GET /api/boats/1,200,OK,500 Utilisateurs simultanees 1-444,text,true,,1788,60,60,26
1784745242452,7,GET /api/boats/1,200,OK,500 Utilisateurs simultanees 1-480,text,true,,1788,60,60,7
1784745242476,3,GET /api/articles,200,OK,500 Utilisateurs simultanees 1-485,text,true,,9312,60,60,3
1784745242515,17,GET /api/boats,200,OK,500 Utilisateurs simultanees 1-475,text,true,,17251,60,60,17
1784745242529,12,GET /api/boats/1,200,OK,500 Utilisateurs simultanees 1-456,text,true,,1788,60,60,12
1784745242577,15,GET /api/boats,200,OK,500 Utilisateurs simultanees 1-487,text,true,,17251,60,60,15
1784745242662,4,GET /api/articles,200,OK,500 Utilisateurs simultanees 1-471,text,true,,9312,60,60,4
1784745242720,7,GET /api/boats,200,OK,500 Utilisateurs simultanees 1-466,text,true,,17251,60,60,7
1784745242755,3,GET /api/articles,200,OK,500 Utilisateurs simultanees 1-426,text,true,,9312,60,60,3
1784745242759,5,GET /api/boats/1,200,OK,500 Utilisateurs simultanees 1-483,text,true,,1788,59,59,5
1784745242835,7,GET /api/articles,200,OK,500 Utilisateurs simultanees 1-495,text,true,,9312,59,59,7
1784745242847,19,GET /api/boats/1,200,OK,500 Utilisateurs simultanees 1-459,text,true,,1788,59,59,19
1784745242864,14,GET /api/articles,200,OK,500 Utilisateurs simultanees 1-433,text,true,,9312,59,59,14
1784745242864,23,GET /api/boats/1,200,OK,500 Utilisateurs simultanees 1-455,text,true,,1788,58,58,23
1784745242931,36,GET /api/boats,200,OK,500 Utilisateurs simultanees 1-488,text,true,,17251,58,58,36
1784745242952,35,GET /api/boats,200,OK,500 Utilisateurs simultanees 1-445,text,true,,17251,58,58,35
1784745243005,17,GET /api/boats/1,200,OK,500 Utilisateurs simultanees 1-454,text,true,,1788,58,58,17
1784745243054,28,GET /api/boats,200,OK,500 Utilisateurs simultanees 1-477,text,true,,17251,58,58,28
1784745243086,13,GET /api/articles,200,OK,500 Utilisateurs simultanees 1-452,text,true,,9312,58,58,13
1784745243087,28,GET /api/boats/1,200,OK,500 Utilisateurs simultanees 1-499,text,true,,1788,57,57,28
1784745243103,26,GET /api/boats/1,200,OK,500 Utilisateurs simultanees 1-463,text,true,,1788,57,57,26
1784745243099,39,GET /api/boats,200,OK,500 Utilisateurs simultanees 1-493,text,true,,17251,57,57,39
1784745243138,32,GET /api/boats,200,OK,500 Utilisateurs simultanees 1-500,text,true,,17251,57,57,32
1784745243181,60,GET /api/boats,200,OK,500 Utilisateurs simultanees 1-457,text,true,,17251,57,57,60
1784745243240,12,GET /api/boats/1,200,OK,500 Utilisateurs simultanees 1-450,text,true,,1788,57,57,12
1784745243256,11,GET /api/boats/1,200,OK,500 Utilisateurs simultanees 1-441,text,true,,1788,57,57,11
1784745243321,5,GET /api/boats/1,200,OK,500 Utilisateurs simultanees 1-458,text,true,,1788,57,57,5
1784745243436,7,GET /api/articles,200,OK,500 Utilisateurs simultanees 1-444,text,true,,9312,57,57,7
1784745243451,21,GET /api/boats/1,200,OK,500 Utilisateurs simultanees 1-474,text,true,,1788,56,56,21
1784745243486,21,GET /api/boats/1,200,OK,500 Utilisateurs simultanees 1-451,text,true,,1788,56,56,21
1784745243504,21,GET /api/boats/1,200,OK,500 Utilisateurs simultanees 1-472,text,true,,1788,56,56,21
1784745243533,8,GET /api/articles,200,OK,500 Utilisateurs simultanees 1-468,text,true,,9312,56,56,8
1784745243586,16,GET /api/boats/1,200,OK,500 Utilisateurs simultanees 1-482,text,true,,1788,55,55,16
1784745243624,8,GET /api/articles,200,OK,500 Utilisateurs simultanees 1-494,text,true,,9312,55,55,8
1784745243672,30,GET /api/boats,200,OK,500 Utilisateurs simultanees 1-461,text,true,,17251,55,55,29
1784745243704,9,GET /api/articles,200,OK,500 Utilisateurs simultanees 1-438,text,true,,9312,55,55,9
1784745243725,9,GET /api/articles,200,OK,500 Utilisateurs simultanees 1-486,text,true,,9312,54,54,9
1784745243826,7,GET /api/articles,200,OK,500 Utilisateurs simultanees 1-470,text,true,,9312,54,54,7
1784745243858,9,GET /api/articles,200,OK,500 Utilisateurs simultanees 1-480,text,true,,9312,53,53,8
1784745243848,23,GET /api/boats/1,200,OK,500 Utilisateurs simultanees 1-490,text,true,,1788,52,52,23
1784745243886,15,GET /api/boats/1,200,OK,500 Utilisateurs simultanees 1-462,text,true,,1788,52,52,15
1784745243890,15,GET /api/boats/1,200,OK,500 Utilisateurs simultanees 1-465,text,true,,1788,52,52,15
1784745243915,7,GET /api/articles,200,OK,500 Utilisateurs simultanees 1-440,text,true,,9312,52,52,7
1784745243995,27,GET /api/boats,200,OK,500 Utilisateurs simultanees 1-476,text,true,,17251,51,51,27
1784745244022,8,GET /api/articles,200,OK,500 Utilisateurs simultanees 1-497,text,true,,9312,51,51,8
1784745244091,15,GET /api/boats/1,200,OK,500 Utilisateurs simultanees 1-481,text,true,,1788,51,51,15
1784745244091,30,GET /api/boats,200,OK,500 Utilisateurs simultanees 1-446,text,true,,17251,51,51,29
1784745244130,33,GET /api/boats/1,200,OK,500 Utilisateurs simultanees 1-487,text,true,,1788,51,51,33
1784745244132,37,GET /api/boats/1,200,OK,500 Utilisateurs simultanees 1-475,text,true,,1788,51,51,37
1784745244144,43,GET /api/boats/1,200,OK,500 Utilisateurs simultanees 1-469,text,true,,1788,51,51,43
1784745244135,58,GET /api/boats,200,OK,500 Utilisateurs simultanees 1-479,text,true,,17251,51,51,58
1784745244180,18,GET /api/articles,200,OK,500 Utilisateurs simultanees 1-435,text,true,,9312,51,51,18
1784745244185,17,GET /api/boats/1,200,OK,500 Utilisateurs simultanees 1-493,text,true,,1788,50,50,17
1784745244238,7,GET /api/boats/1,200,OK,500 Utilisateurs simultanees 1-453,text,true,,1788,50,50,7
1784745244251,7,GET /api/boats/1,200,OK,500 Utilisateurs simultanees 1-489,text,true,,1788,50,50,7
1784745244255,7,GET /api/boats/1,200,OK,500 Utilisateurs simultanees 1-477,text,true,,1788,50,50,7
1784745244261,7,GET /api/articles,200,OK,500 Utilisateurs simultanees 1-496,text,true,,9312,50,50,7
1784745244260,10,GET /api/boats/1,200,OK,500 Utilisateurs simultanees 1-484,text,true,,1788,50,50,10
1784745244295,8,GET /api/boats/1,200,OK,500 Utilisateurs simultanees 1-457,text,true,,1788,50,50,8
1784745244353,12,GET /api/articles,200,OK,500 Utilisateurs simultanees 1-456,text,true,,9312,50,50,12
1784745244405,10,GET /api/articles,200,OK,500 Utilisateurs simultanees 1-434,text,true,,9312,49,49,10
1784745244461,20,GET /api/boats,200,OK,500 Utilisateurs simultanees 1-485,text,true,,17251,48,48,20
1784745244480,11,GET /api/boats,200,OK,500 Utilisateurs simultanees 1-495,text,true,,17251,48,48,11
1784745244506,5,GET /api/boats/1,200,OK,500 Utilisateurs simultanees 1-466,text,true,,1788,48,48,5
1784745244535,4,GET /api/articles,200,OK,500 Utilisateurs simultanees 1-473,text,true,,9312,48,48,4
1784745244591,13,GET /api/articles,200,OK,500 Utilisateurs simultanees 1-450,text,true,,9312,47,47,13
1784745244584,28,GET /api/boats,200,OK,500 Utilisateurs simultanees 1-498,text,true,,17251,46,46,28
1784745244596,23,GET /api/boats/1,200,OK,500 Utilisateurs simultanees 1-488,text,true,,1788,46,46,22
1784745244670,7,GET /api/articles,200,OK,500 Utilisateurs simultanees 1-451,text,true,,9312,46,46,7
1784745244674,12,GET /api/articles,200,OK,500 Utilisateurs simultanees 1-459,text,true,,9312,45,45,12
1784745244686,7,GET /api/articles,200,OK,500 Utilisateurs simultanees 1-454,text,true,,9312,44,44,7
1784745244755,10,GET /api/articles,200,OK,500 Utilisateurs simultanees 1-455,text,true,,9312,43,43,10
1784745244794,9,GET /api/articles,200,OK,500 Utilisateurs simultanees 1-441,text,true,,9312,42,42,9
1784745244822,14,GET /api/articles,200,OK,500 Utilisateurs simultanees 1-492,text,true,,9312,41,41,14
1784745244824,19,GET /api/boats/1,200,OK,500 Utilisateurs simultanees 1-478,text,true,,1788,41,41,19
1784745244851,21,GET /api/boats/1,200,OK,500 Utilisateurs simultanees 1-445,text,true,,1788,41,41,21
1784745244940,8,GET /api/articles,200,OK,500 Utilisateurs simultanees 1-483,text,true,,9312,41,41,8
1784745245051,6,GET /api/boats/1,200,OK,500 Utilisateurs simultanees 1-461,text,true,,1788,40,40,6
1784745245138,3,GET /api/articles,200,OK,500 Utilisateurs simultanees 1-474,text,true,,9312,40,40,3
1784745245178,13,GET /api/boats,200,OK,500 Utilisateurs simultanees 1-471,text,true,,17251,39,39,13
1784745245194,5,GET /api/articles,200,OK,500 Utilisateurs simultanees 1-482,text,true,,9312,39,39,5
1784745245210,5,GET /api/articles,200,OK,500 Utilisateurs simultanees 1-475,text,true,,9312,38,38,5
1784745245229,8,GET /api/boats/1,200,OK,500 Utilisateurs simultanees 1-500,text,true,,1788,37,37,8
1784745245305,4,GET /api/articles,200,OK,500 Utilisateurs simultanees 1-464,text,true,,9312,37,37,4
1784745245369,13,GET /api/boats/1,200,OK,500 Utilisateurs simultanees 1-467,text,true,,1788,36,36,13
1784745245386,26,GET /api/boats,200,OK,500 Utilisateurs simultanees 1-491,text,true,,17251,36,36,25
1784745245399,18,GET /api/articles,200,OK,500 Utilisateurs simultanees 1-499,text,true,,9312,36,36,18
1784745245520,6,GET /api/articles,200,OK,500 Utilisateurs simultanees 1-465,text,true,,9312,36,36,6
1784745245681,7,GET /api/articles,200,OK,500 Utilisateurs simultanees 1-484,text,true,,9312,35,35,7
1784745245691,9,GET /api/articles,200,OK,500 Utilisateurs simultanees 1-458,text,true,,9312,34,34,9
1784745245749,27,GET /api/boats,200,OK,500 Utilisateurs simultanees 1-497,text,true,,17251,33,33,26
1784745245780,9,GET /api/articles,200,OK,500 Utilisateurs simultanees 1-477,text,true,,9312,33,33,8
1784745245780,14,GET /api/articles,200,OK,500 Utilisateurs simultanees 1-463,text,true,,9312,32,32,14
1784745245791,20,GET /api/articles,200,OK,500 Utilisateurs simultanees 1-453,text,true,,9312,31,31,20
1784745245795,28,GET /api/boats/1,200,OK,500 Utilisateurs simultanees 1-485,text,true,,1788,30,30,28
1784745245806,22,GET /api/articles,200,OK,500 Utilisateurs simultanees 1-472,text,true,,9312,30,30,22
1784745245810,23,GET /api/articles,200,OK,500 Utilisateurs simultanees 1-489,text,true,,9312,29,29,23
1784745245836,9,GET /api/articles,200,OK,500 Utilisateurs simultanees 1-469,text,true,,9312,28,28,9
1784745245852,10,GET /api/articles,200,OK,500 Utilisateurs simultanees 1-490,text,true,,9312,27,27,9
1784745245901,7,GET /api/articles,200,OK,500 Utilisateurs simultanees 1-466,text,true,,9312,26,26,6
1784745245891,33,GET /api/boats,200,OK,500 Utilisateurs simultanees 1-494,text,true,,17251,25,25,32
1784745246060,28,GET /api/boats,200,OK,500 Utilisateurs simultanees 1-486,text,true,,17251,25,25,28
1784745246144,14,GET /api/boats/1,200,OK,500 Utilisateurs simultanees 1-479,text,true,,1788,25,25,14
1784745246204,29,GET /api/boats,200,OK,500 Utilisateurs simultanees 1-492,text,true,,17251,25,25,29
1784745246302,3,GET /api/articles,200,OK,500 Utilisateurs simultanees 1-481,text,true,,9312,25,25,3
1784745246341,9,GET /api/boats/1,200,OK,500 Utilisateurs simultanees 1-495,text,true,,1788,24,24,9
1784745246406,11,GET /api/articles,200,OK,500 Utilisateurs simultanees 1-462,text,true,,9312,24,24,11
1784745246405,16,GET /api/boats/1,200,OK,500 Utilisateurs simultanees 1-446,text,true,,1788,23,23,16
1784745246462,28,GET /api/boats,200,OK,500 Utilisateurs simultanees 1-499,text,true,,17251,23,23,27
1784745246593,8,GET /api/articles,200,OK,500 Utilisateurs simultanees 1-487,text,true,,9312,23,23,8
1784745246599,18,GET /api/boats/1,200,OK,500 Utilisateurs simultanees 1-498,text,true,,1788,22,22,18
1784745246616,10,GET /api/articles,200,OK,500 Utilisateurs simultanees 1-478,text,true,,9312,22,22,10
1784745246698,41,GET /api/boats,200,OK,500 Utilisateurs simultanees 1-496,text,true,,17251,21,21,41
1784745246743,6,GET /api/articles,200,OK,500 Utilisateurs simultanees 1-457,text,true,,9312,21,21,6
1784745246743,11,GET /api/articles,200,OK,500 Utilisateurs simultanees 1-488,text,true,,9312,20,20,11
1784745246764,3,GET /api/articles,200,OK,500 Utilisateurs simultanees 1-493,text,true,,9312,19,19,3
1784745246783,8,GET /api/boats/1,200,OK,500 Utilisateurs simultanees 1-497,text,true,,1788,18,18,8
1784745247000,15,GET /api/boats/1,200,OK,500 Utilisateurs simultanees 1-476,text,true,,1788,18,18,15
1784745247247,7,GET /api/articles,200,OK,500 Utilisateurs simultanees 1-485,text,true,,9312,18,18,7
1784745247262,14,GET /api/boats/1,200,OK,500 Utilisateurs simultanees 1-492,text,true,,1788,17,17,14
1784745247387,8,GET /api/articles,200,OK,500 Utilisateurs simultanees 1-461,text,true,,9312,17,17,8
1784745247471,15,GET /api/boats/1,200,OK,500 Utilisateurs simultanees 1-494,text,true,,1788,16,16,15
1784745247534,6,GET /api/articles,200,OK,500 Utilisateurs simultanees 1-467,text,true,,9312,16,16,6
1784745247570,8,GET /api/articles,200,OK,500 Utilisateurs simultanees 1-445,text,true,,9312,15,15,8
1784745247575,20,GET /api/boats/1,200,OK,500 Utilisateurs simultanees 1-499,text,true,,1788,14,14,20
1784745247617,15,GET /api/boats/1,200,OK,500 Utilisateurs simultanees 1-471,text,true,,1788,14,14,15
1784745247697,6,GET /api/articles,200,OK,500 Utilisateurs simultanees 1-495,text,true,,9312,14,14,6
1784745247903,4,GET /api/articles,200,OK,500 Utilisateurs simultanees 1-497,text,true,,9312,13,13,4
1784745247906,14,GET /api/boats/1,200,OK,500 Utilisateurs simultanees 1-491,text,true,,1788,12,12,14
1784745248147,7,GET /api/articles,200,OK,500 Utilisateurs simultanees 1-500,text,true,,9312,12,12,6
1784745248316,4,GET /api/boats/1,200,OK,500 Utilisateurs simultanees 1-496,text,true,,1788,11,11,4
1784745248548,8,GET /api/articles,200,OK,500 Utilisateurs simultanees 1-494,text,true,,9312,11,11,8
1784745248596,8,GET /api/articles,200,OK,500 Utilisateurs simultanees 1-476,text,true,,9312,10,10,8
1784745248683,8,GET /api/articles,200,OK,500 Utilisateurs simultanees 1-492,text,true,,9312,9,9,7
1784745248815,8,GET /api/articles,200,OK,500 Utilisateurs simultanees 1-479,text,true,,9312,8,8,8
1784745248817,10,GET /api/articles,200,OK,500 Utilisateurs simultanees 1-446,text,true,,9312,7,7,10
1784745248874,15,GET /api/boats/1,200,OK,500 Utilisateurs simultanees 1-486,text,true,,1788,6,6,15
1784745249095,7,GET /api/articles,200,OK,500 Utilisateurs simultanees 1-491,text,true,,9312,6,6,7
1784745249473,4,GET /api/articles,200,OK,500 Utilisateurs simultanees 1-499,text,true,,9312,5,5,4
1784745249585,8,GET /api/articles,200,OK,500 Utilisateurs simultanees 1-498,text,true,,9312,4,4,8
1784745249898,6,GET /api/articles,200,OK,500 Utilisateurs simultanees 1-471,text,true,,9312,3,3,6
1784745250391,3,GET /api/articles,200,OK,500 Utilisateurs simultanees 1-496,text,true,,9312,2,2,2
1784745250862,6,GET /api/articles,200,OK,500 Utilisateurs simultanees 1-486,text,true,,9312,1,1,6
